Workbook
Name DATA1: #REF!
Name DATA10: #REF!
Name DATA11: #REF!
Name DATA12: #REF!
Name DATA13: #REF!
Name DATA14: #REF!
Name DATA15: #REF!
Name DATA16: #REF!
Name DATA17: #REF!
Name DATA18: #REF!
Name DATA19: #REF!
Name DATA2: #REF!
Name DATA20: #REF!
Name DATA21: #REF!
Name DATA22: #REF!
Name DATA23: #REF!
Name DATA24: #REF!
Name DATA25: #REF!
Name DATA26: #REF!
Name DATA27: #REF!
Name DATA28: #REF!
Name DATA29: #REF!
Name DATA3: #REF!
Name DATA30: #REF!
Name DATA31: #REF!
Name DATA32: #REF!
Name DATA33: #REF!
Name DATA34: #REF!
Name DATA35: #REF!
Name DATA36: #REF!
Name DATA37: #REF!
Name DATA38: #REF!
Name DATA39: #REF!
Name DATA4: #REF!
Name DATA40: #REF!
Name DATA41: #REF!
Name DATA42: #REF!
Name DATA43: #REF!
Name DATA44: #REF!
Name DATA45: #REF!
Name DATA46: #REF!
Name DATA47: #REF!
Name DATA48: #REF!
Name DATA49: #REF!
Name DATA5: #REF!
Name DATA50: #REF!
Name DATA51: #REF!
Name DATA52: #REF!
Name DATA53: #REF!
Name DATA54: #REF!
Name DATA55: #REF!
Name DATA6: #REF!
Name DATA7: #REF!
Name DATA8: #REF!
Name DATA9: #REF!
Name TEST1: #REF!
Name TEST10: #REF!
Name TEST11: #REF!
Name TEST2: #REF!
Name TEST3: #REF!

Sheet 表紙
A1: AMI-Q411 ver.340 | F1: 滅菌対象品一覧 | R1: 品質保証G
A5: 【目的】
A6: 本文書は、朝日インテック株式会社の医療機器で無菌性および製品性能保証される最大滅菌回数を示すものである。
A7: 製品ごとの情報は、3ページ目記載のリストを参照すること。なお各製品の文書に記載されてある有効長、製品外径、製品内径は、
A8: 滅菌品のワーストサンプルを選択する際に用いる参考情報である。
A9: 朝日インテックで実施される無菌試験、バイオバーデン試験およびエンドトキシン試験は下記に従い分類される。
A10: また、エアレーションファミリーも下記に従い分類される。
A12: 無菌試験及びバイオバーデン試験ファミリー | M12: エンドトキシン試験ファミリー
A13: # | B13: 区分 | M13: # | N13: 区分
A14: A | B14: AG | M14: A | N14: AG
A15: B | B15: AGH | M15: B | N15: AGH
A16: C | B16: AGP | M16: C | N16: AGP
A17: D | B17: Jacket | M17: D | N17: Jacket
A18: E | B18: プラスチックガイドワイヤ | M18: E | N18: プラスチックガイドワイヤ
A19: F | B19: カテーテル1 （ガイディングカテーテルヒアルロン酸コート） | M19: F | N19: カテーテル1 （ガイディングカテーテルヒアルロン酸コート）
A20: G | B20: カテーテル2 （ガイディングカテーテルヒアルロン酸コートなし/ 血管造影用カテーテル(CAGカテーテル)） | M20: G | N20: カテーテル2 （ガイディングカテーテルヒアルロン酸コートなし/ 血管造影用カテーテル(CAGカテーテル)）
A21: H | B21: マイクロカテーテル （マイクロカテーテル/貫通カテーテル） | M21: H | N21: マイクロカテーテル （マイクロカテーテル/貫通カテーテル）
A22: I | B22: バルーンカテーテル（RXタイプ） | M22: I | N22: バルーンカテーテル（RXタイプ）
A23: J | B23: バルーンカテーテル（OTWタイプ） | M23: J | N23: バルーンカテーテル（OTWタイプ）
A24: K | B24: Micro catheter accessory | M24: K | N24: Micro catheter accessory
... A29: P | B29: Torque device | M29: P | N29: AIMNGTOME
M30: Q | N30: Torque device
A32: エアレーションファミリー | M32: 微粒汚染ファミリー
A33: # | B33: 区分 | M33: # | N33: 区分
A34: ① | B34: Guide wire, circular type | M34: A | N34: Guide wire
A35: ② | B35: Non balloon catheter, Straight type | M35: B | N35: Non balloon catheter (CatheterⅠ/Micro Catheter)
A36: ③ | B36: Non balloon catheter, Circular type | M36: C | N36: Non balloon catheter (CatheterⅡ)
A37: ④ | B37: Tornus Catheter | M37: D | N37: SASUKE
A38: ⑤ | B38: Balloon Catheter, Circular type （50℃×300min sterilization） | M38: E | N38: Accessory
A39: ⑥ | B39: Balloon Catheter, Circular type （43 ℃×360min sterilization）
A40: ⑦ | B40: Balloon Catheter, Straight type （50℃×300min sterilization）
A41: ⑧ | B41: Balloon Catheter, Straight type （43 ℃×360min sterilization）
A42: ⑨ | B42: Accessories and Oter Items （50℃×300min sterilization）
A43: ⑩ | B43: Accessories and Oter Items （50℃×2000min sterilization）
A44: ⑪ | B44: Endoscopy device（Tornus ES）
A45: ⑫ | B45: Endoscopy device（AIMINGTOME）
A46: ⑬ | B46: Endoscopy device（Endoligar）
A49: 【改訂履歴】
A50: Ver. | C50: 改訂年月日 | G50: 改定内容
A51: 338 | C51: 46029 | G51: ・変更提案№AMW-Q02050130(#53947)に伴い、MDR製品にＴＦＣ C号機追加（2131014, 2131015, 2131021, 2131023, 2131024, 2131026, 2131027, 2131029, 2131031, 2131033, 2131035, 2131037, 2131052, 2131054, 2131056, 2131058, 2131076, 2131077, 2131080,～2131083, 2131110, 2131111, 2131114, 2131115, 2331087) 引用文書：滅菌バリレポート AMD-Q251593, 滅菌回数に関するレポート AMD-Q250314 品質連絡書：AMC-C250409（承認取得連絡）
G52: ・変更提案№AMW-Q02050132(#53971)に伴い、MDR製品にＴＦＣ C号機追加（2331039～2331042, 2331088, 2331092, 2331094, 2331096, 2331100, 2331102) 引用文書：滅菌バリレポート AMD-Q251593, 滅菌回数に関するレポート AMD-Q250314 品質連絡書：AMC-C250618（承認取得連絡）
G53: ・変更提案№AMW-Q20250476(#60608)に伴い、中国向けCorsair、 ＰＷ SOFT図番削除（12D1001、12D1002、1641025～1641034）
G54: ・変更提案№AMW-Q20250506(#61169)に伴い、US向けＶeoute、Ｔellusスワンネック形状の図番追加（2541117～2541128） 引用文書：滅菌バリレポートAMD-Q250897,AMD-Q250898, AMD-Q250899, AMD-Q250900 製品評価レポート AMD-DA41681680
A55: 339 | C55: 46058 | G55: ・変更提案＃53971の対象製品から、Fielder XT-A（APW14R009S、APW14R309S）, Fielder XT-R（APW14R005S、APW14R305S）がMDR認証取得までに時間を有することから、変更の対象外となった。 そのため、ver.338にて改訂した内容（chambert C 適用追加）を訂正する。（2331039, 2331040, 2331041, 2331042) なお、ver.338はver.339と文書公開日を同日で行うため、ver.388は公開されず、即日旧文書化が行われる。 そのため、ver.338は実業務では使用されなかった。
A56: 340 | C56: 承認日とする | G56: 表記内容の見直しによる、滅菌対象品一覧を拠点と製品シリーズごとに分割。
A63: Ver | C63: 改訂年月日 | G63: 記 事
A64: 1 | C64: 42510 | G64: CAPANo. CA-15003-AMD-Q150255-AR11-/Mi-01の対策として新規制定。
A65: 2 | C65: 42545 | G65: ・AMW-Q161087に基づき、アイテム削除。(Sizing Catheter 1421501,1421503,1421504)
A66: 3 | C66: 42570 | G66: ・AMW-Q161088に基づき、アイテム削除。(ガデリウス向け脳腹CAG)
A67: 4 | C67: 42642 | G67: ・AMW-Q161153に基づき、図面目録削除。(Hyperion6Fr) (Ver.3 59/77頁 131F201～131F206, 131F210～131F214)
G68: ・AMW-Q161137に基づき、図面目録削除。(Hyperion7Fr) (Ver.3 40/77頁 1411102～1411111、58/77頁 131F101～131F103, 131F115～131F122、58,59/77頁 131F126～131F142)
A69: 5 | C69: 42650 | G69: タイ、ハノイの対象品の追加。最大滅菌回数の追加。(全面改訂のため、滅菌回数記載については色掛けしない。） アイテムの追加と廃止図番の削除。Product List#を番号順に並び替え。Product Information修正。
A70: 6 | C70: 42657 | G70: ・滅菌回数記載の追記。(09D1001, 09D1002）
G71: ・AAR-DM392504に基づき滅菌回数記載訂正。(1641013～1641024)
G72: ・AAR-DM3846018に基づき滅菌回数記載訂正。(16A1001～16A1006)
G73: ・AMR-DS392715に基づき滅菌回数記載訂正。(15D1011, 15D1012)
G74: ・AMW-Q151172, AMW-Q151170に基づき滅菌回数記載訂正。(15A1003～15A1010)
G75: ・AMR-DS373017に基づきアイテム追加。(15D1024, 15D1025)
A76: 7 | C76: 42710 | G76: ・変更提案書AMW-Q161198-1に伴い[Fielder XT-A, Fielder XT-R CE向け] 目録書追加。(1631074～1631077) AMD-DG090145, AMD-DG111337, AMD-DG111338, AMD-DG111339
G77: ・[ASAHI Meister 16 US] 追加。(1631078～1631086) AAD-DG3708125, AAD-DG103644-E, AAD-DG370724-E, AAD-DG103688-E
G78: ・[Masters Parkway SOFT 中国] (変更提案書AMW-Q16118) 目録書の追加と削除。 （追加：1641025～1641034、削除：12A1043～12A1047) AMD-DM1104210-E
G79: ・AXESS滅菌回数AIT-D, AIT-Eを×に訂正。(1211101～1211104, 131F145)
G80: ・Catalog Code 訂正。（PHW14R301P CE→PHW18R101S CE) (1631026)
G81: ・Catalog Code にJ-sales追記。(1451013～1451041の色掛けアイテム, 15D1006, 15D1007)
G82: ・Catalog Code 訂正。（AIN-CHI-200→AIN-CKI-200) (0951012)
G83: ・Product Information 訂正。（SHEATHLESS→ZENYTE) (09H1033～09H1287の色掛け部分）
A84: 8 | C84: 42745 | G84: ・[ASAHI CHIKAI black 14 soft tip] 追加。(1631050) 引用文書：AMD-DG113144, AAD-DG384139, AMD-DG372028, AAD-DG384138
G85: ・[ASAHI Corsair Pro CE] 追加。(15D1021, 15D1022) 引用文書：AMD-Q140822
G86: ・[ASAHI SUOH03 CE向け、US向け] 追加。(1631051～1631058) 引用文書：AMD-DG114161, AMD-DG114162, AMD-DG114163, AMD-DG114164, AMD-DG114165, AMD-DG114166
G87: ・Catalog Code 訂正。（CSR150-26N→CSW135-26N, 08D1003)（CSR150-26N→CSW150-26N, 08D1004) （CSW135-26N AB→CSW135-26N US2, 09D1001)（CSW150-26N AB→CSW150-26N US2, 09D1002) （CSW150-26N CN→CSW135-26N CN, 12D1001)（CSW150-26N CHINA→CSW150-26N CN, 12D1002)
G88: ・Product Information 訂正。（MC→PLGW, 661002, 661003)
G89: ・Product Information 訂正。（PTCA→SHAPING DEVICE, 1131001)
G90: ・滅菌回数の誤記訂正。（1456011～1456016, 1556103～1556111, 1556130, 1556131。Seto, AIT ABC,D を訂正。)
G91: ・滅菌回数の誤記訂正。（1551008～1551025, 1556030～1556033。AIH AB,Cを訂正。)
G92: ・滅菌回数の誤記訂正。（1556018～1556020, 1556112～1556119。Seto, AIT ABC,D,AIH AB,C訂正。)
G93: ・Catalog Code 訂正。（KR追加。 1556103～1556131色掛け部)
G94: ・目録書廃止に伴い削除。（1151001, 1151002, 1151008, 1151013, 1151015)
A95: 9 | C95: 42754 | G95: ・【目的】【言葉の定義】の追加。寸法規格追加。(Length, O.D., I.D.)
G96: ・目録書廃止に伴い削除。（1051014～1051030)
G97: ・Product List 誤記訂正。(1651005→1651004、1651006→1651005)
A98: 10 | C98: 42772 | G98: ・Length誤記訂正。（Snare 171013～171016, 0971001)
A99: 11 | C99: 42797 | G99: ・変更提案書AMW-Q161226に伴い中国向けｶﾀﾛｸﾞｺｰﾄﾞ仕向け先表記変更。(1466001～1466021)
G100: ・中国向けｶﾀﾛｸﾞｺｰﾄﾞ仕向け先表記変更。(1036062～1036069, 1236001～1236011, 13A1001～13A1008, 1436196～1436199, 1456043～1456050) (変更提案書AMW-Q161026)
G101: ・中国向けｶﾀﾛｸﾞｺｰﾄﾞ仕向け先表記変更。(1236016, 1236018, 1236019)(変更提案書AMW-Q161083)
G102: ・中国向けｶﾀﾛｸﾞｺｰﾄﾞ仕向け先表記変更。(1136431～1136434, 1436288～1436305)(変更提案書AMW-Q161139)
G103: ・中国向けｶﾀﾛｸﾞｺｰﾄﾞ仕向け先表記変更。(0956007～0956012, 1356017～1356020)(変更提案書AMW-Q161124)
A104: 12 | C104: 42811 | G104: ・変更提案書AMW-Q171036、検証報告書AMD-DS3732251に伴い滅菌回数の変更。 (AIT A,B,C 1回→3回、15D1005～15D1008, 1641002～1641005)
A105: 13 | C105: 42825 | G105: ・変更提案書AMW-Q161232に伴い中国向けｶﾀﾛｸﾞｺｰﾄﾞ仕向け先表記変更。(1236036～1236048、1336013)
G106: ・変更提案書AMW-Q161233に伴い中国向けｶﾀﾛｸﾞｺｰﾄﾞ仕向け先表記変更。(1236034)
G107: ・SD-210U-25E (171003)追加。AMD-Q98703に基づく。
A108: 14 | C108: 42839 | G108: ・変更提案書AMW-Q171052に伴いAbbott EU向けTornus目録削除。(07D1003, 07D1004)
G109: ・変更提案書AMW-Q161210に伴いCHIKAI black 300cm目録削除。(1251004, 1251005, 1456035～1456038)
A110: 15 | C110: 42850 | G110: ・CAPA(CA-16008-AMD-Q16A211-Mi021)による改訂。バイオバーデン試験手順書とリンクさせるため、Product informationのPTCA, IVRにコート分類を追記。バルーンカテーテルにRX, OTWを追加。
G111: ・Hyperion カタログコードに"JP"を追記。
A112: 16 | C112: 42865 | G112: ・変更提案書AMW-Q171072に伴い目録追加。(1731007～1731009, 1731012～1731014) Catalog Code仕向け先韓国向け表記追加。(1556097～1556100) 引用文書：AMD-DG0807211-E, AMD-DG1003137-E, AAD-DG3709105, AAD-DG372058, AAD-DG1127124
A113: 17 | C113: 42872 | G113: ・変更提案書AMW-Q171079に伴い目録削除。(0891032～0891045)
A114: 18 | C114: 42888 | G114: ・変更提案書AMW-Q141097に伴いタイ滅菌A・B・D号機1回追加。(1311301～1311313, 1311434～1311468, 1311534～1311568、13G1201、13G1205, 13G1207, 13G1209, 13G1213, 13G1215, 13G1217) ・変更提案書AMW-Q141097に伴い目録削除。(09G1218, 09G1226, 09G1234, 13G1202, 13G1210, 13G1218)
G115: ・目録追加。(1311145)
G116: ・Caravel（国内向け）ハノイ滅菌A・B・C号機1回追加。(13D1001, 13D1002) 引用文書：VAL1612014-2[V1], VAL1612014-3[V1]
G117: ・Caravel MC タイ滅菌A・B号機1回を3回に変更。(14A1053, 14A1054) 引用文書：AMD-DS391971
...

Sheet リスト
A1: =[1]表紙!A1 -> AMI-Q411 ver.340 | B1: 滅菌対象品一覧 | E1: 品質保証G
A3: 文書番号リスト
A4: 製品シリーズ | B4: 対象拠点
B5: Seto | C5: AITM | D5: AIHM | E5: TFCM
A6: SION series | B6: AMI-Q411-S001 | D6: AMI-Q411-H001 | E6: AMI-Q411-C001
A7: Gaia series | D7: AMI-Q411-H002 | E7: AMI-Q411-C002
A8: Fielder series | D8: AMI-Q411-H003 | E8: AMI-Q411-C003
A9: Gladius and Halberd | D9: AMI-Q411-H004 | E9: AMI-Q411-C004
A10: Crosslead
A11: MINAMO series
A12: CHIKAI series | D12: AMI-Q411-H007 | E12: AMI-Q411-C007
A13: CELLHAWK
A14: CROSSLOOP | D14: AMI-Q411-H009
A15: Penetration catheter | D15: AMI-Q411-H010
A16: Microcatheter | D16: AMI-Q411-H011
A17: Hyperion | D17: AMI-Q411-H012
A18: Hyperion SheathLess
A19: FUBUKI | D19: AMI-Q411-H014
A20: Branchor series
A21: Kamui series | D21: AMI-Q411-H016
A22: SASUKE
A23: Endoscopy Guidewire | D23: AMI-Q411-H018
A24: Endoscopy Devices | D24: AMI-Q411-H019
A25: SP Guidewire | D25: AMI-Q411-H020
A26: CAG | D26: AMI-Q411-H021
A27: PL Guidewire | D27: AMI-Q411-H022
A28: Other Guidewire(AG) | D28: AMI-Q411-H101 | E28: AMI-Q411-C101
A29: Other Guidewire(AGH) | D29: AMI-Q411-H102 | E29: AMI-Q411-C102
A30: Other Guidewire(AGP) | D30: AMI-Q411-H103 | E30: AMI-Q411-C103
A31: Other Guidewire(Jacket) | D31: AMI-Q411-H104 | E31: AMI-Q411-C104
A32: Other Guiding catheter
A33: Other Balloon catheter
A34: GW | C34: AMI-Q411-T101
A35: Catheter | C35: AMI-Q411-T102
A36: Penetration catheter | C36: AMI-Q411-T103
A37: Micro catheter | C37: AMI-Q411-T104
A38: Balloon catheter | C38: AMI-Q411-T105
A39: The Others | C39: AMI-Q411-T107 | D39: AMI-Q411-H107
A40: Filmecc | C40: AMI-Q411-T108 | D40: AMI-Q411-H108 | E40: AMI-Q411-H108

Sheet ALL
B1: AMI-Q411 ver.340 | C1: 滅菌対象品一覧AIHM(SION series) | S1: 品質保証G
B4: 製品名 | C4: Product Information | D4: 図番 | E4: カタログコード | F4: 仕向け先 | G4: Chamber | K4: 滅菌ファミリー | L4: 滅菌条件 | M4: 無菌試験 ファミリー | N4: バイオバーデン ファミリー | O4: ｴﾝﾄﾞﾄｷｼﾝ試験 ファミリー | P4: エアレーション ファミリー | Q4: 微粒汚染 ファミリー | R4: Length [mm] | S4: O.D.[mm] (Shaft or core) | T4: I.D. [mm] (Shaft) | U4: 滅菌バリデーション | V4: 製品評価レポート | W4: 薬事承認書 | X4: 変更提案、品質関連連絡書 | Z4: No | AA4: Group
G5: A | H5: B | I5: C | J5: D
A7: =D7&E7 -> 1036068AHW14R001S CN (use Tyvek) | B7: ASAHI PTCA Guide Wire ASAHI SION 180cm | C7: PTCA(AGH) | D7: 1036068 | E7: AHW14R001S CN (use Tyvek) | F7: CHINA | G7: 2 | H7: 2 | I7: 2 | J7: 2 | K7: Guide wire circular type | L7: 50°C, 300 minutes Sterilization | M7: B | N7: B | O7: B | P7: ① | Q7: N/A | R7: 1817 | S7: 0.36 | T7: NA | Z7: 1 | AA7: H001
A8: =D8&E8 -> 1036068AHW14R001S CN (use PS-55) | B8: ASAHI PTCA Guide Wire ASAHI SION 180cm | C8: PTCA(AGH) | D8: 1036068 | E8: AHW14R001S CN (use PS-55) | F8: CHINA | G8: 2 | H8: 2 | I8: 2 | J8: 2 | K8: Guide wire circular type | L8: 50°C, 300 minutes Sterilization | M8: B | N8: B | O8: B | P8: ① | Q8: N/A | R8: 1817 | S8: 0.36 | T8: NA | U8: VAL2308011-21 | X8: AMW-Q20230289(#37671) | Z8: 2 | AA8: H001
A9: =D9&E9 -> 1036069AHW14R301S CN | B9: ASAHI PTCA Guide Wire ASAHI SION 300cm | C9: PTCA(AGH) | D9: 1036069 | E9: AHW14R301S CN | F9: CHINA | G9: 2 | H9: 2 | I9: 2 | J9: 2 | K9: Guide wire circular type | L9: 50°C, 300 minutes Sterilization | M9: B | N9: B | O9: B | P9: ① | Q9: N/A | R9: 3037 | S9: 0.36 | T9: NA | Z9: 3 | AA9: H001
A10: =D10&E10 -> 1436196AHW14R004S CN (use Tyvek) | B10: ASAHI PTCA Guide Wire ASAHI SION blue 180cm | C10: PTCA(AGH) | D10: 1436196 | E10: AHW14R004S CN (use Tyvek) | F10: CHINA | G10: 3 | H10: 3 | I10: 2 | J10: 2 | K10: Guide wire circular type | L10: 50°C, 300 minutes Sterilization | M10: B | N10: B | O10: B | P10: ① | Q10: N/A | R10: 1810 | S10: 0.36 | T10: NA | U10: VA0223-01, VA0226-01 | Z10: 4 | AA10: H001
A11: =D11&E11 -> 1436196AHW14R004S CN (use PS-55) | B11: ASAHI PTCA Guide Wire ASAHI SION blue 180cm | C11: PTCA(AGH) | D11: 1436196 | E11: AHW14R004S CN (use PS-55) | F11: CHINA | G11: 2 | H11: 2 | I11: × | J11: × | K11: Guide wire circular type | L11: 50°C, 300 minutes Sterilization | M11: B | N11: B | O11: B | P11: ① | Q11: N/A | R11: 1810 | S11: 0.36 | T11: NA | U11: VAL2308011-21 | X11: AMW-Q20230289(#37671) | Z11: 5 | AA11: H001
A12: =D12&E12 -> 1436197AHW14R304S CN | B12: ASAHI PTCA Guide Wire ASAHI SION blue 300cm | C12: PTCA(AGH) | D12: 1436197 | E12: AHW14R304S CN | F12: CHINA | G12: 3 | H12: 3 | I12: 2 | J12: 2 | K12: Guide wire circular type | L12: 50°C, 300 minutes Sterilization | M12: B | N12: B | O12: B | P12: ① | Q12: N/A | R12: 3030 | S12: 0.36 | T12: NA | U12: VA0223-01, VA0226-01 | Z12: 6 | AA12: H001
A13: =D13&E13 -> 1436198AHW14R004J CN | B13: ASAHI PTCA Guide Wire ASAHI SION blue 180cm J | C13: PTCA(AGH) | D13: 1436198 | E13: AHW14R004J CN | F13: CHINA | G13: 3 | H13: 3 | I13: 2 | J13: 2 | K13: Guide wire circular type | L13: 50°C, 300 minutes Sterilization | M13: B | N13: B | O13: B | P13: ① | Q13: N/A | R13: 1810 | S13: 0.36 | T13: NA | U13: VA0223-01, VA0226-01 | Z13: 7 | AA13: H001
A14: =D14&E14 -> 1436199AHW14R304J CN | B14: ASAHI PTCA Guide Wire ASAHI SION blue 300cm J | C14: PTCA(AGH) | D14: 1436199 | E14: AHW14R304J CN | F14: CHINA | G14: 3 | H14: 3 | I14: 2 | J14: 2 | K14: Guide wire circular type | L14: 50°C, 300 minutes Sterilization | M14: B | N14: B | O14: B | P14: ① | Q14: N/A | R14: 3030 | S14: 0.36 | T14: NA | U14: VA0223-01, VA0226-01 | Z14: 8 | AA14: H001
A15: =D15&E15 -> 1436300APW14R010P CN | B15: ASAHI PTCA Guide Wire ASAHI SION black Pre-shpe 190cm | C15: PTCA(AGP) | D15: 1436300 | E15: APW14R010P CN | F15: CHINA | G15: 2 | H15: 2 | I15: 2 | J15: 2 | K15: Guide wire circular type | L15: 50°C, 300 minutes Sterilization | M15: C | N15: C | O15: C | P15: ① | Q15: N/A | R15: 1910 | S15: 0.35 | T15: NA | Z15: 9 | AA15: H001
A16: =D16&E16 -> 1436301APW14R310P CN | B16: ASAHI PTCA Guide Wire ASAHI SION black Pre-shpe 300cm | C16: PTCA(AGP) | D16: 1436301 | E16: APW14R310P CN | F16: CHINA | G16: 2 | H16: 2 | I16: 2 | J16: 2 | K16: Guide wire circular type | L16: 50°C, 300 minutes Sterilization | M16: C | N16: C | O16: C | P16: ① | Q16: N/A | R16: 3020 | S16: 0.35 | T16: NA | Z16: 10 | AA16: H001
A17: =D17&E17 -> 1436302APW14R010S CN | B17: ASAHI PTCA Guide Wire ASAHI SION black Straight 190cm | C17: PTCA(AGP) | D17: 1436302 | E17: APW14R010S CN | F17: CHINA | G17: 2 | H17: 2 | I17: 2 | J17: 2 | K17: Guide wire circular type | L17: 50°C, 300 minutes Sterilization | M17: C | N17: C | O17: C | P17: ① | Q17: N/A | R17: 1910 | S17: 0.35 | T17: NA | Z17: 11 | AA17: H001
A18: =D18&E18 -> 1436303APW14R310S CN | B18: ASAHI PTCA Guide Wire ASAHI SION black Straight 300cm | C18: PTCA(AGP) | D18: 1436303 | E18: APW14R310S CN | F18: CHINA | G18: 2 | H18: 2 | I18: 2 | J18: 2 | K18: Guide wire circular type | L18: 50°C, 300 minutes Sterilization | M18: C | N18: C | O18: C | P18: ① | Q18: N/A | R18: 3020 | S18: 0.35 | T18: NA | Z18: 12 | AA18: H001
A19: =D19&E19 -> 1436304APW14R010J CN | B19: ASAHI PTCA Guide Wire ASAHI SION black 190cm J | C19: PTCA(AGP) | D19: 1436304 | E19: APW14R010J CN | F19: CHINA | G19: 2 | H19: 2 | I19: 2 | J19: 2 | K19: Guide wire circular type | L19: 50°C, 300 minutes Sterilization | M19: C | N19: C | O19: C | P19: ① | Q19: N/A | R19: 1910 | S19: 0.35 | T19: NA | Z19: 13 | AA19: H001
A20: =D20&E20 -> 1436305APW14R310J CN | B20: ASAHI PTCA Guide Wire ASAHI SION black 300cm J | C20: PTCA(AGP) | D20: 1436305 | E20: APW14R310J CN | F20: CHINA | G20: 2 | H20: 2 | I20: 2 | J20: 2 | K20: Guide wire circular type | L20: 50°C, 300 minutes Sterilization | M20: C | N20: C | O20: C | P20: ① | Q20: N/A | R20: 3020 | S20: 0.35 | T20: NA | Z20: 14 | AA20: H001
A21: =D21&E21 -> 1536015APW14R010S KR | B21: ASAHI PTCA Guide Wire ASAHI SION black STRAIGHT | C21: PTCA(AGP) | D21: 1536015 | E21: APW14R010S KR | F21: KR | G21: 2 | H21: 2 | I21: 2 | J21: 2 | K21: Guide wire circular type | L21: 50°C, 300 minutes Sterilization | M21: C | N21: C | O21: C | P21: ① | Q21: N/A | R21: 1910 | S21: 0.35 | T21: NA | Z21: 15 | AA21: H001
A22: =D22&E22 -> 1536016APW14R310S KR | B22: ASAHI PTCA Guide Wire ASAHI SION black STRAIGHT 300cm | C22: PTCA(AGP) | D22: 1536016 | E22: APW14R310S KR | F22: KR | G22: 2 | H22: 2 | I22: 2 | J22: 2 | K22: Guide wire circular type | L22: 50°C, 300 minutes Sterilization | M22: C | N22: C | O22: C | P22: ① | Q22: N/A | R22: 3020 | S22: 0.35 | T22: NA | Z22: 16 | AA22: H001
A23: =D23&E23 -> 1536017APW14R010P KR | B23: ASAHI PTCA Guide Wire ASAHI SION black pre-shape | C23: PTCA(AGP) | D23: 1536017 | E23: APW14R010P KR | F23: KR | G23: 2 | H23: 2 | I23: 2 | J23: 2 | K23: Guide wire circular type | L23: 50°C, 300 minutes Sterilization | M23: C | N23: C | O23: C | P23: ① | Q23: N/A | R23: 1910 | S23: 0.35 | T23: NA | Z23: 17 | AA23: H001
A24: =D24&E24 -> 1536018APW14R310P KR | B24: ASAHI PTCA Guide Wire ASAHI SION black pre-shape 300cm | C24: PTCA(AGP) | D24: 1536018 | E24: APW14R310P KR | F24: KR | G24: 2 | H24: 2 | I24: 2 | J24: 2 | K24: Guide wire circular type | L24: 50°C, 300 minutes Sterilization | M24: C | N24: C | O24: C | P24: ① | Q24: N/A | R24: 3020 | S24: 0.35 | T24: NA | Z24: 18 | AA24: H001
A25: =D25&E25 -> 1536019APW14R010J KR | B25: ASAHI PTCA Guide Wire ASAHI SION black J | C25: PTCA(AGP) | D25: 1536019 | E25: APW14R010J KR | F25: KR | G25: 2 | H25: 2 | I25: 2 | J25: 2 | K25: Guide wire circular type | L25: 50°C, 300 minutes Sterilization | M25: C | N25: C | O25: C | P25: ① | Q25: N/A | R25: 1910 | S25: 0.35 | T25: NA | Z25: 19 | AA25: H001
A26: =D26&E26 -> 1536020APW14R310J KR | B26: ASAHI PTCA Guide Wire ASAHI SION black 300cm J | C26: PTCA(AGP) | D26: 1536020 | E26: APW14R310J KR | F26: KR | G26: 2 | H26: 2 | I26: 2 | J26: 2 | K26: Guide wire circular type | L26: 50°C, 300 minutes Sterilization | M26: C | N26: C | O26: C | P26: ① | Q26: N/A | R26: 3020 | S26: 0.35 | T26: NA | Z26: 20 | AA26: H001
... A34: =D34&E34 -> 1536095AHW14R304J KR | B34: ASAHI PTCA Guide Wire ASAHI SION blue 300cm J | C34: PTCA(AGH) | D34: 1536095 | E34: AHW14R304J KR | F34: KR | G34: 3 | H34: 3 | I34: 2 | J34: 2 | K34: Guide wire circular type | L34: 50°C, 300 minutes Sterilization | M34: B | N34: B | O34: B | P34: ① | Q34: N/A | R34: 3030 | S34: 0.36 | T34: NA | Z34: 28 | AA34: H001
A35: =D35&E35 -> 1731115AHW14R001S US | B35: ASAHI PTCA Guide Wire ASAHI SION 180cm | C35: PTCA(AGH) | D35: 1731115 | E35: AHW14R001S US | F35: US | G35: 2 | H35: 2 | I35: 2 | J35: 2 | K35: Guide wire circular type | L35: 50°C, 300 minutes Sterilization | M35: B | N35: B | O35: B | P35: ① | Q35: N/A | R35: 1817 | S35: 0.36 | T35: NA | U35: VAL2003002-2、VAL2008008-21 | Z35: 29 | AA35: H001
A36: =D36&E36 -> 1731116AHW14R301S US | B36: ASAHI PTCA Guide Wire ASAHI SION 300cm | C36: PTCA(AGH) | D36: 1731116 | E36: AHW14R301S US | F36: US | G36: 2 | H36: 2 | I36: 2 | J36: 2 | K36: Guide wire circular type | L36: 50°C, 300 minutes Sterilization | M36: B | N36: B | O36: B | P36: ① | Q36: N/A | R36: 3037 | S36: 0.36 | T36: NA | U36: VAL2003002-2、VAL2008008-21 | Z36: 30 | AA36: H001
A37: =D37&E37 -> 1731147AHW14R001J US | B37: ASAHI PTCA Guide Wire ASAHI SION 180cm J | C37: PTCA(AGH) | D37: 1731147 | E37: AHW14R001J US | F37: US | G37: 2 | H37: 2 | I37: 2 | J37: 2 | K37: Guide wire circular type | L37: 50°C, 300 minutes Sterilization | M37: B | N37: B | O37: B | P37: ① | Q37: N/A | R37: 1817 | S37: 0.36 | T37: NA | U37: VAL2003002-2、VAL2008008-21 | Z37: 31 | AA37: H001
A38: =D38&E38 -> 1731148AHW14R301J US | B38: ASAHI PTCA Guide Wire ASAHI SION 300cm J | C38: PTCA(AGH) | D38: 1731148 | E38: AHW14R301J US | F38: US | G38: 2 | H38: 2 | I38: 2 | J38: 2 | K38: Guide wire circular type | L38: 50°C, 300 minutes Sterilization | M38: B | N38: B | O38: B | P38: ① | Q38: N/A | R38: 3037 | S38: 0.36 | T38: NA | U38: VAL2003002-2、VAL2008008-21 | Z38: 32 | AA38: H001
A39: =D39&E39 -> 1731149AHW14R004S US | B39: ASAHI PTCA Guide Wire ASAHI SION blue 180cm | C39: PTCA(AGH) | D39: 1731149 | E39: AHW14R004S US | F39: US | G39: 3 | H39: 3 | I39: 2 | J39: 2 | K39: Guide wire circular type | L39: 50°C, 300 minutes Sterilization | M39: B | N39: B | O39: B | P39: ① | Q39: N/A | R39: 1810 | S39: 0.36 | T39: NA | U39: VAL2003002-2、VAL2008008-21 | Z39: 33 | AA39: H001
A40: =D40&E40 -> 1731150AHW14R004J US | B40: ASAHI PTCA Guide Wire ASAHI SION blue 180cm J | C40: PTCA(AGH) | D40: 1731150 | E40: AHW14R004J US | F40: US | G40: 3 | H40: 3 | I40: 2 | J40: 2 | K40: Guide wire circular type | L40: 50°C, 300 minutes Sterilization | M40: B | N40: B | O40: B | P40: ① | Q40: N/A | R40: 1810 | S40: 0.36 | T40: NA | U40: VAL2003002-2、VAL2008008-21 | Z40: 34 | AA40: H001
A41: =D41&E41 -> 1731151AHW14R304S US | B41: ASAHI PTCA Guide Wire ASAHI SION blue 300cm | C41: PTCA(AGH) | D41: 1731151 | E41: AHW14R304S US | F41: US | G41: 3 | H41: 3 | I41: 2 | J41: 2 | K41: Guide wire circular type | L41: 50°C, 300 minutes Sterilization | M41: B | N41: B | O41: B | P41: ① | Q41: N/A | R41: 3030 | S41: 0.36 | T41: NA | U41: VAL2003002-2、VAL2008008-21 | Z41: 35 | AA41: H001
A42: =D42&E42 -> 1731152AHW14R304J US | B42: ASAHI PTCA Guide Wire ASAHI SION blue 300cm J | C42: PTCA(AGH) | D42: 1731152 | E42: AHW14R304J US | F42: US | G42: 3 | H42: 3 | I42: 2 | J42: 2 | K42: Guide wire circular type | L42: 50°C, 300 minutes Sterilization | M42: B | N42: B | O42: B | P42: ① | Q42: N/A | R42: 3030 | S42: 0.36 | T42: NA | U42: VAL2003002-2、VAL2008008-21 | Z42: 36 | AA42: H001
A43: =D43&E43 -> 1731153APW14R010S US | B43: ASAHI PTCA Guide Wire ASAHI SION black Straight 190cm | C43: PTCA(AGP) | D43: 1731153 | E43: APW14R010S US | F43: US | G43: 2 | H43: 2 | I43: 2 | J43: 2 | K43: Guide wire circular type | L43: 50°C, 300 minutes Sterilization | M43: C | N43: C | O43: C | P43: ① | Q43: N/A | R43: 1910 | S43: 0.35 | T43: NA | U43: VAL2003002-2、VAL2008008-21, AMD-Q220859, AMD-Q230875, TMVAL2302001-2 | V43: AMD-Q240305, AMD-Q240308, AMD-Q240306 | Z43: 37 | AA43: H001
A44: =D44&E44 -> 1731154APW14R310S US | B44: ASAHI PTCA Guide Wire ASAHI SION black Straight 300cm | C44: PTCA(AGP) | D44: 1731154 | E44: APW14R310S US | F44: US | G44: 2 | H44: 2 | I44: 2 | J44: 2 | K44: Guide wire circular type | L44: 50°C, 300 minutes Sterilization | M44: C | N44: C | O44: C | P44: ① | Q44: N/A | R44: 3020 | S44: 0.35 | T44: NA | U44: VAL2003002-2、VAL2008008-21, AMD-Q220859, AMD-Q230875, TMVAL2302001-2 | V44: AMD-Q240305, AMD-Q240308, AMD-Q240306 | Z44: 38 | AA44: H001
A45: =D45&E45 -> 1731155APW14R010P US | B45: ASAHI PTCA Guide Wire ASAHI SION black Pre-shape 190cm | C45: PTCA(AGP) | D45: 1731155 | E45: APW14R010P US | F45: US | G45: 2 | H45: 2 | I45: 2 | J45: 2 | K45: Guide wire circular type | L45: 50°C, 300 minutes Sterilization | M45: C | N45: C | O45: C | P45: ① | Q45: N/A | R45: 1910 | S45: 0.35 | T45: NA | U45: VAL2003002-2、VAL2008008-21, AMD-Q220859, AMD-Q230875, TMVAL2302001-2 | V45: AMD-Q240305, AMD-Q240308, AMD-Q240306 | Z45: 39 | AA45: H001
A46: =D46&E46 -> 1731156APW14R310P US | B46: ASAHI PTCA Guide Wire ASAHI SION black Pre-shape 300cm | C46: PTCA(AGP) | D46: 1731156 | E46: APW14R310P US | F46: US | G46: 2 | H46: 2 | I46: 2 | J46: 2 | K46: Guide wire circular type | L46: 50°C, 300 minutes Sterilization | M46: C | N46: C | O46: C | P46: ① | Q46: N/A | R46: 3020 | S46: 0.35 | T46: NA | U46: VAL2003002-2、VAL2008008-21, AMD-Q220859, AMD-Q230875, TMVAL2302001-2 | V46: AMD-Q240305, AMD-Q240308, AMD-Q240306 | Z46: 40 | AA46: H001
A47: =D47&E47 -> 1731157APW14R010J US | B47: ASAHI PTCA Guide Wire ASAHI SION black 190cm J | C47: PTCA(AGP) | D47: 1731157 | E47: APW14R010J US | F47: US | G47: 2 | H47: 2 | I47: 2 | J47: 2 | K47: Guide wire circular type | L47: 50°C, 300 minutes Sterilization | M47: C | N47: C | O47: C | P47: ① | Q47: N/A | R47: 1910 | S47: 0.35 | T47: NA | U47: VAL2003002-2、VAL2008008-21, AMD-Q220859, AMD-Q230875, TMVAL2302001-2 | V47: AMD-Q240305, AMD-Q240308, AMD-Q240306 | Z47: 41 | AA47: H001
A48: =D48&E48 -> 1731158APW14R310J US | B48: ASAHI PTCA Guide Wire ASAHI SION black 300cm J | C48: PTCA(AGP) | D48: 1731158 | E48: APW14R310J US | F48: US | G48: 2 | H48: 2 | I48: 2 | J48: 2 | K48: Guide wire circular type | L48: 50°C, 300 minutes Sterilization | M48: C | N48: C | O48: C | P48: ① | Q48: N/A | R48: 3020 | S48: 0.35 | T48: NA | U48: VAL2003002-2、VAL2008008-21, AMD-Q220859, AMD-Q230875, TMVAL2302001-2 | V48: AMD-Q240305, AMD-Q240308, AMD-Q240306 | Z48: 42 | AA48: H001
A49: =D49&E49 -> 1831178AH14R104SR JP | B49: ASAHI PTCA Guide Wire ASAHI SION blue 190cm | C49: PTCA(AGH) | D49: 1831178 | E49: AH14R104SR JP | F49: J-sales | G49: 3 | H49: 3 | I49: 3 | J49: 3 | K49: Guide wire circular type | L49: 50°C, 300 minutes Sterilization | M49: B | N49: B | O49: B | P49: ① | Q49: N/A | R49: 1910 | S49: 0.36 | T49: NA | U49: VAL2003002-2、VAL2008008-21, TMVAL2104004-2［V1］、AMD-I210603 | V49: AMD-DA41431031, AMD-Q210326,AMD-Q220850 | W49: AMC-C181530, AMC-C210506 | Z49: 43 | AA49: H001
A50: =D50&E50 -> 1831179AH14R004SR JP | B50: ASAHI PTCA Guide Wire ASAHI SION blue | C50: PTCA(AGH) | D50: 1831179 | E50: AH14R004SR JP | F50: J-sales | G50: 3 | H50: 3 | I50: 3 | J50: 3 | K50: Guide wire circular type | L50: 50°C, 300 minutes Sterilization | M50: B | N50: B | O50: B | P50: ① | Q50: N/A | R50: 1810 | S50: 0.36 | T50: NA | U50: VAL2003002-2、VAL2008008-21, TMVAL2104004-2［V1］、AMD-I210603 | V50: AMD-DA41431032, AMD-Q210326,AMD-Q220850 | W50: AMC-C181530 AMC-C210506 | Z50: 44 | AA50: H001
A51: =D51&E51 -> 1831191AH14R001SR JP | B51: ASAHI PTCA Guide Wire ASAHI SION | C51: PTCA(AGH) | D51: 1831191 | E51: AH14R001SR JP | F51: J-sales | G51: 2 | H51: 2 | I51: 2 | J51: 2 | K51: Guide wire circular type | L51: 50°C, 300 minutes Sterilization | M51: B | N51: B | O51: B | P51: ① | Q51: N/A | R51: 1817 | S51: 0.36 | T51: NA | U51: VAL2003002-2、VAL2008008-21, AMD-Q210854 | V51: AMD-DA41361009, AMD-Q210307 | W51: AMC-C181546 | Z51: 45 | AA51: H001
A52: =D52&E52 -> 1831192AH14R101SR JP | B52: ASAHI PTCA Guide Wire ASAHI SION 190cm | C52: PTCA(AGH) | D52: 1831192 | E52: AH14R101SR JP | F52: J-sales | G52: 2 | H52: 2 | I52: 2 | J52: 2 | K52: Guide wire circular type | L52: 50°C, 300 minutes Sterilization | M52: B | N52: B | O52: B | P52: ① | Q52: N/A | R52: 1917 | S52: 0.36 | T52: NA | U52: VAL2003002-2、VAL2008008-21, AMD-Q210854 | V52: AMD-DA41361009, AMD-Q210307 | W52: AMC-C181546 | Z52: 46 | AA52: H001
A53: =D53&E53 -> 1831194AH14R017SR JP | B53: ASAHI PTCA Guide Wire ASAHI SION blue ES 190cm | C53: PTCA(AGH) | D53: 1831194 | E53: AH14R017SR JP | F53: J-sales | G53: 3 | H53: 3 | I53: 3 | J53: 3 | K53: Guide wire circular type | L53: 50°C, 300 minutes Sterilization | M53: B | N53: B | O53: B | P53: ① | Q53: N/A | R53: 1910 | S53: 0.36 | T53: NA | U53: VAL2003002-2、VAL2008008-21 | V53: AMD-DA41611009 | W53: AMC-C181530 | Z53: 47 | AA53: H001
A54: =D54&E54 -> 1831230AP14R010PR JP | B54: ASAHI PTCA Guide Wire ASAHI SION black pre-shape | C54: PTCA(AGP) | D54: 1831230 | E54: AP14R010PR JP | F54: J-sales | G54: 2 | H54: 2 | I54: 2 | J54: 2 | K54: Guide wire circular type | L54: 50°C, 300 minutes Sterilization | M54: C | N54: C | O54: C | P54: ① | Q54: N/A | R54: 1910 | S54: 0.35 | T54: NA | U54: VAL2003002-2、VAL2008008-21, AMD-Q220859, AMD-Q230875, TMVAL2302001-2 | V54: AMD-DA41441008 AMD-Q240305, AMD-Q240308, AMD-Q240306 | W54: AMC-C181699 | Z54: 48 | AA54: H001
A55: =D55&E55 -> 1831231AP14R310PR JP | B55: ASAHI PTCA Guide Wire ASAHI SION black pre-shape 300cm | C55: PTCA(AGP) | D55: 1831231 | E55: AP14R310PR JP | F55: J-sales | G55: 2 | H55: 2 | I55: 2 | J55: 2 | K55: Guide wire circular type | L55: 50°C, 300 minutes Sterilization | M55: C | N55: C | O55: C | P55: ① | Q55: N/A | R55: 3020 | S55: 0.35 | T55: NA | U55: VAL2003002-2、VAL2008008-21, AMD-Q220859, AMD-Q230875, TMVAL2302001-2 | V55: AMD-DA41441008 AMD-Q240305, AMD-Q240308, AMD-Q240306 | W55: AMC-C181699 | Z55: 49 | AA55: H001
A56: =D56&E56 -> 1831232AP14R010SR JP | B56: ASAHI PTCA Guide Wire ASAHI SION black STRAIGHT | C56: PTCA(AGP) | D56: 1831232 | E56: AP14R010SR JP | F56: J-sales | G56: 2 | H56: 2 | I56: 2 | J56: 2 | K56: Guide wire circular type | L56: 50°C, 300 minutes Sterilization | M56: C | N56: C | O56: C | P56: ① | Q56: N/A | R56: 1910 | S56: 0.35 | T56: NA | U56: VAL2003002-2、VAL2008008-21,AMD-Q220859, AMD-Q230875, TMVAL2302001-2 | V56: AMD-DA41441008 AMD-Q240305, AMD-Q240308, AMD-Q240306 | W56: AMC-C181699 | Z56: 50 | AA56: H001
A57: =D57&E57 -> 1831233AP14R310SR JP | B57: ASAHI PTCA Guide Wire ASAHI SION black STRAIGHT 300cm | C57: PTCA(AGP) | D57: 1831233 | E57: AP14R310SR JP | F57: J-sales | G57: 2 | H57: 2 | I57: 2 | J57: 2 | K57: Guide wire circular type | L57: 50°C, 300 minutes Sterilization | M57: C | N57: C | O57: C | P57: ① | Q57: N/A | R57: 3020 | S57: 0.35 | T57: NA | U57: VAL2003002-2、VAL2008008-21, AMD-Q220859, AMD-Q230875, TMVAL2302001-2 | V57: AMD-DA41441008 AMD-Q240305, AMD-Q240308, AMD-Q240306 | W57: AMC-C181699 | Z57: 51 | AA57: H001
A58: =D58&E58 -> 1931015AHW14R017J KR | B58: ASAHI PTCA Guide Wire ASAHI sion blue ES 190cm J | C58: PTCA(AGH) | D58: 1931015 | E58: AHW14R017J KR | F58: KR | G58: 3 | H58: 3 | I58: 2 | J58: × | K58: Guide wire circular type | L58: 50°C, 300 minutes Sterilization | M58: B | N58: B | O58: B | P58: ① | Q58: N/A | R58: 1910 | S58: 0.36 | T58: NA | V58: AMD-DA41611009 | W58: AMC-C191591 | Z58: 52 | AA58: H001
A59: =D59&E59 -> 1931016AHW14R317J KR | B59: ASAHI PTCA Guide Wire ASAHI sion blue ES 300cm J | C59: PTCA(AGH) | D59: 1931016 | E59: AHW14R317J KR | F59: KR | G59: 3 | H59: 3 | I59: 2 | J59: × | K59: Guide wire circular type | L59: 50°C, 300 minutes Sterilization | M59: B | N59: B | O59: B | P59: ① | Q59: N/A | R59: 3030 | S59: 0.36 | T59: NA | V59: AMD-DA41611009 | W59: AMC-C191591 | Z59: 53 | AA59: H001
A60: =D60&E60 -> 1931017AHW14R017S KR | B60: ASAHI PTCA Guide Wire ASAHI sion blue ES 190cm | C60: PTCA(AGH) | D60: 1931017 | E60: AHW14R017S KR | F60: KR | G60: 3 | H60: 3 | I60: 2 | J60: × | K60: Guide wire circular type | L60: 50°C, 300 minutes Sterilization | M60: B | N60: B | O60: B | P60: ① | Q60: N/A | R60: 1910 | S60: 0.36 | T60: NA | V60: AMD-DA41611009 | W60: AMC-C191591 | Z60: 54 | AA60: H001
A61: =D61&E61 -> 1931018AHW14R317S KR | B61: ASAHI PTCA Guide Wire ASAHI sion blue ES 300cm | C61: PTCA(AGH) | D61: 1931018 | E61: AHW14R317S KR | F61: KR | G61: 3 | H61: 3 | I61: 2 | J61: × | K61: Guide wire circular type | L61: 50°C, 300 minutes Sterilization | M61: B | N61: B | O61: B | P61: ① | Q61: N/A | R61: 3030 | S61: 0.36 | T61: NA | V61: AMD-DA41611009 | W61: AMC-C191591 | Z61: 55 | AA61: H001
A62: =D62&E62 -> 1931024AHW14R304P US | B62: ASAHI PTCA Guide Wire ASAHI SION blue 300cm Pre-shape | C62: PTCA(AGH) | D62: 1931024 | E62: AHW14R304P US | F62: US | G62: 3 | H62: 3 | I62: 2 | J62: 2 | K62: Guide wire circular type | L62: 50°C, 300 minutes Sterilization | M62: B | N62: B | O62: B | P62: ① | Q62: N/A | R62: 3030 | S62: 0.36 | T62: NA | W62: AMC-C191748 | Z62: 56 | AA62: H001
A63: =D63&E63 -> 1931025AHW14R104S US | B63: ASAHI PTCA Guide Wire ASAHI SION blue 190cm | C63: PTCA(AGH) | D63: 1931025 | E63: AHW14R104S US | F63: US | G63: 3 | H63: 3 | I63: 2 | J63: 2 | K63: Guide wire circular type | L63: 50°C, 300 minutes Sterilization | M63: B | N63: B | O63: B | P63: ① | Q63: N/A | R63: 1910 | S63: 0.36 | T63: NA | W63: AMC-C191748 | Z63: 57 | AA63: H001
A64: =D64&E64 -> 1931026AHW14R104J US | B64: ASAHI PTCA Guide Wire ASAHI SION blue 190cm J | C64: PTCA(AGH) | D64: 1931026 | E64: AHW14R104J US | F64: US | G64: 3 | H64: 3 | I64: 2 | J64: 2 | K64: Guide wire circular type | L64: 50°C, 300 minutes Sterilization | M64: B | N64: B | O64: B | P64: ① | Q64: N/A | R64: 1910 | S64: 0.36 | T64: NA | W64: AMC-C191748 | Z64: 58 | AA64: H001
A65: =D65&E65 -> 1931027AHW14R104P US | B65: ASAHI PTCA Guide Wire ASAHI SION blue 190cm Pre-shape | C65: PTCA(AGH) | D65: 1931027 | E65: AHW14R104P US | F65: US | G65: 3 | H65: 3 | I65: 2 | J65: 2 | K65: Guide wire circular type | L65: 50°C, 300 minutes Sterilization | M65: B | N65: B | O65: B | P65: ① | Q65: N/A | R65: 1910 | S65: 0.36 | T65: NA | W65: AMC-C191748 | Z65: 59 | AA65: H001
A66: =D66&E66 -> 1931028AHW14R301P US | B66: ASAHI PTCA Guide Wire ASAHI SION 300cm Pre-shape | C66: PTCA(AGH) | D66: 1931028 | E66: AHW14R301P US | F66: US | G66: 2 | H66: 2 | I66: 2 | J66: 2 | K66: Guide wire circular type | L66: 50°C, 300 minutes Sterilization | M66: B | N66: B | O66: B | P66: ① | Q66: N/A | R66: 3037 | S66: 0.36 | T66: NA | W66: AMC-C191748 | Z66: 60 | AA66: H001
A67: =D67&E67 -> 1931029AHW14R101P US | B67: ASAHI PTCA Guide Wire ASAHI SION 190cm Pre-shape | C67: PTCA(AGH) | D67: 1931029 | E67: AHW14R101P US | F67: US | G67: 2 | H67: 2 | I67: 2 | J67: 2 | K67: Guide wire circular type | L67: 50°C, 300 minutes Sterilization | M67: B | N67: B | O67: B | P67: ① | Q67: N/A | R67: 1917 | S67: 0.36 | T67: NA | W67: AMC-C191748 | Z67: 61 | AA67: H001
A68: =D68&E68 -> 1931030AHW14R101S US | B68: ASAHI PTCA Guide Wire ASAHI SION 190cm | C68: PTCA(AGH) | D68: 1931030 | E68: AHW14R101S US | F68: US | G68: 2 | H68: 2 | I68: 2 | J68: 2 | K68: Guide wire circular type | L68: 50°C, 300 minutes Sterilization | M68: B | N68: B | O68: B | P68: ① | Q68: N/A | R68: 1917 | S68: 0.36 | T68: NA | W68: AMC-C191748 | Z68: 62 | AA68: H001
A69: =D69&E69 -> 1931034AHW14R101J US | B69: ASAHI PTCA Guide Wire ASAHI SION 190cm J | C69: PTCA(AGH) | D69: 1931034 | E69: AHW14R101J US | F69: US | G69: 2 | H69: 2 | I69: 2 | J69: 2 | K69: Guide wire circular type | L69: 50°C, 300 minutes Sterilization | M69: B | N69: B | O69: B | P69: ① | Q69: N/A | R69: 1917 | S69: 0.36 | T69: NA | W69: AMC-C191748 | Z69: 63 | AA69: H001
A70: =D70&E70 -> 1931039AHW14R017S CN | B70: ASAHI PTCA Guide Wire ASAHI SION blue ES 190cm | C70: PTCA(AGH) | D70: 1931039 | E70: AHW14R017S CN | F70: CHINA | G70: 3 | H70: 3 | I70: × | J70: × | K70: Guide wire circular type | L70: 50°C, 300 minutes Sterilization | M70: B | N70: B | O70: B | P70: ① | Q70: N/A | R70: 1910 | S70: 0.36 | T70: NA | U70: AMD-Q220878、VAL2303006 | V70: AMD-DA41611009,AMD-Q190811(テクニカルレポート）AMD-Q231642 | W70: AMC-C191507, AMC-C220187 | Z70: 64 | AA70: H001
A71: =D71&E71 -> 1931040AHW14R317S CN | B71: ASAHI PTCA Guide Wire ASAHI SION blue ES 300cm | C71: PTCA(AGH) | D71: 1931040 | E71: AHW14R317S CN | F71: CHINA | G71: 3 | H71: 3 | I71: × | J71: × | K71: Guide wire circular type | L71: 50°C, 300 minutes Sterilization | M71: B | N71: B | O71: B | P71: ① | Q71: N/A | R71: 3000 | S71: 0.36 | T71: NA | U71: AMD-Q220878、VAL2303006 | V71: AMD-DA41611009,AMD-Q190811(テクニカルレポート）AMD-Q231642 | W71: AMC-C191507, AMC-C220187 | Z71: 65 | AA71: H001
A72: =D72&E72 -> 1931041AHW14R017J CN | B72: ASAHI PTCA Guide Wire ASAHI SION blue ES 190cm J | C72: PTCA(AGH) | D72: 1931041 | E72: AHW14R017J CN | F72: CHINA | G72: 3 | H72: 3 | I72: × | J72: × | K72: Guide wire circular type | L72: 50°C, 300 minutes Sterilization | M72: B | N72: B | O72: B | P72: ① | Q72: N/A | R72: 1910 | S72: 0.36 | T72: NA | U72: AMD-Q220878、VAL2303006 | V72: AMD-DA41611009,AMD-Q190811(テクニカルレポート）AMD-Q231642 | W72: AMC-C191507, AMC-C220187 | Z72: 66 | AA72: H001
A73: =D73&E73 -> 1931042AHW14R317J CN | B73: ASAHI PTCA Guide Wire ASAHI SION blue ES 300cm J | C73: PTCA(AGH) | D73: 1931042 | E73: AHW14R317J CN | F73: CHINA | G73: 3 | H73: 3 | I73: × | J73: × | K73: Guide wire circular type | L73: 50°C, 300 minutes Sterilization | M73: B | N73: B | O73: B | P73: ① | Q73: N/A | R73: 3000 | S73: 0.36 | T73: NA | U73: AMD-Q220878、VAL2303006 | V73: AMD-DA41611009,AMD-Q190811(テクニカルレポート）AMD-Q231642 | W73: AMC-C191507, AMC-C220187 | Z73: 67 | AA73: H001
A74: =D74&E74 -> 1931150AH14R101PR JP | B74: ASAHI PTCA Guide Wire ASAHI SION 190cm Pre-shape | C74: PTCA(AGH) | D74: 1931150 | E74: AH14R101PR JP | F74: J-Sales | G74: 2 | H74: 2 | I74: 2 | J74: × | K74: Guide wire circular type | L74: 50°C, 300 minutes Sterilization | M74: B | N74: B | O74: B | P74: ① | Q74: N/A | R74: 1917 | S74: 0.36 | T74: NA | U74: AMD-Q190804 | W74: AMC-C181546 | Z74: 68 | AA74: H001
A75: =D75&E75 -> 1931154AH14R104PR JP | B75: ASAHI PTCA Guide Wire ASAHI SION blue 190cm Pre-shape | C75: PTCA(AGH) | D75: 1931154 | E75: AH14R104PR JP | F75: J-Sales | G75: 3 | H75: 3 | I75: 2 | J75: × | K75: Guide wire circular type | L75: 50°C, 300 minutes Sterilization | M75: B | N75: B | O75: B | P75: ① | Q75: N/A | R75: 1910 | S75: 0.36 | T75: NA | U75: AMD-Q190804 | W75: AMC-C201505 | Z75: 69 | AA75: H001
A76: =D76&E76 -> 1931157AH14R017PR JP | B76: ASAHI PTCA Guide Wire ASAHI SION blue ES 190cm Pre-shape | C76: PTCA(AGH) | D76: 1931157 | E76: AH14R017PR JP | F76: J-Sales | G76: 3 | H76: 3 | I76: 2 | J76: 3 | K76: Guide wire circular type | L76: 50°C, 300 minutes Sterilization | M76: B | N76: B | O76: B | P76: ① | Q76: N/A | R76: 1910 | S76: 0.36 | T76: NA | U76: AMD-Q190804 | W76: AMC-C201505 | Z76: 70 | AA76: H001
A77: =D77&E77 -> 2131577AH14R104SR JP | B77: ASAHI PTCA Guide Wire ASAHI SION blue 190cm | C77: PTCA(AGH) | D77: 2131577 | E77: AH14R104SR JP | F77: J-Sales | G77: 3 | H77: 3 | I77: 2 | J77: × | K77: Guide wire circular type | L77: 50°C, 300 minutes Sterilization | M77: B | N77: B | O77: B | P77: ① | Q77: N/A | R77: 1910 | S77: 0.36 | T77: NA | Z77: 71 | AA77: H001
A78: =D78&E78 -> 2131687AHW14R001S NOCE | B78: ASAHI PTCA Guide Wire ASAHI SION 180cm | C78: PTCA(AGH) | D78: 2131687 | E78: AHW14R001S NOCE | F78: NO CE (インド) | G78: 2 | H78: 2 | I78: 2 | J78: 2 | K78: Guide wire circular type | L78: 50°C, 300 minutes Sterilization | M78: B | N78: B | O78: B | P78: ① | Q78: N/A | R78: 1817 | S78: 0.36 | T78: NA | U78: MAMD-Q240813 | V78: AMD-Q210307 | W78: AMC-C240322 | Z78: 72 | AA78: H001
A79: =D79&E79 -> 2131687AHW14R001S NOCE | B79: ASAHI PTCA Guide Wire ASAHI SION 180cm | C79: PTCA(AGH) | D79: 2131687 | E79: AHW14R001S NOCE | F79: NO CE | G79: 2 | H79: 2 | I79: 2 | J79: 2 | K79: Guide wire circular type | L79: 50°C, 300 minutes Sterilization | M79: B | N79: B | O79: B | P79: ① | Q79: N/A | R79: 1817 | S79: 0.36 | T79: NA | U79: MAMD-Q240813 | V79: AMD-Q210307 | W79: AMC-C240322 | Z79: 73 | AA79: H001
A80: =D80&E80 -> 2131688AHW14R001J NOCE | B80: ASAHI PTCA Guide Wire ASAHI SION 180cm J | C80: PTCA(AGH) | D80: 2131688 | E80: AHW14R001J NOCE | F80: NO CE (インド) | G80: 2 | H80: 2 | I80: 2 | J80: 2 | K80: Guide wire circular type | L80: 50°C, 300 minutes Sterilization | M80: B | N80: B | O80: B | P80: ① | Q80: N/A | R80: 1817 | S80: 0.36 | T80: NA | U80: MAMD-Q240813 | V80: AMD-Q210307 | W80: AMC-C240322 | Z80: 74 | AA80: H001
A81: =D81&E81 -> 2131688AHW14R001J NOCE | B81: ASAHI PTCA Guide Wire ASAHI SION 180cm J | C81: PTCA(AGH) | D81: 2131688 | E81: AHW14R001J NOCE | F81: NO CE | G81: 2 | H81: 2 | I81: 2 | J81: 2 | K81: Guide wire circular type | L81: 50°C, 300 minutes Sterilization | M81: B | N81: B | O81: B | P81: ① | Q81: N/A | R81: 1817 | S81: 0.36 | T81: NA | U81: MAMD-Q240813 | V81: AMD-Q210307 | W81: AMC-C240322 | Z81: 75 | AA81: H001
A82: =D82&E82 -> 2131689AHW14R301S NOCE | B82: ASAHI PTCA Guide Wire ASAHI SION 300cm | C82: PTCA(AGH) | D82: 2131689 | E82: AHW14R301S NOCE | F82: NO CE | G82: 2 | H82: 2 | I82: 2 | J82: 2 | K82: Guide wire circular type | L82: 50°C, 300 minutes Sterilization | M82: B | N82: B | O82: B | P82: ① | Q82: N/A | R82: 3037 | S82: 0.36 | T82: NA | U82: AMD-Q220819 | V82: AMD-DA41771056 | W82: AMC-C220059 | Z82: 76 | AA82: H001
A83: =D83&E83 -> 2131690AHW14R301J NOCE | B83: ASAHI PTCA Guide Wire ASAHI SION 300cm J | C83: PTCA(AGH) | D83: 2131690 | E83: AHW14R301J NOCE | F83: NO CE | G83: 2 | H83: 2 | I83: 2 | J83: 2 | K83: Guide wire circular type | L83: 50°C, 300 minutes Sterilization | M83: B | N83: B | O83: B | P83: ① | Q83: N/A | R83: 3037 | S83: 0.36 | T83: NA | U83: AMD-Q220819 | V83: AMD-DA41771056 | W83: AMC-C220059 | Z83: 77 | AA83: H001
A84: =D84&E84 -> 2131691AHW14R101S NOCE | B84: ASAHI PTCA Guide Wire ASAHI SION 190cm | C84: PTCA(AGH) | D84: 2131691 | E84: AHW14R101S NOCE | F84: NO CE (インド) | G84: 2 | H84: 2 | I84: 2 | J84: 2 | K84: Guide wire circular type | L84: 50°C, 300 minutes Sterilization | M84: B | N84: B | O84: B | P84: ① | Q84: N/A | R84: 1917 | S84: 0.36 | T84: NA | U84: AMD-Q240813 | V84: AMD-Q220344 | W84: AMC-C240322 | Z84: 78 | AA84: H001
A85: =D85&E85 -> 2131691AHW14R101S NOCE | B85: ASAHI PTCA Guide Wire ASAHI SION 190cm | C85: PTCA(AGH) | D85: 2131691 | E85: AHW14R101S NOCE | F85: NO CE | G85: 2 | H85: 2 | I85: 2 | J85: 2 | K85: Guide wire circular type | L85: 50°C, 300 minutes Sterilization | M85: B | N85: B | O85: B | P85: ① | Q85: N/A | R85: 1917 | S85: 0.36 | T85: NA | U85: AMD-Q240813 | V85: AMD-Q220344 | W85: AMC-C240322 | Z85: 79 | AA85: H001
A86: =D86&E86 -> 2131692AHW14R101J NOCE | B86: ASAHI PTCA Guide Wire ASAHI SION 190cm J | C86: PTCA(AGH) | D86: 2131692 | E86: AHW14R101J NOCE | F86: NO CE (インド) | G86: 2 | H86: 2 | I86: 2 | J86: 2 | K86: Guide wire circular type | L86: 50°C, 300 minutes Sterilization | M86: B | N86: B | O86: B | P86: ① | Q86: N/A | R86: 1917 | S86: 0.36 | T86: NA | U86: AMD-Q240813 | V86: AMD-Q220344 | W86: AMC-C240322 | Z86: 80 | AA86: H001
A87: =D87&E87 -> 2131692AHW14R101J NOCE | B87: ASAHI PTCA Guide Wire ASAHI SION 190cm J | C87: PTCA(AGH) | D87: 2131692 | E87: AHW14R101J NOCE | F87: NO CE | G87: 2 | H87: 2 | I87: 2 | J87: 2 | K87: Guide wire circular type | L87: 50°C, 300 minutes Sterilization | M87: B | N87: B | O87: B | P87: ① | Q87: N/A | R87: 1917 | S87: 0.36 | T87: NA | U87: AMD-Q240813 | V87: AMD-Q220344 | W87: AMC-C240322 | Z87: 81 | AA87: H001
A88: =D88&E88 -> 2131693AHW14R101P NOCE | B88: ASAHI PTCA Guide Wire ASAHI SION 190cm Pre-shape | C88: PTCA(AGH) | D88: 2131693 | E88: AHW14R101P NOCE | F88: NO CE | G88: 2 | H88: 2 | I88: 2 | J88: 2 | K88: Guide wire circular type | L88: 50°C, 300 minutes Sterilization | M88: B | N88: B | O88: B | P88: ① | Q88: N/A | R88: 1917 | S88: 0.36 | T88: NA | U88: AMD-Q220819 | V88: AMD-DA41771056 | W88: AMC-C220059 | Z88: 82 | AA88: H001
A89: =D89&E89 -> 2131694AHW14R301P NOCE | B89: ASAHI PTCA Guide Wire ASAHI SION 300cm Pre-shape | C89: PTCA(AGH) | D89: 2131694 | E89: AHW14R301P NOCE | F89: NO CE | G89: 2 | H89: 2 | I89: 2 | J89: 2 | K89: Guide wire circular type | L89: 50°C, 300 minutes Sterilization | M89: B | N89: B | O89: B | P89: ① | Q89: N/A | R89: 3037 | S89: 0.36 | T89: NA | U89: AMD-Q220819 | V89: AMD-DA41771056 | W89: AMC-C220059 | Z89: 83 | AA89: H001
... A113: =D113&E113 -> 2131735APW14R310J NOCE | B113: ASAHI PTCA Guide Wire ASAHI SION black 300cm J | C113: PTCA(AGP) | D113: 2131735 | E113: APW14R310J NOCE | F113: NO CE | G113: 2 | H113: 2 | I113: 2 | J113: 2 | K113: Guide wire circular type | L113: 50°C, 300 minutes Sterilization | M113: C | N113: C | O113: C | P113: ① | Q113: N/A | R113: 3020 | S113: 0.35 | T113: NA | U113: AMD-Q220819 | V113: AMD-DA41771056 | W113: AMC-C220059 | Z113: 107 | AA113: H001
A114: =D114&E114 -> 2331088AHW14R101S CE2 | B114: ASAHI PTCA Guide Wire ASAHI SION 190cm | C114: PTCA(AGH) | D114: 2331088 | E114: AHW14R101S CE2 | F114: CE | G114: 2 | H114: 2 | I114: 2 | J114: × | K114: Guide wire circular type | L114: 50°C, 300 minutes Sterilization | M114: B | N114: B | O114: B | P114: ① | Q114: N/A | R114: 1917 | S114: 0.36 | T114: NA | U114: TFC C号機：滅菌バリレポートAMD-Q251593, 滅菌回数に関するレポート AMD-Q250314 | X114: AMW-Q20230033(#32737) | Z114: 108 | AA114: H001
A115: =D115&E115 -> 2331089AHW14R101J CE2 | B115: ASAHI PTCA Guide Wire ASAHI SION 190cm J | C115: PTCA(AGH) | D115: 2331089 | E115: AHW14R101J CE2 | F115: CE | G115: 2 | H115: 2 | I115: 2 | J115: × | K115: Guide wire circular type | L115: 50°C, 300 minutes Sterilization | M115: B | N115: B | O115: B | P115: ① | Q115: N/A | R115: 1917 | S115: 0.36 | T115: NA | X115: AMW-Q20230033(#32737) | Z115: 109 | AA115: H001
A116: =D116&E116 -> 2331090AHW14R101P CE2 | B116: ASAHI PTCA Guide Wire ASAHI SION 190cm Pre-shape | C116: PTCA(AGH) | D116: 2331090 | E116: AHW14R101P CE2 | F116: CE | G116: 2 | H116: 2 | I116: 2 | J116: × | K116: Guide wire circular type | L116: 50°C, 300 minutes Sterilization | M116: B | N116: B | O116: B | P116: ① | Q116: N/A | R116: 1917 | S116: 0.36 | T116: NA | X116: AMW-Q20230033(#32737) | Z116: 110 | AA116: H001
A117: =D117&E117 -> 2331091AHW14R301P CE2 | B117: ASAHI PTCA Guide Wire ASAHI SION 300cm Pre-shape | C117: PTCA(AGH) | D117: 2331091 | E117: AHW14R301P CE2 | F117: CE | G117: 2 | H117: 2 | I117: 2 | J117: × | K117: Guide wire circular type | L117: 50°C, 300 minutes Sterilization | M117: B | N117: B | O117: B | P117: ① | Q117: N/A | R117: 3037 | S117: 0.36 | T117: NA | X117: AMW-Q20230033(#32737) | Z117: 111 | AA117: H001
A118: =D118&E118 -> 2331092AHW14R001S CE4 | B118: ASAHI PTCA Guide Wire ASAHI SION 180cm | C118: PTCA(AGH) | D118: 2331092 | E118: AHW14R001S CE4 | F118: CE | G118: 2 | H118: 2 | I118: 2 | J118: 2 | K118: Guide wire circular type | L118: 50°C, 300 minutes Sterilization | M118: B | N118: B | O118: B | P118: ① | Q118: N/A | R118: 1817 | S118: 0.36 | T118: NA | U118: TFC C号機：滅菌バリレポートAMD-Q251593, 滅菌回数に関するレポート AMD-Q250314 | X118: AMW-Q20230033(#32737) | Z118: 112 | AA118: H001
A119: =D119&E119 -> 2331093AHW14R001J CE4 | B119: ASAHI PTCA Guide Wire ASAHI SION 180cm J | C119: PTCA(AGH) | D119: 2331093 | E119: AHW14R001J CE4 | F119: CE | G119: 2 | H119: 2 | I119: 2 | J119: 2 | K119: Guide wire circular type | L119: 50°C, 300 minutes Sterilization | M119: B | N119: B | O119: B | P119: ① | Q119: N/A | R119: 1817 | S119: 0.36 | T119: NA | X119: AMW-Q20230033(#32737) | Z119: 113 | AA119: H001
A120: =D120&E120 -> 2331094AHW14R301S CE4 | B120: ASAHI PTCA Guide Wire ASAHI SION 300cm | C120: PTCA(AGH) | D120: 2331094 | E120: AHW14R301S CE4 | F120: CE | G120: 2 | H120: 2 | I120: 2 | J120: 2 | K120: Guide wire circular type | L120: 50°C, 300 minutes Sterilization | M120: B | N120: B | O120: B | P120: ① | Q120: N/A | R120: 3037 | S120: 0.36 | T120: NA | U120: TFC C号機：滅菌バリレポートAMD-Q251593, 滅菌回数に関するレポート AMD-Q250314 | X120: AMW-Q20230033(#32737) | Z120: 114 | AA120: H001
A121: =D121&E121 -> 2331095AHW14R301J CE4 | B121: ASAHI PTCA Guide Wire ASAHI SION 300cm J | C121: PTCA(AGH) | D121: 2331095 | E121: AHW14R301J CE4 | F121: CE | G121: 2 | H121: 2 | I121: 2 | J121: 2 | K121: Guide wire circular type | L121: 50°C, 300 minutes Sterilization | M121: B | N121: B | O121: B | P121: ① | Q121: N/A | R121: 3037 | S121: 0.36 | T121: NA | X121: AMW-Q20230033(#32737) | Z121: 115 | AA121: H001
A122: =D122&E122 -> 2331096AHW14R104S CE2 | B122: ASAHI PTCA Guide Wire ASAHI SION blue 190cm | C122: PTCA(AGH) | D122: 2331096 | E122: AHW14R104S CE2 | F122: CE | G122: 3 | H122: 3 | I122: 2 | J122: × | K122: Guide wire circular type | L122: 50°C, 300 minutes Sterilization | M122: B | N122: B | O122: B | P122: ① | Q122: N/A | R122: 1910 | S122: 0.36 | T122: NA | U122: TFC C号機：滅菌バリレポートAMD-Q251593, 滅菌回数に関するレポート AMD-Q250314 | X122: AMW-Q20230033(#32737) | Z122: 116 | AA122: H001
A123: =D123&E123 -> 2331097AHW14R104J CE2 | B123: ASAHI PTCA Guide Wire ASAHI SION blue 190cm J | C123: PTCA(AGH) | D123: 2331097 | E123: AHW14R104J CE2 | F123: CE | G123: 3 | H123: 3 | I123: 2 | J123: × | K123: Guide wire circular type | L123: 50°C, 300 minutes Sterilization | M123: B | N123: B | O123: B | P123: ① | Q123: N/A | R123: 1910 | S123: 0.36 | T123: NA | X123: AMW-Q20230033(#32737) | Z123: 117 | AA123: H001
A124: =D124&E124 -> 2331098AHW14R104P CE2 | B124: ASAHI PTCA Guide Wire ASAHI SION blue 190cm Pre-shape | C124: PTCA(AGH) | D124: 2331098 | E124: AHW14R104P CE2 | F124: CE | G124: 3 | H124: 3 | I124: 2 | J124: × | K124: Guide wire circular type | L124: 50°C, 300 minutes Sterilization | M124: B | N124: B | O124: B | P124: ① | Q124: N/A | R124: 1910 | S124: 0.36 | T124: NA | X124: AMW-Q20230033(#32737) | Z124: 118 | AA124: H001
A125: =D125&E125 -> 2331099AHW14R304P CE2 | B125: ASAHI PTCA Guide Wire ASAHI SION blue 300cm Pre-shape | C125: PTCA(AGH) | D125: 2331099 | E125: AHW14R304P CE2 | F125: CE | G125: 3 | H125: 3 | I125: 2 | J125: × | K125: Guide wire circular type | L125: 50°C, 300 minutes Sterilization | M125: B | N125: B | O125: B | P125: ① | Q125: N/A | R125: 3030 | S125: 0.36 | T125: NA | X125: AMW-Q20230033(#32737) | Z125: 119 | AA125: H001
A126: =D126&E126 -> 2331100AHW14R004S CE5 | B126: ASAHI PTCA Guide Wire ASAHI SION blue 180cm | C126: PTCA(AGH) | D126: 2331100 | E126: AHW14R004S CE5 | F126: CE | G126: 3 | H126: 3 | I126: 2 | J126: × | K126: Guide wire circular type | L126: 50°C, 300 minutes Sterilization | M126: B | N126: B | O126: B | P126: ① | Q126: N/A | R126: 1800 | S126: 0.36 | T126: NA | U126: TFC C号機：滅菌バリレポートAMD-Q251593, 滅菌回数に関するレポート AMD-Q250314 | X126: AMW-Q20230033(#32737) | Z126: 120 | AA126: H001
A127: =D127&E127 -> 2331101AHW14R004J CE5 | B127: ASAHI PTCA Guide Wire ASAHI SION blue 180cm J | C127: PTCA(AGH) | D127: 2331101 | E127: AHW14R004J CE5 | F127: CE | G127: 3 | H127: 3 | I127: 2 | J127: × | K127: Guide wire circular type | L127: 50°C, 300 minutes Sterilization | M127: B | N127: B | O127: B | P127: ① | Q127: N/A | R127: 1800 | S127: 0.36 | T127: NA | X127: AMW-Q20230033(#32737) | Z127: 121 | AA127: H001
A128: =D128&E128 -> 2331102AHW14R304S CE5 | B128: ASAHI PTCA Guide Wire ASAHI SION blue 300cm | C128: PTCA(AGH) | D128: 2331102 | E128: AHW14R304S CE5 | F128: CE | G128: 3 | H128: 3 | I128: 2 | J128: × | K128: Guide wire circular type | L128: 50°C, 300 minutes Sterilization | M128: B | N128: B | O128: B | P128: ① | Q128: N/A | R128: 3000 | S128: 0.36 | T128: NA | U128: TFC C号機：滅菌バリレポートAMD-Q251593, 滅菌回数に関するレポート AMD-Q250314 | X128: AMW-Q20230033(#32737) | Z128: 122 | AA128: H001
A129: =D129&E129 -> 2331103AHW14R304J CE5 | B129: ASAHI PTCA Guide Wire ASAHI SION blue 300cm J | C129: PTCA(AGH) | D129: 2331103 | E129: AHW14R304J CE5 | F129: CE | G129: 3 | H129: 3 | I129: 2 | J129: × | K129: Guide wire circular type | L129: 50°C, 300 minutes Sterilization | M129: B | N129: B | O129: B | P129: ① | Q129: N/A | R129: 3000 | S129: 0.36 | T129: NA | X129: AMW-Q20230033(#32737) | Z129: 123 | AA129: H001
A130: =D130&E130 -> 2331104AHW14R017P CE2 | B130: ASAHI PTCA Guide Wire ASAHI SION blue ES 190cm Pre-shape | C130: PTCA(AGH) | D130: 2331104 | E130: AHW14R017P CE2 | F130: CE | G130: 3 | H130: 3 | I130: 2 | J130: × | K130: Guide wire circular type | L130: 50°C, 300 minutes Sterilization | M130: B | N130: B | O130: B | P130: ① | Q130: N/A | R130: 1910 | S130: 0.36 | T130: NA | X130: AMW-Q20230033(#32737) | Z130: 124 | AA130: H001
A131: =D131&E131 -> 2331105AHW14R317P CE2 | B131: ASAHI PTCA Guide Wire ASAHI SION blue ES 300cm Pre-shape | C131: PTCA(AGH) | D131: 2331105 | E131: AHW14R317P CE2 | F131: CE | G131: 3 | H131: 3 | I131: 2 | J131: × | K131: Guide wire circular type | L131: 50°C, 300 minutes Sterilization | M131: B | N131: B | O131: B | P131: ① | Q131: N/A | R131: 3000 | S131: 0.36 | T131: NA | X131: AMW-Q20230033(#32737) | Z131: 125 | AA131: H001
A132: =D132&E132 -> 2331106AHW14R017S CE5 | B132: ASAHI PTCA Guide Wire ASAHI SION blue ES 190cm | C132: PTCA(AGH) | D132: 2331106 | E132: AHW14R017S CE5 | F132: CE | G132: 3 | H132: 3 | I132: 2 | J132: × | K132: Guide wire circular type | L132: 50°C, 300 minutes Sterilization | M132: B | N132: B | O132: B | P132: ① | Q132: N/A | R132: 1900 | S132: 0.36 | T132: NA | X132: AMW-Q20230033(#32737) | Z132: 126 | AA132: H001
A133: =D133&E133 -> 2331107AHW14R317S CE5 | B133: ASAHI PTCA Guide Wire ASAHI SION blue ES 300cm | C133: PTCA(AGH) | D133: 2331107 | E133: AHW14R317S CE5 | F133: CE | G133: 3 | H133: 3 | I133: 2 | J133: × | K133: Guide wire circular type | L133: 50°C, 300 minutes Sterilization | M133: B | N133: B | O133: B | P133: ① | Q133: N/A | R133: 3000 | S133: 0.36 | T133: NA | X133: AMW-Q20230033(#32737) | Z133: 127 | AA133: H001
...

Sheet H001 Ver2
A1: AMI-Q411-H001 Ver.2 | B1: 滅菌対象品一覧AIHM(SION series) | R1: 品質保証G
A4: 製品名 | B4: Product Information | C4: 図番 | D4: カタログコード | E4: 仕向け先 | F4: Chamber | J4: 滅菌ファミリー | K4: 滅菌条件 | L4: 無菌試験 ファミリー | M4: バイオバーデン ファミリー | N4: ｴﾝﾄﾞﾄｷｼﾝ試験 ファミリー | O4: エアレーション ファミリー | P4: 微粒汚染 ファミリー | Q4: Length [mm] | R4: O.D.[mm] (Shaft or core) | S4: I.D. [mm] (Shaft) | T4: 滅菌バリデーション | U4: 製品評価レポート | V4: 薬事承認書 | W4: 変更提案、品質関連連絡書
F5: A | G5: B | H5: C | I5: D
A6: ASAHI PTCA Guide Wire ASAHI SION 180cm | B6: PTCA(AGH) | C6: 1036068 | D6: AHW14R001S CN (use Tyvek) | E6: CHINA | F6: 2 | G6: 2 | H6: 2 | I6: 2 | J6: Guide wire circular type | K6: 50°C, 300 minutes Sterilization | L6: B | M6: B | N6: B | O6: ① | P6: N/A | Q6: 1817 | R6: 0.36 | S6: NA
A7: ASAHI PTCA Guide Wire ASAHI SION 180cm | B7: PTCA(AGH) | C7: 1036068 | D7: AHW14R001S CN (use PS-55) | E7: CHINA | F7: 2 | G7: 2 | H7: × | I7: × | J7: Guide wire circular type | K7: 50°C, 300 minutes Sterilization | L7: B | M7: B | N7: B | O7: ① | P7: N/A | Q7: 1817 | R7: 0.36 | S7: NA | T7: VAL2308011-21 | W7: AMW-Q20230289(#37671)
A8: ASAHI PTCA Guide Wire ASAHI SION 300cm | B8: PTCA(AGH) | C8: 1036069 | D8: AHW14R301S CN | E8: CHINA | F8: 2 | G8: 2 | H8: 2 | I8: 2 | J8: Guide wire circular type | K8: 50°C, 300 minutes Sterilization | L8: B | M8: B | N8: B | O8: ① | P8: N/A | Q8: 3037 | R8: 0.36 | S8: NA
A9: ASAHI PTCA Guide Wire ASAHI SION blue 180cm | B9: PTCA(AGH) | C9: 1436196 | D9: AHW14R004S CN (use Tyvek) | E9: CHINA | F9: 3 | G9: 3 | H9: 2 | I9: 2 | J9: Guide wire circular type | K9: 50°C, 300 minutes Sterilization | L9: B | M9: B | N9: B | O9: ① | P9: N/A | Q9: 1810 | R9: 0.36 | S9: NA | T9: VA0223-01, VA0226-01
A10: ASAHI PTCA Guide Wire ASAHI SION blue 180cm | B10: PTCA(AGH) | C10: 1436196 | D10: AHW14R004S CN (use PS-55) | E10: CHINA | F10: 2 | G10: 2 | H10: × | I10: × | J10: Guide wire circular type | K10: 50°C, 300 minutes Sterilization | L10: B | M10: B | N10: B | O10: ① | P10: N/A | Q10: 1810 | R10: 0.36 | S10: NA | T10: VAL2308011-21 | W10: AMW-Q20230289(#37671)
A11: ASAHI PTCA Guide Wire ASAHI SION blue 300cm | B11: PTCA(AGH) | C11: 1436197 | D11: AHW14R304S CN | E11: CHINA | F11: 3 | G11: 3 | H11: 2 | I11: 2 | J11: Guide wire circular type | K11: 50°C, 300 minutes Sterilization | L11: B | M11: B | N11: B | O11: ① | P11: N/A | Q11: 3030 | R11: 0.36 | S11: NA | T11: VA0223-01, VA0226-01
A12: ASAHI PTCA Guide Wire ASAHI SION blue 180cm J | B12: PTCA(AGH) | C12: 1436198 | D12: AHW14R004J CN | E12: CHINA | F12: 3 | G12: 3 | H12: 2 | I12: 2 | J12: Guide wire circular type | K12: 50°C, 300 minutes Sterilization | L12: B | M12: B | N12: B | O12: ① | P12: N/A | Q12: 1810 | R12: 0.36 | S12: NA | T12: VA0223-01, VA0226-01
A13: ASAHI PTCA Guide Wire ASAHI SION blue 300cm J | B13: PTCA(AGH) | C13: 1436199 | D13: AHW14R304J CN | E13: CHINA | F13: 3 | G13: 3 | H13: 2 | I13: 2 | J13: Guide wire circular type | K13: 50°C, 300 minutes Sterilization | L13: B | M13: B | N13: B | O13: ① | P13: N/A | Q13: 3030 | R13: 0.36 | S13: NA | T13: VA0223-01, VA0226-01
A14: ASAHI PTCA Guide Wire ASAHI SION black Pre-shpe 190cm | B14: PTCA(AGP) | C14: 1436300 | D14: APW14R010P CN | E14: CHINA | F14: 2 | G14: 2 | H14: 2 | I14: 2 | J14: Guide wire circular type | K14: 50°C, 300 minutes Sterilization | L14: C | M14: C | N14: C | O14: ① | P14: N/A | Q14: 1910 | R14: 0.35 | S14: NA
A15: ASAHI PTCA Guide Wire ASAHI SION black Pre-shpe 300cm | B15: PTCA(AGP) | C15: 1436301 | D15: APW14R310P CN | E15: CHINA | F15: 2 | G15: 2 | H15: 2 | I15: 2 | J15: Guide wire circular type | K15: 50°C, 300 minutes Sterilization | L15: C | M15: C | N15: C | O15: ① | P15: N/A | Q15: 3020 | R15: 0.35 | S15: NA
A16: ASAHI PTCA Guide Wire ASAHI SION black Straight 190cm | B16: PTCA(AGP) | C16: 1436302 | D16: APW14R010S CN | E16: CHINA | F16: 2 | G16: 2 | H16: 2 | I16: 2 | J16: Guide wire circular type | K16: 50°C, 300 minutes Sterilization | L16: C | M16: C | N16: C | O16: ① | P16: N/A | Q16: 1910 | R16: 0.35 | S16: NA
A17: ASAHI PTCA Guide Wire ASAHI SION black Straight 300cm | B17: PTCA(AGP) | C17: 1436303 | D17: APW14R310S CN | E17: CHINA | F17: 2 | G17: 2 | H17: 2 | I17: 2 | J17: Guide wire circular type | K17: 50°C, 300 minutes Sterilization | L17: C | M17: C | N17: C | O17: ① | P17: N/A | Q17: 3020 | R17: 0.35 | S17: NA
A18: ASAHI PTCA Guide Wire ASAHI SION black 190cm J | B18: PTCA(AGP) | C18: 1436304 | D18: APW14R010J CN | E18: CHINA | F18: 2 | G18: 2 | H18: 2 | I18: 2 | J18: Guide wire circular type | K18: 50°C, 300 minutes Sterilization | L18: C | M18: C | N18: C | O18: ① | P18: N/A | Q18: 1910 | R18: 0.35 | S18: NA
A19: ASAHI PTCA Guide Wire ASAHI SION black 300cm J | B19: PTCA(AGP) | C19: 1436305 | D19: APW14R310J CN | E19: CHINA | F19: 2 | G19: 2 | H19: 2 | I19: 2 | J19: Guide wire circular type | K19: 50°C, 300 minutes Sterilization | L19: C | M19: C | N19: C | O19: ① | P19: N/A | Q19: 3020 | R19: 0.35 | S19: NA
A20: ASAHI PTCA Guide Wire ASAHI SION black STRAIGHT | B20: PTCA(AGP) | C20: 1536015 | D20: APW14R010S KR | E20: KR | F20: 2 | G20: 2 | H20: 2 | I20: 2 | J20: Guide wire circular type | K20: 50°C, 300 minutes Sterilization | L20: C | M20: C | N20: C | O20: ① | P20: N/A | Q20: 1910 | R20: 0.35 | S20: NA
A21: ASAHI PTCA Guide Wire ASAHI SION black STRAIGHT 300cm | B21: PTCA(AGP) | C21: 1536016 | D21: APW14R310S KR | E21: KR | F21: 2 | G21: 2 | H21: 2 | I21: 2 | J21: Guide wire circular type | K21: 50°C, 300 minutes Sterilization | L21: C | M21: C | N21: C | O21: ① | P21: N/A | Q21: 3020 | R21: 0.35 | S21: NA
A22: ASAHI PTCA Guide Wire ASAHI SION black pre-shape | B22: PTCA(AGP) | C22: 1536017 | D22: APW14R010P KR | E22: KR | F22: 2 | G22: 2 | H22: 2 | I22: 2 | J22: Guide wire circular type | K22: 50°C, 300 minutes Sterilization | L22: C | M22: C | N22: C | O22: ① | P22: N/A | Q22: 1910 | R22: 0.35 | S22: NA
A23: ASAHI PTCA Guide Wire ASAHI SION black pre-shape 300cm | B23: PTCA(AGP) | C23: 1536018 | D23: APW14R310P KR | E23: KR | F23: 2 | G23: 2 | H23: 2 | I23: 2 | J23: Guide wire circular type | K23: 50°C, 300 minutes Sterilization | L23: C | M23: C | N23: C | O23: ① | P23: N/A | Q23: 3020 | R23: 0.35 | S23: NA
A24: ASAHI PTCA Guide Wire ASAHI SION black J | B24: PTCA(AGP) | C24: 1536019 | D24: APW14R010J KR | E24: KR | F24: 2 | G24: 2 | H24: 2 | I24: 2 | J24: Guide wire circular type | K24: 50°C, 300 minutes Sterilization | L24: C | M24: C | N24: C | O24: ① | P24: N/A | Q24: 1910 | R24: 0.35 | S24: NA
A25: ASAHI PTCA Guide Wire ASAHI SION black 300cm J | B25: PTCA(AGP) | C25: 1536020 | D25: APW14R310J KR | E25: KR | F25: 2 | G25: 2 | H25: 2 | I25: 2 | J25: Guide wire circular type | K25: 50°C, 300 minutes Sterilization | L25: C | M25: C | N25: C | O25: ① | P25: N/A | Q25: 3020 | R25: 0.35 | S25: NA
... A33: ASAHI PTCA Guide Wire ASAHI SION blue 300cm J | B33: PTCA(AGH) | C33: 1536095 | D33: AHW14R304J KR | E33: KR | F33: 3 | G33: 3 | H33: 2 | I33: 2 | J33: Guide wire circular type | K33: 50°C, 300 minutes Sterilization | L33: B | M33: B | N33: B | O33: ① | P33: N/A | Q33: 3030 | R33: 0.36 | S33: NA
A34: ASAHI PTCA Guide Wire ASAHI SION 180cm | B34: PTCA(AGH) | C34: 1731115 | D34: AHW14R001S US | E34: US | F34: 2 | G34: 2 | H34: 2 | I34: 2 | J34: Guide wire circular type | K34: 50°C, 300 minutes Sterilization | L34: B | M34: B | N34: B | O34: ① | P34: N/A | Q34: 1817 | R34: 0.36 | S34: NA | T34: VAL2003002-2、VAL2008008-21
A35: ASAHI PTCA Guide Wire ASAHI SION 300cm | B35: PTCA(AGH) | C35: 1731116 | D35: AHW14R301S US | E35: US | F35: 2 | G35: 2 | H35: 2 | I35: 2 | J35: Guide wire circular type | K35: 50°C, 300 minutes Sterilization | L35: B | M35: B | N35: B | O35: ① | P35: N/A | Q35: 3037 | R35: 0.36 | S35: NA | T35: VAL2003002-2、VAL2008008-21
A36: ASAHI PTCA Guide Wire ASAHI SION 180cm J | B36: PTCA(AGH) | C36: 1731147 | D36: AHW14R001J US | E36: US | F36: 2 | G36: 2 | H36: 2 | I36: 2 | J36: Guide wire circular type | K36: 50°C, 300 minutes Sterilization | L36: B | M36: B | N36: B | O36: ① | P36: N/A | Q36: 1817 | R36: 0.36 | S36: NA | T36: VAL2003002-2、VAL2008008-21
A37: ASAHI PTCA Guide Wire ASAHI SION 300cm J | B37: PTCA(AGH) | C37: 1731148 | D37: AHW14R301J US | E37: US | F37: 2 | G37: 2 | H37: 2 | I37: 2 | J37: Guide wire circular type | K37: 50°C, 300 minutes Sterilization | L37: B | M37: B | N37: B | O37: ① | P37: N/A | Q37: 3037 | R37: 0.36 | S37: NA | T37: VAL2003002-2、VAL2008008-21
A38: ASAHI PTCA Guide Wire ASAHI SION blue 180cm | B38: PTCA(AGH) | C38: 1731149 | D38: AHW14R004S US | E38: US | F38: 3 | G38: 3 | H38: 2 | I38: 2 | J38: Guide wire circular type | K38: 50°C, 300 minutes Sterilization | L38: B | M38: B | N38: B | O38: ① | P38: N/A | Q38: 1810 | R38: 0.36 | S38: NA | T38: VAL2003002-2、VAL2008008-21
A39: ASAHI PTCA Guide Wire ASAHI SION blue 180cm J | B39: PTCA(AGH) | C39: 1731150 | D39: AHW14R004J US | E39: US | F39: 3 | G39: 3 | H39: 2 | I39: 2 | J39: Guide wire circular type | K39: 50°C, 300 minutes Sterilization | L39: B | M39: B | N39: B | O39: ① | P39: N/A | Q39: 1810 | R39: 0.36 | S39: NA | T39: VAL2003002-2、VAL2008008-21
A40: ASAHI PTCA Guide Wire ASAHI SION blue 300cm | B40: PTCA(AGH) | C40: 1731151 | D40: AHW14R304S US | E40: US | F40: 3 | G40: 3 | H40: 2 | I40: 2 | J40: Guide wire circular type | K40: 50°C, 300 minutes Sterilization | L40: B | M40: B | N40: B | O40: ① | P40: N/A | Q40: 3030 | R40: 0.36 | S40: NA | T40: VAL2003002-2、VAL2008008-21
A41: ASAHI PTCA Guide Wire ASAHI SION blue 300cm J | B41: PTCA(AGH) | C41: 1731152 | D41: AHW14R304J US | E41: US | F41: 3 | G41: 3 | H41: 2 | I41: 2 | J41: Guide wire circular type | K41: 50°C, 300 minutes Sterilization | L41: B | M41: B | N41: B | O41: ① | P41: N/A | Q41: 3030 | R41: 0.36 | S41: NA | T41: VAL2003002-2、VAL2008008-21
A42: ASAHI PTCA Guide Wire ASAHI SION black Straight 190cm | B42: PTCA(AGP) | C42: 1731153 | D42: APW14R010S US | E42: US | F42: 2 | G42: 2 | H42: 2 | I42: 2 | J42: Guide wire circular type | K42: 50°C, 300 minutes Sterilization | L42: C | M42: C | N42: C | O42: ① | P42: N/A | Q42: 1910 | R42: 0.35 | S42: NA | T42: VAL2003002-2、VAL2008008-21, AMD-Q220859, AMD-Q230875, TMVAL2302001-2 | U42: AMD-Q240305, AMD-Q240308, AMD-Q240306
A43: ASAHI PTCA Guide Wire ASAHI SION black Straight 300cm | B43: PTCA(AGP) | C43: 1731154 | D43: APW14R310S US | E43: US | F43: 2 | G43: 2 | H43: 2 | I43: 2 | J43: Guide wire circular type | K43: 50°C, 300 minutes Sterilization | L43: C | M43: C | N43: C | O43: ① | P43: N/A | Q43: 3020 | R43: 0.35 | S43: NA | T43: VAL2003002-2、VAL2008008-21, AMD-Q220859, AMD-Q230875, TMVAL2302001-2 | U43: AMD-Q240305, AMD-Q240308, AMD-Q240306
A44: ASAHI PTCA Guide Wire ASAHI SION black Pre-shape 190cm | B44: PTCA(AGP) | C44: 1731155 | D44: APW14R010P US | E44: US | F44: 2 | G44: 2 | H44: 2 | I44: 2 | J44: Guide wire circular type | K44: 50°C, 300 minutes Sterilization | L44: C | M44: C | N44: C | O44: ① | P44: N/A | Q44: 1910 | R44: 0.35 | S44: NA | T44: VAL2003002-2、VAL2008008-21, AMD-Q220859, AMD-Q230875, TMVAL2302001-2 | U44: AMD-Q240305, AMD-Q240308, AMD-Q240306
A45: ASAHI PTCA Guide Wire ASAHI SION black Pre-shape 300cm | B45: PTCA(AGP) | C45: 1731156 | D45: APW14R310P US | E45: US | F45: 2 | G45: 2 | H45: 2 | I45: 2 | J45: Guide wire circular type | K45: 50°C, 300 minutes Sterilization | L45: C | M45: C | N45: C | O45: ① | P45: N/A | Q45: 3020 | R45: 0.35 | S45: NA | T45: VAL2003002-2、VAL2008008-21, AMD-Q220859, AMD-Q230875, TMVAL2302001-2 | U45: AMD-Q240305, AMD-Q240308, AMD-Q240306
A46: ASAHI PTCA Guide Wire ASAHI SION black 190cm J | B46: PTCA(AGP) | C46: 1731157 | D46: APW14R010J US | E46: US | F46: 2 | G46: 2 | H46: 2 | I46: 2 | J46: Guide wire circular type | K46: 50°C, 300 minutes Sterilization | L46: C | M46: C | N46: C | O46: ① | P46: N/A | Q46: 1910 | R46: 0.35 | S46: NA | T46: VAL2003002-2、VAL2008008-21, AMD-Q220859, AMD-Q230875, TMVAL2302001-2 | U46: AMD-Q240305, AMD-Q240308, AMD-Q240306
A47: ASAHI PTCA Guide Wire ASAHI SION black 300cm J | B47: PTCA(AGP) | C47: 1731158 | D47: APW14R310J US | E47: US | F47: 2 | G47: 2 | H47: 2 | I47: 2 | J47: Guide wire circular type | K47: 50°C, 300 minutes Sterilization | L47: C | M47: C | N47: C | O47: ① | P47: N/A | Q47: 3020 | R47: 0.35 | S47: NA | T47: VAL2003002-2、VAL2008008-21, AMD-Q220859, AMD-Q230875, TMVAL2302001-2 | U47: AMD-Q240305, AMD-Q240308, AMD-Q240306
A48: ASAHI PTCA Guide Wire ASAHI SION blue 190cm | B48: PTCA(AGH) | C48: 1831178 | D48: AH14R104SR JP | E48: J-sales | F48: 3 | G48: 3 | H48: 3 | I48: 3 | J48: Guide wire circular type | K48: 50°C, 300 minutes Sterilization | L48: B | M48: B | N48: B | O48: ① | P48: N/A | Q48: 1910 | R48: 0.36 | S48: NA | T48: VAL2003002-2、VAL2008008-21, TMVAL2104004-2［V1］、AMD-I210603 | U48: AMD-DA41431031, AMD-Q210326,AMD-Q220850 | V48: AMC-C181530, AMC-C210506
A49: ASAHI PTCA Guide Wire ASAHI SION blue | B49: PTCA(AGH) | C49: 1831179 | D49: AH14R004SR JP | E49: J-sales | F49: 3 | G49: 3 | H49: 3 | I49: 3 | J49: Guide wire circular type | K49: 50°C, 300 minutes Sterilization | L49: B | M49: B | N49: B | O49: ① | P49: N/A | Q49: 1810 | R49: 0.36 | S49: NA | T49: VAL2003002-2、VAL2008008-21, TMVAL2104004-2［V1］、AMD-I210603 | U49: AMD-DA41431032, AMD-Q210326,AMD-Q220850 | V49: AMC-C181530 AMC-C210506
A50: ASAHI PTCA Guide Wire ASAHI SION | B50: PTCA(AGH) | C50: 1831191 | D50: AH14R001SR JP | E50: J-sales | F50: 2 | G50: 2 | H50: 2 | I50: 2 | J50: Guide wire circular type | K50: 50°C, 300 minutes Sterilization | L50: B | M50: B | N50: B | O50: ① | P50: N/A | Q50: 1817 | R50: 0.36 | S50: NA | T50: VAL2003002-2、VAL2008008-21, AMD-Q210854 | U50: AMD-DA41361009, AMD-Q210307 | V50: AMC-C181546
A51: ASAHI PTCA Guide Wire ASAHI SION 190cm | B51: PTCA(AGH) | C51: 1831192 | D51: AH14R101SR JP | E51: J-sales | F51: 2 | G51: 2 | H51: 2 | I51: 2 | J51: Guide wire circular type | K51: 50°C, 300 minutes Sterilization | L51: B | M51: B | N51: B | O51: ① | P51: N/A | Q51: 1917 | R51: 0.36 | S51: NA | T51: VAL2003002-2、VAL2008008-21, AMD-Q210854 | U51: AMD-DA41361009, AMD-Q210307 | V51: AMC-C181546
A52: ASAHI PTCA Guide Wire ASAHI SION blue ES 190cm | B52: PTCA(AGH) | C52: 1831194 | D52: AH14R017SR JP | E52: J-sales | F52: 3 | G52: 3 | H52: 3 | I52: 3 | J52: Guide wire circular type | K52: 50°C, 300 minutes Sterilization | L52: B | M52: B | N52: B | O52: ① | P52: N/A | Q52: 1910 | R52: 0.36 | S52: NA | T52: VAL2003002-2、VAL2008008-21 | U52: AMD-DA41611009 | V52: AMC-C181530
A53: ASAHI PTCA Guide Wire ASAHI SION black pre-shape | B53: PTCA(AGP) | C53: 1831230 | D53: AP14R010PR JP | E53: J-sales | F53: 2 | G53: 2 | H53: 2 | I53: 2 | J53: Guide wire circular type | K53: 50°C, 300 minutes Sterilization | L53: C | M53: C | N53: C | O53: ① | P53: N/A | Q53: 1910 | R53: 0.35 | S53: NA | T53: VAL2003002-2、VAL2008008-21, AMD-Q220859, AMD-Q230875, TMVAL2302001-2 | U53: AMD-DA41441008 AMD-Q240305, AMD-Q240308, AMD-Q240306 | V53: AMC-C181699
A54: ASAHI PTCA Guide Wire ASAHI SION black pre-shape 300cm | B54: PTCA(AGP) | C54: 1831231 | D54: AP14R310PR JP | E54: J-sales | F54: 2 | G54: 2 | H54: 2 | I54: 2 | J54: Guide wire circular type | K54: 50°C, 300 minutes Sterilization | L54: C | M54: C | N54: C | O54: ① | P54: N/A | Q54: 3020 | R54: 0.35 | S54: NA | T54: VAL2003002-2、VAL2008008-21, AMD-Q220859, AMD-Q230875, TMVAL2302001-2 | U54: AMD-DA41441008 AMD-Q240305, AMD-Q240308, AMD-Q240306 | V54: AMC-C181699
A55: ASAHI PTCA Guide Wire ASAHI SION black STRAIGHT | B55: PTCA(AGP) | C55: 1831232 | D55: AP14R010SR JP | E55: J-sales | F55: 2 | G55: 2 | H55: 2 | I55: 2 | J55: Guide wire circular type | K55: 50°C, 300 minutes Sterilization | L55: C | M55: C | N55: C | O55: ① | P55: N/A | Q55: 1910 | R55: 0.35 | S55: NA | T55: VAL2003002-2、VAL2008008-21,AMD-Q220859, AMD-Q230875, TMVAL2302001-2 | U55: AMD-DA41441008 AMD-Q240305, AMD-Q240308, AMD-Q240306 | V55: AMC-C181699
A56: ASAHI PTCA Guide Wire ASAHI SION black STRAIGHT 300cm | B56: PTCA(AGP) | C56: 1831233 | D56: AP14R310SR JP | E56: J-sales | F56: 2 | G56: 2 | H56: 2 | I56: 2 | J56: Guide wire circular type | K56: 50°C, 300 minutes Sterilization | L56: C | M56: C | N56: C | O56: ① | P56: N/A | Q56: 3020 | R56: 0.35 | S56: NA | T56: VAL2003002-2、VAL2008008-21, AMD-Q220859, AMD-Q230875, TMVAL2302001-2 | U56: AMD-DA41441008 AMD-Q240305, AMD-Q240308, AMD-Q240306 | V56: AMC-C181699
A57: ASAHI PTCA Guide Wire ASAHI sion blue ES 190cm J | B57: PTCA(AGH) | C57: 1931015 | D57: AHW14R017J KR | E57: KR | F57: 3 | G57: 3 | H57: 2 | I57: × | J57: Guide wire circular type | K57: 50°C, 300 minutes Sterilization | L57: B | M57: B | N57: B | O57: ① | P57: N/A | Q57: 1910 | R57: 0.36 | S57: NA | U57: AMD-DA41611009 | V57: AMC-C191591
A58: ASAHI PTCA Guide Wire ASAHI sion blue ES 300cm J | B58: PTCA(AGH) | C58: 1931016 | D58: AHW14R317J KR | E58: KR | F58: 3 | G58: 3 | H58: 2 | I58: × | J58: Guide wire circular type | K58: 50°C, 300 minutes Sterilization | L58: B | M58: B | N58: B | O58: ① | P58: N/A | Q58: 3030 | R58: 0.36 | S58: NA | U58: AMD-DA41611009 | V58: AMC-C191591
A59: ASAHI PTCA Guide Wire ASAHI sion blue ES 190cm | B59: PTCA(AGH) | C59: 1931017 | D59: AHW14R017S KR | E59: KR | F59: 3 | G59: 3 | H59: 2 | I59: × | J59: Guide wire circular type | K59: 50°C, 300 minutes Sterilization | L59: B | M59: B | N59: B | O59: ① | P59: N/A | Q59: 1910 | R59: 0.36 | S59: NA | U59: AMD-DA41611009 | V59: AMC-C191591
A60: ASAHI PTCA Guide Wire ASAHI sion blue ES 300cm | B60: PTCA(AGH) | C60: 1931018 | D60: AHW14R317S KR | E60: KR | F60: 3 | G60: 3 | H60: 2 | I60: × | J60: Guide wire circular type | K60: 50°C, 300 minutes Sterilization | L60: B | M60: B | N60: B | O60: ① | P60: N/A | Q60: 3030 | R60: 0.36 | S60: NA | U60: AMD-DA41611009 | V60: AMC-C191591
A61: ASAHI PTCA Guide Wire ASAHI SION blue 300cm Pre-shape | B61: PTCA(AGH) | C61: 1931024 | D61: AHW14R304P US | E61: US | F61: 3 | G61: 3 | H61: 2 | I61: 2 | J61: Guide wire circular type | K61: 50°C, 300 minutes Sterilization | L61: B | M61: B | N61: B | O61: ① | P61: N/A | Q61: 3030 | R61: 0.36 | S61: NA | V61: AMC-C191748
A62: ASAHI PTCA Guide Wire ASAHI SION blue 190cm | B62: PTCA(AGH) | C62: 1931025 | D62: AHW14R104S US | E62: US | F62: 3 | G62: 3 | H62: 2 | I62: 2 | J62: Guide wire circular type | K62: 50°C, 300 minutes Sterilization | L62: B | M62: B | N62: B | O62: ① | P62: N/A | Q62: 1910 | R62: 0.36 | S62: NA | V62: AMC-C191748
A63: ASAHI PTCA Guide Wire ASAHI SION blue 190cm J | B63: PTCA(AGH) | C63: 1931026 | D63: AHW14R104J US | E63: US | F63: 3 | G63: 3 | H63: 2 | I63: 2 | J63: Guide wire circular type | K63: 50°C, 300 minutes Sterilization | L63: B | M63: B | N63: B | O63: ① | P63: N/A | Q63: 1910 | R63: 0.36 | S63: NA | V63: AMC-C191748
A64: ASAHI PTCA Guide Wire ASAHI SION blue 190cm Pre-shape | B64: PTCA(AGH) | C64: 1931027 | D64: AHW14R104P US | E64: US | F64: 3 | G64: 3 | H64: 2 | I64: 2 | J64: Guide wire circular type | K64: 50°C, 300 minutes Sterilization | L64: B | M64: B | N64: B | O64: ① | P64: N/A | Q64: 1910 | R64: 0.36 | S64: NA | V64: AMC-C191748
A65: ASAHI PTCA Guide Wire ASAHI SION 300cm Pre-shape | B65: PTCA(AGH) | C65: 1931028 | D65: AHW14R301P US | E65: US | F65: 2 | G65: 2 | H65: 2 | I65: 2 | J65: Guide wire circular type | K65: 50°C, 300 minutes Sterilization | L65: B | M65: B | N65: B | O65: ① | P65: N/A | Q65: 3037 | R65: 0.36 | S65: NA | V65: AMC-C191748
A66: ASAHI PTCA Guide Wire ASAHI SION 190cm Pre-shape | B66: PTCA(AGH) | C66: 1931029 | D66: AHW14R101P US | E66: US | F66: 2 | G66: 2 | H66: 2 | I66: 2 | J66: Guide wire circular type | K66: 50°C, 300 minutes Sterilization | L66: B | M66: B | N66: B | O66: ① | P66: N/A | Q66: 1917 | R66: 0.36 | S66: NA | V66: AMC-C191748
A67: ASAHI PTCA Guide Wire ASAHI SION 190cm | B67: PTCA(AGH) | C67: 1931030 | D67: AHW14R101S US | E67: US | F67: 2 | G67: 2 | H67: 2 | I67: 2 | J67: Guide wire circular type | K67: 50°C, 300 minutes Sterilization | L67: B | M67: B | N67: B | O67: ① | P67: N/A | Q67: 1917 | R67: 0.36 | S67: NA | V67: AMC-C191748
A68: ASAHI PTCA Guide Wire ASAHI SION 190cm J | B68: PTCA(AGH) | C68: 1931034 | D68: AHW14R101J US | E68: US | F68: 2 | G68: 2 | H68: 2 | I68: 2 | J68: Guide wire circular type | K68: 50°C, 300 minutes Sterilization | L68: B | M68: B | N68: B | O68: ① | P68: N/A | Q68: 1917 | R68: 0.36 | S68: NA | V68: AMC-C191748
A69: ASAHI PTCA Guide Wire ASAHI SION blue ES 190cm | B69: PTCA(AGH) | C69: 1931039 | D69: AHW14R017S CN | E69: CHINA | F69: 3 | G69: 3 | H69: × | I69: × | J69: Guide wire circular type | K69: 50°C, 300 minutes Sterilization | L69: B | M69: B | N69: B | O69: ① | P69: N/A | Q69: 1910 | R69: 0.36 | S69: NA | T69: AMD-Q220878、VAL2303006 | U69: AMD-DA41611009,AMD-Q190811(テクニカルレポート）AMD-Q231642 | V69: AMC-C191507, AMC-C220187
A70: ASAHI PTCA Guide Wire ASAHI SION blue ES 300cm | B70: PTCA(AGH) | C70: 1931040 | D70: AHW14R317S CN | E70: CHINA | F70: 3 | G70: 3 | H70: × | I70: × | J70: Guide wire circular type | K70: 50°C, 300 minutes Sterilization | L70: B | M70: B | N70: B | O70: ① | P70: N/A | Q70: 3000 | R70: 0.36 | S70: NA | T70: AMD-Q220878、VAL2303006 | U70: AMD-DA41611009,AMD-Q190811(テクニカルレポート）AMD-Q231642 | V70: AMC-C191507, AMC-C220187
A71: ASAHI PTCA Guide Wire ASAHI SION blue ES 190cm J | B71: PTCA(AGH) | C71: 1931041 | D71: AHW14R017J CN | E71: CHINA | F71: 3 | G71: 3 | H71: × | I71: × | J71: Guide wire circular type | K71: 50°C, 300 minutes Sterilization | L71: B | M71: B | N71: B | O71: ① | P71: N/A | Q71: 1910 | R71: 0.36 | S71: NA | T71: AMD-Q220878、VAL2303006 | U71: AMD-DA41611009,AMD-Q190811(テクニカルレポート）AMD-Q231642 | V71: AMC-C191507, AMC-C220187
A72: ASAHI PTCA Guide Wire ASAHI SION blue ES 300cm J | B72: PTCA(AGH) | C72: 1931042 | D72: AHW14R317J CN | E72: CHINA | F72: 3 | G72: 3 | H72: × | I72: × | J72: Guide wire circular type | K72: 50°C, 300 minutes Sterilization | L72: B | M72: B | N72: B | O72: ① | P72: N/A | Q72: 3000 | R72: 0.36 | S72: NA | T72: AMD-Q220878、VAL2303006 | U72: AMD-DA41611009,AMD-Q190811(テクニカルレポート）AMD-Q231642 | V72: AMC-C191507, AMC-C220187
A73: ASAHI PTCA Guide Wire ASAHI SION 190cm Pre-shape | B73: PTCA(AGH) | C73: 1931150 | D73: AH14R101PR JP | E73: J-Sales | F73: 2 | G73: 2 | H73: 2 | I73: × | J73: Guide wire circular type | K73: 50°C, 300 minutes Sterilization | L73: B | M73: B | N73: B | O73: ① | P73: N/A | Q73: 1917 | R73: 0.36 | S73: NA | T73: AMD-Q190804 | V73: AMC-C181546
A74: ASAHI PTCA Guide Wire ASAHI SION blue 190cm Pre-shape | B74: PTCA(AGH) | C74: 1931154 | D74: AH14R104PR JP | E74: J-Sales | F74: 3 | G74: 3 | H74: 2 | I74: × | J74: Guide wire circular type | K74: 50°C, 300 minutes Sterilization | L74: B | M74: B | N74: B | O74: ① | P74: N/A | Q74: 1910 | R74: 0.36 | S74: NA | T74: AMD-Q190804 | V74: AMC-C201505
A75: ASAHI PTCA Guide Wire ASAHI SION blue ES 190cm Pre-shape | B75: PTCA(AGH) | C75: 1931157 | D75: AH14R017PR JP | E75: J-Sales | F75: 3 | G75: 3 | H75: 2 | I75: 3 | J75: Guide wire circular type | K75: 50°C, 300 minutes Sterilization | L75: B | M75: B | N75: B | O75: ① | P75: N/A | Q75: 1910 | R75: 0.36 | S75: NA | T75: AMD-Q190804 | V75: AMC-C201505
A76: ASAHI PTCA Guide Wire ASAHI SION blue 190cm | B76: PTCA(AGH) | C76: 2131577 | D76: AH14R104SR JP | E76: J-Sales | F76: 3 | G76: 3 | H76: 2 | I76: × | J76: Guide wire circular type | K76: 50°C, 300 minutes Sterilization | L76: B | M76: B | N76: B | O76: ① | P76: N/A | Q76: 1910 | R76: 0.36 | S76: NA
A77: ASAHI PTCA Guide Wire ASAHI SION 180cm | B77: PTCA(AGH) | C77: 2131687 | D77: AHW14R001S NOCE | E77: NO CE (インド) | F77: 2 | G77: 2 | H77: 2 | I77: 2 | J77: Guide wire circular type | K77: 50°C, 300 minutes Sterilization | L77: B | M77: B | N77: B | O77: ① | P77: N/A | Q77: 1817 | R77: 0.36 | S77: NA | T77: MAMD-Q240813 | U77: AMD-Q210307 | V77: AMC-C240322
A78: ASAHI PTCA Guide Wire ASAHI SION 180cm | B78: PTCA(AGH) | C78: 2131687 | D78: AHW14R001S NOCE | E78: NO CE | F78: 2 | G78: 2 | H78: 2 | I78: 2 | J78: Guide wire circular type | K78: 50°C, 300 minutes Sterilization | L78: B | M78: B | N78: B | O78: ① | P78: N/A | Q78: 1817 | R78: 0.36 | S78: NA | T78: MAMD-Q240813 | U78: AMD-Q210307 | V78: AMC-C240322
A79: ASAHI PTCA Guide Wire ASAHI SION 180cm J | B79: PTCA(AGH) | C79: 2131688 | D79: AHW14R001J NOCE | E79: NO CE (インド) | F79: 2 | G79: 2 | H79: 2 | I79: 2 | J79: Guide wire circular type | K79: 50°C, 300 minutes Sterilization | L79: B | M79: B | N79: B | O79: ① | P79: N/A | Q79: 1817 | R79: 0.36 | S79: NA | T79: MAMD-Q240813 | U79: AMD-Q210307 | V79: AMC-C240322
A80: ASAHI PTCA Guide Wire ASAHI SION 180cm J | B80: PTCA(AGH) | C80: 2131688 | D80: AHW14R001J NOCE | E80: NO CE | F80: 2 | G80: 2 | H80: 2 | I80: 2 | J80: Guide wire circular type | K80: 50°C, 300 minutes Sterilization | L80: B | M80: B | N80: B | O80: ① | P80: N/A | Q80: 1817 | R80: 0.36 | S80: NA | T80: MAMD-Q240813 | U80: AMD-Q210307 | V80: AMC-C240322
A81: ASAHI PTCA Guide Wire ASAHI SION 300cm | B81: PTCA(AGH) | C81: 2131689 | D81: AHW14R301S NOCE | E81: NO CE | F81: 2 | G81: 2 | H81: 2 | I81: 2 | J81: Guide wire circular type | K81: 50°C, 300 minutes Sterilization | L81: B | M81: B | N81: B | O81: ① | P81: N/A | Q81: 3037 | R81: 0.36 | S81: NA | T81: AMD-Q220819 | U81: AMD-DA41771056 | V81: AMC-C220059
A82: ASAHI PTCA Guide Wire ASAHI SION 300cm J | B82: PTCA(AGH) | C82: 2131690 | D82: AHW14R301J NOCE | E82: NO CE | F82: 2 | G82: 2 | H82: 2 | I82: 2 | J82: Guide wire circular type | K82: 50°C, 300 minutes Sterilization | L82: B | M82: B | N82: B | O82: ① | P82: N/A | Q82: 3037 | R82: 0.36 | S82: NA | T82: AMD-Q220819 | U82: AMD-DA41771056 | V82: AMC-C220059
A83: ASAHI PTCA Guide Wire ASAHI SION 190cm | B83: PTCA(AGH) | C83: 2131691 | D83: AHW14R101S NOCE | E83: NO CE (インド) | F83: 2 | G83: 2 | H83: 2 | I83: 2 | J83: Guide wire circular type | K83: 50°C, 300 minutes Sterilization | L83: B | M83: B | N83: B | O83: ① | P83: N/A | Q83: 1917 | R83: 0.36 | S83: NA | T83: AMD-Q240813 | U83: AMD-Q220344 | V83: AMC-C240322
A84: ASAHI PTCA Guide Wire ASAHI SION 190cm | B84: PTCA(AGH) | C84: 2131691 | D84: AHW14R101S NOCE | E84: NO CE | F84: 2 | G84: 2 | H84: 2 | I84: 2 | J84: Guide wire circular type | K84: 50°C, 300 minutes Sterilization | L84: B | M84: B | N84: B | O84: ① | P84: N/A | Q84: 1917 | R84: 0.36 | S84: NA | T84: AMD-Q240813 | U84: AMD-Q220344 | V84: AMC-C240322
A85: ASAHI PTCA Guide Wire ASAHI SION 190cm J | B85: PTCA(AGH) | C85: 2131692 | D85: AHW14R101J NOCE | E85: NO CE (インド) | F85: 2 | G85: 2 | H85: 2 | I85: 2 | J85: Guide wire circular type | K85: 50°C, 300 minutes Sterilization | L85: B | M85: B | N85: B | O85: ① | P85: N/A | Q85: 1917 | R85: 0.36 | S85: NA | T85: AMD-Q240813 | U85: AMD-Q220344 | V85: AMC-C240322
A86: ASAHI PTCA Guide Wire ASAHI SION 190cm J | B86: PTCA(AGH) | C86: 2131692 | D86: AHW14R101J NOCE | E86: NO CE | F86: 2 | G86: 2 | H86: 2 | I86: 2 | J86: Guide wire circular type | K86: 50°C, 300 minutes Sterilization | L86: B | M86: B | N86: B | O86: ① | P86: N/A | Q86: 1917 | R86: 0.36 | S86: NA | T86: AMD-Q240813 | U86: AMD-Q220344 | V86: AMC-C240322
A87: ASAHI PTCA Guide Wire ASAHI SION 190cm Pre-shape | B87: PTCA(AGH) | C87: 2131693 | D87: AHW14R101P NOCE | E87: NO CE | F87: 2 | G87: 2 | H87: 2 | I87: 2 | J87: Guide wire circular type | K87: 50°C, 300 minutes Sterilization | L87: B | M87: B | N87: B | O87: ① | P87: N/A | Q87: 1917 | R87: 0.36 | S87: NA | T87: AMD-Q220819 | U87: AMD-DA41771056 | V87: AMC-C220059
A88: ASAHI PTCA Guide Wire ASAHI SION 300cm Pre-shape | B88: PTCA(AGH) | C88: 2131694 | D88: AHW14R301P NOCE | E88: NO CE | F88: 2 | G88: 2 | H88: 2 | I88: 2 | J88: Guide wire circular type | K88: 50°C, 300 minutes Sterilization | L88: B | M88: B | N88: B | O88: ① | P88: N/A | Q88: 3037 | R88: 0.36 | S88: NA | T88: AMD-Q220819 | U88: AMD-DA41771056 | V88: AMC-C220059
... A112: ASAHI PTCA Guide Wire ASAHI SION black 300cm J | B112: PTCA(AGP) | C112: 2131735 | D112: APW14R310J NOCE | E112: NO CE | F112: 2 | G112: 2 | H112: 2 | I112: 2 | J112: Guide wire circular type | K112: 50°C, 300 minutes Sterilization | L112: C | M112: C | N112: C | O112: ① | P112: N/A | Q112: 3020 | R112: 0.35 | S112: NA | T112: AMD-Q220819 | U112: AMD-DA41771056 | V112: AMC-C220059
A113: ASAHI PTCA Guide Wire ASAHI SION 190cm | B113: PTCA(AGH) | C113: 2331088 | D113: AHW14R101S CE2 | E113: CE | F113: 2 | G113: 2 | H113: 2 | I113: × | J113: Guide wire circular type | K113: 50°C, 300 minutes Sterilization | L113: B | M113: B | N113: B | O113: ① | P113: N/A | Q113: 1917 | R113: 0.36 | S113: NA | T113: TFC C号機：滅菌バリレポートAMD-Q251593, 滅菌回数に関するレポート AMD-Q250314 | W113: AMW-Q20230033(#32737)
A114: ASAHI PTCA Guide Wire ASAHI SION 190cm J | B114: PTCA(AGH) | C114: 2331089 | D114: AHW14R101J CE2 | E114: CE | F114: 2 | G114: 2 | H114: 2 | I114: × | J114: Guide wire circular type | K114: 50°C, 300 minutes Sterilization | L114: B | M114: B | N114: B | O114: ① | P114: N/A | Q114: 1917 | R114: 0.36 | S114: NA | W114: AMW-Q20230033(#32737)
A115: ASAHI PTCA Guide Wire ASAHI SION 190cm Pre-shape | B115: PTCA(AGH) | C115: 2331090 | D115: AHW14R101P CE2 | E115: CE | F115: 2 | G115: 2 | H115: 2 | I115: × | J115: Guide wire circular type | K115: 50°C, 300 minutes Sterilization | L115: B | M115: B | N115: B | O115: ① | P115: N/A | Q115: 1917 | R115: 0.36 | S115: NA | W115: AMW-Q20230033(#32737)
A116: ASAHI PTCA Guide Wire ASAHI SION 300cm Pre-shape | B116: PTCA(AGH) | C116: 2331091 | D116: AHW14R301P CE2 | E116: CE | F116: 2 | G116: 2 | H116: 2 | I116: × | J116: Guide wire circular type | K116: 50°C, 300 minutes Sterilization | L116: B | M116: B | N116: B | O116: ① | P116: N/A | Q116: 3037 | R116: 0.36 | S116: NA | W116: AMW-Q20230033(#32737)
A117: ASAHI PTCA Guide Wire ASAHI SION 180cm | B117: PTCA(AGH) | C117: 2331092 | D117: AHW14R001S CE4 | E117: CE | F117: 2 | G117: 2 | H117: 2 | I117: 2 | J117: Guide wire circular type | K117: 50°C, 300 minutes Sterilization | L117: B | M117: B | N117: B | O117: ① | P117: N/A | Q117: 1817 | R117: 0.36 | S117: NA | T117: TFC C号機：滅菌バリレポートAMD-Q251593, 滅菌回数に関するレポート AMD-Q250314 | W117: AMW-Q20230033(#32737)
A118: ASAHI PTCA Guide Wire ASAHI SION 180cm J | B118: PTCA(AGH) | C118: 2331093 | D118: AHW14R001J CE4 | E118: CE | F118: 2 | G118: 2 | H118: 2 | I118: 2 | J118: Guide wire circular type | K118: 50°C, 300 minutes Sterilization | L118: B | M118: B | N118: B | O118: ① | P118: N/A | Q118: 1817 | R118: 0.36 | S118: NA | W118: AMW-Q20230033(#32737)
A119: ASAHI PTCA Guide Wire ASAHI SION 300cm | B119: PTCA(AGH) | C119: 2331094 | D119: AHW14R301S CE4 | E119: CE | F119: 2 | G119: 2 | H119: 2 | I119: 2 | J119: Guide wire circular type | K119: 50°C, 300 minutes Sterilization | L119: B | M119: B | N119: B | O119: ① | P119: N/A | Q119: 3037 | R119: 0.36 | S119: NA | T119: TFC C号機：滅菌バリレポートAMD-Q251593, 滅菌回数に関するレポート AMD-Q250314 | W119: AMW-Q20230033(#32737)
A120: ASAHI PTCA Guide Wire ASAHI SION 300cm J | B120: PTCA(AGH) | C120: 2331095 | D120: AHW14R301J CE4 | E120: CE | F120: 2 | G120: 2 | H120: 2 | I120: 2 | J120: Guide wire circular type | K120: 50°C, 300 minutes Sterilization | L120: B | M120: B | N120: B | O120: ① | P120: N/A | Q120: 3037 | R120: 0.36 | S120: NA | W120: AMW-Q20230033(#32737)
A121: ASAHI PTCA Guide Wire ASAHI SION blue 190cm | B121: PTCA(AGH) | C121: 2331096 | D121: AHW14R104S CE2 | E121: CE | F121: 3 | G121: 3 | H121: 2 | I121: × | J121: Guide wire circular type | K121: 50°C, 300 minutes Sterilization | L121: B | M121: B | N121: B | O121: ① | P121: N/A | Q121: 1910 | R121: 0.36 | S121: NA | T121: TFC C号機：滅菌バリレポートAMD-Q251593, 滅菌回数に関するレポート AMD-Q250314 | W121: AMW-Q20230033(#32737)
A122: ASAHI PTCA Guide Wire ASAHI SION blue 190cm J | B122: PTCA(AGH) | C122: 2331097 | D122: AHW14R104J CE2 | E122: CE | F122: 3 | G122: 3 | H122: 2 | I122: × | J122: Guide wire circular type | K122: 50°C, 300 minutes Sterilization | L122: B | M122: B | N122: B | O122: ① | P122: N/A | Q122: 1910 | R122: 0.36 | S122: NA | W122: AMW-Q20230033(#32737)
A123: ASAHI PTCA Guide Wire ASAHI SION blue 190cm Pre-shape | B123: PTCA(AGH) | C123: 2331098 | D123: AHW14R104P CE2 | E123: CE | F123: 3 | G123: 3 | H123: 2 | I123: × | J123: Guide wire circular type | K123: 50°C, 300 minutes Sterilization | L123: B | M123: B | N123: B | O123: ① | P123: N/A | Q123: 1910 | R123: 0.36 | S123: NA | W123: AMW-Q20230033(#32737)
A124: ASAHI PTCA Guide Wire ASAHI SION blue 300cm Pre-shape | B124: PTCA(AGH) | C124: 2331099 | D124: AHW14R304P CE2 | E124: CE | F124: 3 | G124: 3 | H124: 2 | I124: × | J124: Guide wire circular type | K124: 50°C, 300 minutes Sterilization | L124: B | M124: B | N124: B | O124: ① | P124: N/A | Q124: 3030 | R124: 0.36 | S124: NA | W124: AMW-Q20230033(#32737)
A125: ASAHI PTCA Guide Wire ASAHI SION blue 180cm | B125: PTCA(AGH) | C125: 2331100 | D125: AHW14R004S CE5 | E125: CE | F125: 3 | G125: 3 | H125: 2 | I125: × | J125: Guide wire circular type | K125: 50°C, 300 minutes Sterilization | L125: B | M125: B | N125: B | O125: ① | P125: N/A | Q125: 1800 | R125: 0.36 | S125: NA | T125: TFC C号機：滅菌バリレポートAMD-Q251593, 滅菌回数に関するレポート AMD-Q250314 | W125: AMW-Q20230033(#32737)
A126: ASAHI PTCA Guide Wire ASAHI SION blue 180cm J | B126: PTCA(AGH) | C126: 2331101 | D126: AHW14R004J CE5 | E126: CE | F126: 3 | G126: 3 | H126: 2 | I126: × | J126: Guide wire circular type | K126: 50°C, 300 minutes Sterilization | L126: B | M126: B | N126: B | O126: ① | P126: N/A | Q126: 1800 | R126: 0.36 | S126: NA | W126: AMW-Q20230033(#32737)
A127: ASAHI PTCA Guide Wire ASAHI SION blue 300cm | B127: PTCA(AGH) | C127: 2331102 | D127: AHW14R304S CE5 | E127: CE | F127: 3 | G127: 3 | H127: 2 | I127: × | J127: Guide wire circular type | K127: 50°C, 300 minutes Sterilization | L127: B | M127: B | N127: B | O127: ① | P127: N/A | Q127: 3000 | R127: 0.36 | S127: NA | T127: TFC C号機：滅菌バリレポートAMD-Q251593, 滅菌回数に関するレポート AMD-Q250314 | W127: AMW-Q20230033(#32737)
A128: ASAHI PTCA Guide Wire ASAHI SION blue 300cm J | B128: PTCA(AGH) | C128: 2331103 | D128: AHW14R304J CE5 | E128: CE | F128: 3 | G128: 3 | H128: 2 | I128: × | J128: Guide wire circular type | K128: 50°C, 300 minutes Sterilization | L128: B | M128: B | N128: B | O128: ① | P128: N/A | Q128: 3000 | R128: 0.36 | S128: NA | W128: AMW-Q20230033(#32737)
A129: ASAHI PTCA Guide Wire ASAHI SION blue ES 190cm Pre-shape | B129: PTCA(AGH) | C129: 2331104 | D129: AHW14R017P CE2 | E129: CE | F129: 3 | G129: 3 | H129: 2 | I129: × | J129: Guide wire circular type | K129: 50°C, 300 minutes Sterilization | L129: B | M129: B | N129: B | O129: ① | P129: N/A | Q129: 1910 | R129: 0.36 | S129: NA | W129: AMW-Q20230033(#32737)
A130: ASAHI PTCA Guide Wire ASAHI SION blue ES 300cm Pre-shape | B130: PTCA(AGH) | C130: 2331105 | D130: AHW14R317P CE2 | E130: CE | F130: 3 | G130: 3 | H130: 2 | I130: × | J130: Guide wire circular type | K130: 50°C, 300 minutes Sterilization | L130: B | M130: B | N130: B | O130: ① | P130: N/A | Q130: 3000 | R130: 0.36 | S130: NA | W130: AMW-Q20230033(#32737)
A131: ASAHI PTCA Guide Wire ASAHI SION blue ES 190cm | B131: PTCA(AGH) | C131: 2331106 | D131: AHW14R017S CE5 | E131: CE | F131: 3 | G131: 3 | H131: 2 | I131: × | J131: Guide wire circular type | K131: 50°C, 300 minutes Sterilization | L131: B | M131: B | N131: B | O131: ① | P131: N/A | Q131: 1900 | R131: 0.36 | S131: NA | W131: AMW-Q20230033(#32737)
A132: ASAHI PTCA Guide Wire ASAHI SION blue ES 300cm | B132: PTCA(AGH) | C132: 2331107 | D132: AHW14R317S CE5 | E132: CE | F132: 3 | G132: 3 | H132: 2 | I132: × | J132: Guide wire circular type | K132: 50°C, 300 minutes Sterilization | L132: B | M132: B | N132: B | O132: ① | P132: N/A | Q132: 3000 | R132: 0.36 | S132: NA | W132: AMW-Q20230033(#32737)
...

Sheet H002
A1: =[2]表紙!A1 -> AMI-Q411-H002 Ver.1 | B1: 滅菌対象品一覧AIHM(Gaia series) | R1: 品質保証G
A4: 製品名 | B4: Product Information | C4: 図番 | D4: カタログコード | E4: 仕向け先 | F4: Chamber | J4: 滅菌ファミリー | K4: 滅菌条件 | L4: 無菌試験 ファミリー | M4: バイオバーデン ファミリー | N4: ｴﾝﾄﾞﾄｷｼﾝ試験 ファミリー | O4: エアレーション ファミリー | P4: 微粒汚染 ファミリー | Q4: Length [mm] | R4: O.D.[mm] (Shaft or core) | S4: I.D. [mm] (Shaft) | T4: 滅菌バリデーション | U4: 製品評価レポート | V4: 薬事承認書 | W4: 変更提案、品質関連連絡書
F5: A | G5: B | H5: C | I5: D
A6: ASAHI PTCA Guide Wire ASAHI Gaia Firsr Pre-shape 190cm | B6: PTCA(AGH) | C6: 1136431 | D6: AHW14R007P CN | E6: CHINA | F6: 2 | G6: 2 | H6: 2 | I6: 2 | J6: Guide wire circular type | K6: 50°C, 300 minutes Sterilization | L6: B | M6: B | N6: B | O6: ① | P6: N/A | Q6: 1906 | R6: 0.36 | S6: NA
A7: ASAHI PTCA Guide Wire ASAHI Gaia Firsr Pre-shape 300cm | B7: PTCA(AGH) | C7: 1136432 | D7: AHW14R307P CN | E7: CHINA | F7: 2 | G7: 2 | H7: 2 | I7: 2 | J7: Guide wire circular type | K7: 50°C, 300 minutes Sterilization | L7: B | M7: B | N7: B | O7: ① | P7: N/A | Q7: 3026 | R7: 0.36 | S7: NA
A8: ASAHI PTCA Guide Wire ASAHI Gaia Firsr Straight 190cm | B8: PTCA(AGH) | C8: 1136433 | D8: AHW14R007S CN | E8: CHINA | F8: 2 | G8: 2 | H8: 2 | I8: 2 | J8: Guide wire circular type | K8: 50°C, 300 minutes Sterilization | L8: B | M8: B | N8: B | O8: ① | P8: N/A | Q8: 1906 | R8: 0.36 | S8: NA
A9: ASAHI PTCA Guide Wire ASAHI Gaia Firsr Straight 300cm | B9: PTCA(AGH) | C9: 1136434 | D9: AHW14R307S CN | E9: CHINA | F9: 2 | G9: 2 | H9: 2 | I9: 2 | J9: Guide wire circular type | K9: 50°C, 300 minutes Sterilization | L9: B | M9: B | N9: B | O9: ① | P9: N/A | Q9: 3026 | R9: 0.36 | S9: NA
A10: ASAHI PTCA Guide Wire ASAHI Gaia Second Pre-shape 190cm | B10: PTCA(AGH) | C10: 1436288 | D10: AHW14R008P CN | E10: CHINA | F10: 2 | G10: 2 | H10: 2 | I10: 2 | J10: Guide wire circular type | K10: 50°C, 300 minutes Sterilization | L10: B | M10: B | N10: B | O10: ① | P10: N/A | Q10: 1900 | R10: 0.36 | S10: NA
A11: ASAHI PTCA Guide Wire ASAHI Gaia Second Pre-shape 300cm | B11: PTCA(AGH) | C11: 1436289 | D11: AHW14R308P CN | E11: CHINA | F11: 2 | G11: 2 | H11: 2 | I11: 2 | J11: Guide wire circular type | K11: 50°C, 300 minutes Sterilization | L11: B | M11: B | N11: B | O11: ① | P11: N/A | Q11: 3020 | R11: 0.36 | S11: NA
A12: ASAHI PTCA Guide Wire ASAHI Gaia Second Straight 190cm | B12: PTCA(AGH) | C12: 1436290 | D12: AHW14R008S CN | E12: CHINA | F12: 2 | G12: 2 | H12: 2 | I12: 2 | J12: Guide wire circular type | K12: 50°C, 300 minutes Sterilization | L12: B | M12: B | N12: B | O12: ① | P12: N/A | Q12: 1900 | R12: 0.36 | S12: NA
A13: ASAHI PTCA Guide Wire ASAHI Gaia Second Straight 300cm | B13: PTCA(AGH) | C13: 1436291 | D13: AHW14R308S CN | E13: CHINA | F13: 2 | G13: 2 | H13: 2 | I13: 2 | J13: Guide wire circular type | K13: 50°C, 300 minutes Sterilization | L13: B | M13: B | N13: B | O13: ① | P13: N/A | Q13: 3020 | R13: 0.36 | S13: NA
A14: ASAHI PTCA Guide Wire ASAHI Gaia Third Pre-shape 190cm | B14: PTCA(AGH) | C14: 1436292 | D14: AHW14R011P CN | E14: CHINA | F14: 2 | G14: 2 | H14: 2 | I14: 2 | J14: Guide wire circular type | K14: 50°C, 300 minutes Sterilization | L14: B | M14: B | N14: B | O14: ① | P14: N/A | Q14: 1900 | R14: 0.36 | S14: NA
A15: ASAHI PTCA Guide Wire ASAHI Gaia Third Pre-shape 300cm | B15: PTCA(AGH) | C15: 1436293 | D15: AHW14R311P CN | E15: CHINA | F15: 2 | G15: 2 | H15: 2 | I15: 2 | J15: Guide wire circular type | K15: 50°C, 300 minutes Sterilization | L15: B | M15: B | N15: B | O15: ① | P15: N/A | Q15: 3020 | R15: 0.36 | S15: NA
A16: ASAHI PTCA Guide Wire ASAHI Gaia Third Straight 190cm | B16: PTCA(AGH) | C16: 1436294 | D16: AHW14R011S CN | E16: CHINA | F16: 2 | G16: 2 | H16: 2 | I16: 2 | J16: Guide wire circular type | K16: 50°C, 300 minutes Sterilization | L16: B | M16: B | N16: B | O16: ① | P16: N/A | Q16: 1900 | R16: 0.36 | S16: NA
A17: ASAHI PTCA Guide Wire ASAHI Gaia Third Straight 300cm | B17: PTCA(AGH) | C17: 1436295 | D17: AHW14R311S CN | E17: CHINA | F17: 2 | G17: 2 | H17: 2 | I17: 2 | J17: Guide wire circular type | K17: 50°C, 300 minutes Sterilization | L17: B | M17: B | N17: B | O17: ① | P17: N/A | Q17: 3020 | R17: 0.36 | S17: NA
... A29: ASAHI PTCA Guide Wire ASAHI Gaia Third Straight 300cm | B29: PTCA(AGH) | C29: 1536032 | D29: AHW14R311S KR | E29: KR | F29: 2 | G29: 2 | H29: 2 | I29: 2 | J29: Guide wire circular type | K29: 50°C, 300 minutes Sterilization | L29: B | M29: B | N29: B | O29: ① | P29: N/A | Q29: 3020 | R29: 0.36 | S29: NA
A30: ASAHI Peripheral Guide Wire ASAHI Gaia PV18 Straight 200cm | B30: IVR(AGH) | C30: 1731058 | D30: PHW18R102S KR | E30: KR | F30: 2 | G30: 2 | H30: 2 | I30: 2 | J30: Guide wire circular type | K30: 50°C, 300 minutes Sterilization | L30: B | M30: B | N30: B | O30: ① | P30: N/A | Q30: 2000 | R30: 0.45 | S30: NA | T30: VAL2003002-2、VAL2008008-21 | U30: PENG1907017 | V30: AMC-C171513
A31: ASAHI Peripheral Guide Wire ASAHI Gaia PV18 Pre-shape 200cm | B31: IVR(AGH) | C31: 1731059 | D31: PHW18R102P KR | E31: KR | F31: 2 | G31: 2 | H31: 2 | I31: 2 | J31: Guide wire circular type | K31: 50°C, 300 minutes Sterilization | L31: B | M31: B | N31: B | O31: ① | P31: N/A | Q31: 2000 | R31: 0.45 | S31: NA | T31: VAL2003002-2、VAL2008008-21 | U31: PENG1907017 | V31: AMC-C171513
A32: ASAHI Peripheral Guide Wire ASAHI Gaia PV18 Straight 235cm | B32: IVR(AGH) | C32: 1731060 | D32: PHW18R202S KR | E32: KR | F32: 2 | G32: 2 | H32: 2 | I32: 2 | J32: Guide wire circular type | K32: 50°C, 300 minutes Sterilization | L32: B | M32: B | N32: B | O32: ① | P32: N/A | Q32: 2350 | R32: 0.45 | S32: NA | T32: VAL2003002-2、VAL2008008-21 | U32: PENG1907017 | V32: AMC-C171513
A33: ASAHI Peripheral Guide Wire ASAHI Gaia PV18 Pre-shape 235cm | B33: IVR(AGH) | C33: 1731061 | D33: PHW18R202P KR | E33: KR | F33: 2 | G33: 2 | H33: 2 | I33: 2 | J33: Guide wire circular type | K33: 50°C, 300 minutes Sterilization | L33: B | M33: B | N33: B | O33: ① | P33: N/A | Q33: 2350 | R33: 0.45 | S33: NA | T33: VAL2003002-2、VAL2008008-21 | U33: PENG1907017 | V33: AMC-C171513
A34: ASAHI Peripheral Guide Wire ASAHI Gaia PV18 Straight 300cm | B34: IVR(AGH) | C34: 1731062 | D34: PHW18R302S KR | E34: KR | F34: 2 | G34: 2 | H34: 2 | I34: 2 | J34: Guide wire circular type | K34: 50°C, 300 minutes Sterilization | L34: B | M34: B | N34: B | O34: ① | P34: N/A | Q34: 3000 | R34: 0.45 | S34: NA | T34: VAL2003002-2、VAL2008008-21 | U34: PENG1907017 | V34: AMC-C171513
A35: ASAHI Peripheral Guide Wire ASAHI Gaia PV18 Pre-shape 300cm | B35: IVR(AGH) | C35: 1731063 | D35: PHW18R302P KR | E35: KR | F35: 2 | G35: 2 | H35: 2 | I35: 2 | J35: Guide wire circular type | K35: 50°C, 300 minutes Sterilization | L35: B | M35: B | N35: B | O35: ① | P35: N/A | Q35: 3000 | R35: 0.45 | S35: NA | T35: VAL2003002-2、VAL2008008-21 | U35: PENG1907017 | V35: AMC-C171513
A36: ASAHI PTCA Guide Wire ASAHI Gaia First Pre-shape 190cm | B36: PTCA(AGH) | C36: 1731101 | D36: AHW14R007P US | E36: US | F36: 2 | G36: 2 | H36: 2 | I36: 2 | J36: Guide wire circular type | K36: 50°C, 300 minutes Sterilization | L36: B | M36: B | N36: B | O36: ① | P36: N/A | Q36: 1906 | R36: 0.36 | S36: NA | T36: VAL2003002-2、VAL2008008-21,AMD-Q220882 | U36: AMD-Q240340, AMD-Q240341, AMD-Q240342, AMD-Q240343, AMD-Q240344, AMD-Q240345, TMVAL2401001-2 | V36: AMC-C240292
A37: ASAHI PTCA Guide Wire ASAHI Gaia First Pre-shape 300cm | B37: PTCA(AGH) | C37: 1731102 | D37: AHW14R307P US | E37: US | F37: 2 | G37: 2 | H37: 2 | I37: 2 | J37: Guide wire circular type | K37: 50°C, 300 minutes Sterilization | L37: B | M37: B | N37: B | O37: ① | P37: N/A | Q37: 3026 | R37: 0.36 | S37: NA | T37: VAL2003002-2、VAL2008008-21,AMD-Q220882 | U37: AMD-Q240340, AMD-Q240341, AMD-Q240342, AMD-Q240343, AMD-Q240344, AMD-Q240345, TMVAL2401001-2 | V37: AMC-C240292
A38: ASAHI PTCA Guide Wire ASAHI Gaia First Straight 190cm | B38: PTCA(AGH) | C38: 1731103 | D38: AHW14R007S US | E38: US | F38: 2 | G38: 2 | H38: 2 | I38: 2 | J38: Guide wire circular type | K38: 50°C, 300 minutes Sterilization | L38: B | M38: B | N38: B | O38: ① | P38: N/A | Q38: 1906 | R38: 0.36 | S38: NA | T38: VAL2003002-2、VAL2008008-21,AMD-Q220882 | U38: AMD-Q240340, AMD-Q240341, AMD-Q240342, AMD-Q240343, AMD-Q240344, AMD-Q240345, TMVAL2401001-2 | V38: AMC-C240292
A39: ASAHI PTCA Guide Wire ASAHI Gaia First Straight 300cm | B39: PTCA(AGH) | C39: 1731104 | D39: AHW14R307S US | E39: US | F39: 2 | G39: 2 | H39: 2 | I39: 2 | J39: Guide wire circular type | K39: 50°C, 300 minutes Sterilization | L39: B | M39: B | N39: B | O39: ① | P39: N/A | Q39: 3026 | R39: 0.36 | S39: NA | T39: VAL2003002-2、VAL2008008-21,AMD-Q220882 | U39: AMD-Q240340, AMD-Q240341, AMD-Q240342, AMD-Q240343, AMD-Q240344, AMD-Q240345, TMVAL2401001-2 | V39: AMC-C240292
A40: ASAHI PTCA Guide Wire ASAHI Gaia Second Pre-shape 190cm | B40: PTCA(AGH) | C40: 1731107 | D40: AHW14R008P US | E40: US | F40: 2 | G40: 2 | H40: 2 | I40: 2 | J40: Guide wire circular type | K40: 50°C, 300 minutes Sterilization | L40: B | M40: B | N40: B | O40: ① | P40: N/A | Q40: 1900 | R40: 0.36 | S40: NA | T40: VAL2003002-2、VAL2008008-21,AMD-Q220882 | U40: AMD-Q240340, AMD-Q240341, AMD-Q240342, AMD-Q240343, AMD-Q240344, AMD-Q240345, TMVAL2401001-2 | V40: AMC-C240292
A41: ASAHI PTCA Guide Wire ASAHI Gaia Second Pre-shape 300cm | B41: PTCA(AGH) | C41: 1731108 | D41: AHW14R308P US | E41: US | F41: 2 | G41: 2 | H41: 2 | I41: 2 | J41: Guide wire circular type | K41: 50°C, 300 minutes Sterilization | L41: B | M41: B | N41: B | O41: ① | P41: N/A | Q41: 3020 | R41: 0.36 | S41: NA | T41: VAL2003002-2、VAL2008008-21,AMD-Q220882 | U41: AMD-Q240340, AMD-Q240341, AMD-Q240342, AMD-Q240343, AMD-Q240344, AMD-Q240345, TMVAL2401001-2 | V41: AMC-C240292
... A58: ASAHI Peripheral Guide Wire Gaia PV18 straight 235cm | B58: IVR(AGH) | C58: 1831266 | D58: PH18R202SR JP | E58: J-sales | F58: 2 | G58: 2 | H58: 2 | I58: 2 | J58: Guide wire circular type | K58: 50°C, 300 minutes Sterilization | L58: B | M58: B | N58: B | O58: ① | P58: N/A | Q58: 2350 | R58: 0.45 | S58: NA | T58: VAL2003002-2、VAL2008008-21 | U58: AMD-DA41561007 | V58: AMC-C181594
A59: ASAHI Peripheral Guide Wire Gaia PV18 straight 300cm | C59: 1831267 | D59: PH18R302SR JP | E59: J-sales | F59: 2 | G59: 2 | H59: 2 | I59: 2 | J59: Guide wire circular type | K59: 50°C, 300 minutes Sterilization | L59: B | M59: B | N59: B | O59: ① | P59: N/A | Q59: 3000 | R59: 0.45 | S59: NA | T59: VAL2003002-2、VAL2008008-21 | U59: AMD-DA41561007 | V59: AMC-C181594 | X59: ×
A60: ASAHI Peripheral Guide Wire ASAHI Gaia PV18 Straight 200cm | B60: IVR(AGH) | C60: 1931085 | D60: PHW18R102S CN | E60: CHINA | F60: 2 | G60: 2 | H60: 2 | I60: 2 | J60: Guide wire circular type | K60: 50°C, 300 minutes Sterilization | L60: B | M60: B | N60: B | O60: ① | P60: N/A | Q60: 2000 | R60: 0.45 | S60: NA | T60: AMD-Q190816 | U60: AMD-DG05019008/AMD-DA41561007 | V60: AMC-C191553
A61: ASAHI Peripheral Guide Wire ASAHI Gaia PV18 Pre-shape 200cm | B61: IVR(AGH) | C61: 1931086 | D61: PHW18R102P CN | E61: CHINA | F61: 2 | G61: 2 | H61: 2 | I61: 2 | J61: Guide wire circular type | K61: 50°C, 300 minutes Sterilization | L61: B | M61: B | N61: B | O61: ① | P61: N/A | Q61: 2000 | R61: 0.45 | S61: NA | T61: AMD-Q190816 | U61: AMD-DG05019008/AMD-DA41561008 | V61: AMC-C191553
A62: ASAHI Peripheral Guide Wire ASAHI Gaia PV18 Straight 235cm | B62: IVR(AGH) | C62: 1931087 | D62: PHW18R202S CN | E62: CHINA | F62: 2 | G62: 2 | H62: 2 | I62: 2 | J62: Guide wire circular type | K62: 50°C, 300 minutes Sterilization | L62: B | M62: B | N62: B | O62: ① | P62: N/A | Q62: 2350 | R62: 0.45 | S62: NA | T62: AMD-Q190816 | U62: AMD-DG05019008/AMD-DA41561009 | V62: AMC-C191553
A63: ASAHI Peripheral Guide Wire ASAHI Gaia PV18 Pre-shape 235cm | B63: IVR(AGH) | C63: 1931088 | D63: PHW18R202P CN | E63: CHINA | F63: 2 | G63: 2 | H63: 2 | I63: 2 | J63: Guide wire circular type | K63: 50°C, 300 minutes Sterilization | L63: B | M63: B | N63: B | O63: ① | P63: N/A | Q63: 2350 | R63: 0.45 | S63: NA | T63: AMD-Q190816 | U63: AMD-DG05019008/AMD-DA41561010 | V63: AMC-C191553
A64: ASAHI Peripheral Guide Wire ASAHI Gaia PV18 Straight 300cm | B64: IVR(AGH) | C64: 1931089 | D64: PHW18R302S CN | E64: CHINA | F64: 2 | G64: 2 | H64: 2 | I64: 2 | J64: Guide wire circular type | K64: 50°C, 300 minutes Sterilization | L64: B | M64: B | N64: B | O64: ① | P64: N/A | Q64: 3000 | R64: 0.45 | S64: NA | T64: AMD-Q190816 | U64: AMD-DG05019008/AMD-DA41561011 | V64: AMC-C191553
A65: ASAHI Peripheral Guide Wire ASAHI Gaia PV18 Pre-shape 300cm | B65: IVR(AGH) | C65: 1931090 | D65: PHW18R302P CN | E65: CHINA | F65: 2 | G65: 2 | H65: 2 | I65: 2 | J65: Guide wire circular type | K65: 50°C, 300 minutes Sterilization | L65: B | M65: B | N65: B | O65: ① | P65: N/A | Q65: 3000 | R65: 0.45 | S65: NA | T65: AMD-Q190816 | U65: AMD-DG05019008/AMD-DA41561012 | V65: AMC-C191553
A66: ASAHI PTCA Guide Wire ASAHI Gaia First Pre-shape 190 cm | B66: PTCA(AGH) | C66: 2031173 | D66: AH14R007PR CN | E66: CHINA | F66: 2 | G66: 2 | H66: 2 | I66: 2 | J66: Guide wire circular type | K66: 50°C, 300 minutes Sterilization | L66: B | M66: B | N66: B | O66: ① | P66: A | Q66: 1906 | R66: 0.36 | S66: NA | T66: AIH:AMD-Q200865, VAL2103011-21 AIT:AMO-Q201008, VA0199-1 | V66: AMC-C240088
A67: ASAHI PTCA Guide Wire ASAHI Gaia First Straight 190 cm | B67: PTCA(AGH) | C67: 2031174 | D67: AH14R007SR CN | E67: CHINA | F67: 2 | G67: 2 | H67: 2 | I67: 2 | J67: Guide wire circular type | K67: 50°C, 300 minutes Sterilization | L67: B | M67: B | N67: B | O67: ① | P67: A | Q67: 1906 | R67: 0.36 | S67: NA | T67: AIH:AMD-Q200865, VAL2103011-21 AIT:AMO-Q201008, VA0199-1 | V67: AMC-C240088
A68: ASAHI PTCA Guide Wire ASAHI Gaia First Pre-shape 300 cm | B68: PTCA(AGH) | C68: 2031175 | D68: AH14R307PR CN | E68: CHINA | F68: 2 | G68: 2 | H68: 2 | I68: 2 | J68: Guide wire circular type | K68: 50°C, 300 minutes Sterilization | L68: B | M68: B | N68: B | O68: ① | P68: A | Q68: 3026 | R68: 0.36 | S68: NA | T68: AIH:AMD-Q200865, VAL2103011-21 AIT:AMO-Q201008, VA0199-1 | V68: AMC-C240088
A69: ASAHI PTCA Guide Wire ASAHI Gaia First Straight 300 cm | B69: PTCA(AGH) | C69: 2031176 | D69: AH14R307SR CN | E69: CHINA | F69: 2 | G69: 2 | H69: 2 | I69: 2 | J69: Guide wire circular type | K69: 50°C, 300 minutes Sterilization | L69: B | M69: B | N69: B | O69: ① | P69: A | Q69: 3026 | R69: 0.36 | S69: NA | T69: AIH:AMD-Q200865, VAL2103011-21 AIT:AMO-Q201008, VA0199-1 | V69: AMC-C240088
A70: ASAHI PTCA Guide Wire ASAHI Gaia Second Pre-shape 190 cm | B70: PTCA(AGH) | C70: 2031177 | D70: AH14R008PR CN | E70: CHINA | F70: 2 | G70: 2 | H70: 2 | I70: 2 | J70: Guide wire circular type | K70: 50°C, 300 minutes Sterilization | L70: B | M70: B | N70: B | O70: ① | P70: A | Q70: 1900 | R70: 0.36 | S70: NA | T70: AIH:AMD-Q200865, VAL2103011-21 AIT:AMO-Q201008, VA0199-1 | V70: AMC-C240088
A71: ASAHI PTCA Guide Wire ASAHI Gaia Second Straight 190 cm | B71: PTCA(AGH) | C71: 2031178 | D71: AH14R008SR CN | E71: CHINA | F71: 2 | G71: 2 | H71: 2 | I71: 2 | J71: Guide wire circular type | K71: 50°C, 300 minutes Sterilization | L71: B | M71: B | N71: B | O71: ① | P71: A | Q71: 1900 | R71: 0.36 | S71: NA | T71: AIH:AMD-Q200865, VAL2103011-21 AIT:AMO-Q201008, VA0199-1 | V71: AMC-C240088
A72: ASAHI PTCA Guide Wire ASAHI Gaia Second Pre-shape 300 cm | B72: PTCA(AGH) | C72: 2031179 | D72: AH14R308PR CN | E72: CHINA | F72: 2 | G72: 2 | H72: 2 | I72: 2 | J72: Guide wire circular type | K72: 50°C, 300 minutes Sterilization | L72: B | M72: B | N72: B | O72: ① | P72: A | Q72: 3020 | R72: 0.36 | S72: NA | T72: AIH:AMD-Q200865, VAL2103011-21 AIT:AMO-Q201008, VA0199-1 | V72: AMC-C240088
A73: ASAHI PTCA Guide Wire ASAHI Gaia Second Straight 300 cm | B73: PTCA(AGH) | C73: 2031180 | D73: AH14R308SR CN | E73: CHINA | F73: 2 | G73: 2 | H73: 2 | I73: 2 | J73: Guide wire circular type | K73: 50°C, 300 minutes Sterilization | L73: B | M73: B | N73: B | O73: ① | P73: A | Q73: 3020 | R73: 0.36 | S73: NA | T73: AIH:AMD-Q200865, VAL2103011-21 AIT:AMO-Q201008, VA0199-1 | V73: AMC-C240088
A74: ASAHI PTCA Guide Wire ASAHI Gaia Third Pre-shape 190 cm | B74: PTCA(AGH) | C74: 2031181 | D74: AH14R011PR CN | E74: CHINA | F74: 2 | G74: 2 | H74: 2 | I74: 2 | J74: Guide wire circular type | K74: 50°C, 300 minutes Sterilization | L74: B | M74: B | N74: B | O74: ① | P74: A | Q74: 1900 | R74: 0.36 | S74: NA | T74: AIH:AMD-Q200865, VAL2103011-21 AIT:AMO-Q201008, VA0199-1 | V74: AMC-C240088
A75: ASAHI PTCA Guide Wire ASAHI Gaia Third Straght 190 cm | B75: PTCA(AGH) | C75: 2031182 | D75: AH14R011SR CN | E75: CHINA | F75: 2 | G75: 2 | H75: 2 | I75: 2 | J75: Guide wire circular type | K75: 50°C, 300 minutes Sterilization | L75: B | M75: B | N75: B | O75: ① | P75: A | Q75: 1900 | R75: 0.36 | S75: NA | T75: AIH:AMD-Q200865, VAL2103011-21 AIT:AMO-Q201008, VA0199-1 | V75: AMC-C240088
A76: ASAHI PTCA Guide Wire ASAHI Gaia Third Pre-shape 300 cm | B76: PTCA(AGH) | C76: 2031183 | D76: AH14R311PR CN | E76: CHINA | F76: 2 | G76: 2 | H76: 2 | I76: 2 | J76: Guide wire circular type | K76: 50°C, 300 minutes Sterilization | L76: B | M76: B | N76: B | O76: ① | P76: A | Q76: 3020 | R76: 0.36 | S76: NA | T76: AIH:AMD-Q200865, VAL2103011-21 AIT:AMO-Q201008, VA0199-1 | V76: AMC-C240088
A77: ASAHI PTCA Guide Wire ASAHI Gaia Third Straght 300 cm | B77: PTCA(AGH) | C77: 2031184 | D77: AH14R311SR CN | E77: CHINA | F77: 2 | G77: 2 | H77: 2 | I77: 2 | J77: Guide wire circular type | K77: 50°C, 300 minutes Sterilization | L77: B | M77: B | N77: B | O77: ① | P77: A | Q77: 3020 | R77: 0.36 | S77: NA | T77: AIH:AMD-Q200865, VAL2103011-21 AIT:AMO-Q201008, VA0199-1 | V77: AMC-C240088
A78: ASAHI PTCA Guide Wire ASAHI Gaia First Pre-shape 190cm | B78: PTCA(AGH) | C78: 2131709 | D78: AHW14R007P NOCE | E78: NO CE | F78: 2 | G78: 2 | H78: 2 | I78: 2 | J78: Guide wire circular type | K78: 50°C, 300 minutes Sterilization | L78: B | M78: B | N78: B | O78: ① | P78: N/A | Q78: 1906 | R78: 0.36 | S78: NA | T78: AMD-Q220819 | U78: AMD-DA41771056 | V78: AMC-C220059
A79: ASAHI PTCA Guide Wire ASAHI Gaia First Pre-shape 300cm | B79: PTCA(AGH) | C79: 2131710 | D79: AHW14R307P NOCE | E79: NO CE | F79: 2 | G79: 2 | H79: 2 | I79: 2 | J79: Guide wire circular type | K79: 50°C, 300 minutes Sterilization | L79: B | M79: B | N79: B | O79: ① | P79: N/A | Q79: 3026 | R79: 0.36 | S79: NA | T79: AMD-Q220819 | U79: AMD-DA41771056 | V79: AMC-C220059
A80: ASAHI PTCA Guide Wire ASAHI Gaia First Straight 190cm | B80: PTCA(AGH) | C80: 2131711 | D80: AHW14R007S NOCE | E80: NO CE | F80: 2 | G80: 2 | H80: 2 | I80: 2 | J80: Guide wire circular type | K80: 50°C, 300 minutes Sterilization | L80: B | M80: B | N80: B | O80: ① | P80: N/A | Q80: 1906 | R80: 0.36 | S80: NA | T80: AMD-Q220819 | U80: AMD-DA41771056 | V80: AMC-C220059
A81: ASAHI PTCA Guide Wire ASAHI Gaia First Straight 300cm | B81: PTCA(AGH) | C81: 2131712 | D81: AHW14R307S NOCE | E81: NO CE | F81: 2 | G81: 2 | H81: 2 | I81: 2 | J81: Guide wire circular type | K81: 50°C, 300 minutes Sterilization | L81: B | M81: B | N81: B | O81: ① | P81: N/A | Q81: 3026 | R81: 0.36 | S81: NA | T81: AMD-Q220819 | U81: AMD-DA41771056 | V81: AMC-C220059
A82: ASAHI PTCA Guide Wire ASAHI Gaia Second Pre-shape 190cm | B82: PTCA(AGH) | C82: 2131713 | D82: AHW14R008P NOCE | E82: NO CE | F82: 2 | G82: 2 | H82: 2 | I82: 2 | J82: Guide wire circular type | K82: 50°C, 300 minutes Sterilization | L82: B | M82: B | N82: B | O82: ① | P82: N/A | Q82: 1900 | R82: 0.36 | S82: NA | T82: AMD-Q220819 | U82: AMD-DA41771056 | V82: AMC-C220059
A83: ASAHI PTCA Guide Wire ASAHI Gaia Second Pre-shape 300cm | B83: PTCA(AGH) | C83: 2131714 | D83: AHW14R308P NOCE | E83: NO CE | F83: 2 | G83: 2 | H83: 2 | I83: 2 | J83: Guide wire circular type | K83: 50°C, 300 minutes Sterilization | L83: B | M83: B | N83: B | O83: ① | P83: N/A | Q83: 3020 | R83: 0.36 | S83: NA | T83: AMD-Q220819 | U83: AMD-DA41771056 | V83: AMC-C220059
A84: ASAHI PTCA Guide Wire ASAHI Gaia Second Straight 190cm | B84: PTCA(AGH) | C84: 2131715 | D84: AHW14R008S NOCE | E84: NO CE | F84: 2 | G84: 2 | H84: 2 | I84: 2 | J84: Guide wire circular type | K84: 50°C, 300 minutes Sterilization | L84: B | M84: B | N84: B | O84: ① | P84: N/A | Q84: 1900 | R84: 0.36 | S84: NA | T84: AMD-Q220819 | U84: AMD-DA41771056 | V84: AMC-C220059
A85: ASAHI PTCA Guide Wire ASAHI Gaia Second Straight 300cm | B85: PTCA(AGH) | C85: 2131716 | D85: AHW14R308S NOCE | E85: NO CE | F85: 2 | G85: 2 | H85: 2 | I85: 2 | J85: Guide wire circular type | K85: 50°C, 300 minutes Sterilization | L85: B | M85: B | N85: B | O85: ① | P85: N/A | Q85: 3020 | R85: 0.36 | S85: NA | T85: AMD-Q220819 | U85: AMD-DA41771056 | V85: AMC-C220059
A86: ASAHI PTCA Guide Wire ASAHI Gaia Third Pre-shape 190cm | B86: PTCA(AGH) | C86: 2131717 | D86: AHW14R011P NOCE | E86: NO CE | F86: 2 | G86: 2 | H86: 2 | I86: 2 | J86: Guide wire circular type | K86: 50°C, 300 minutes Sterilization | L86: B | M86: B | N86: B | O86: ① | P86: N/A | Q86: 1900 | R86: 0.36 | S86: NA | T86: AMD-Q220819 | U86: AMD-DA41771056 | V86: AMC-C220059
A87: ASAHI PTCA Guide Wire ASAHI Gaia Third Pre-shape 300cm | B87: PTCA(AGH) | C87: 2131718 | D87: AHW14R311P NOCE | E87: NO CE | F87: 2 | G87: 2 | H87: 2 | I87: 2 | J87: Guide wire circular type | K87: 50°C, 300 minutes Sterilization | L87: B | M87: B | N87: B | O87: ① | P87: N/A | Q87: 3020 | R87: 0.36 | S87: NA | T87: AMD-Q220819 | U87: AMD-DA41771056 | V87: AMC-C220059
A88: ASAHI PTCA Guide Wire ASAHI Gaia Third Straight 190cm | B88: PTCA(AGH) | C88: 2131719 | D88: AHW14R011S NOCE | E88: NO CE | F88: 2 | G88: 2 | H88: 2 | I88: 2 | J88: Guide wire circular type | K88: 50°C, 300 minutes Sterilization | L88: B | M88: B | N88: B | O88: ① | P88: N/A | Q88: 1900 | R88: 0.36 | S88: NA | T88: AMD-Q220819 | U88: AMD-DA41771056 | V88: AMC-C220059
A89: ASAHI PTCA Guide Wire ASAHI Gaia Third Straight 300cm | B89: PTCA(AGH) | C89: 2131720 | D89: AHW14R311S NOCE | E89: NO CE | F89: 2 | G89: 2 | H89: 2 | I89: 2 | J89: Guide wire circular type | K89: 50°C, 300 minutes Sterilization | L89: B | M89: B | N89: B | O89: ① | P89: N/A | Q89: 3020 | R89: 0.36 | S89: NA | T89: AMD-Q220819 | U89: AMD-DA41771056 | V89: AMC-C220059
A90: ASAHI Peripheral Guide Wire ASAHI Gaia PV18 Pre-shape 235cn | B90: IVR(AGH) | C90: 2231001 | D90: PHW18R202P NOCE | E90: NO CE | F90: 2 | G90: 2 | H90: 2 | I90: 2 | J90: Guide wire circular type | K90: 50°C, 300 minutes Sterilization | L90: B | M90: B | N90: B | O90: ① | P90: N/A | Q90: 2350 | R90: 0.45 | S90: NA | T90: AMD-Q220866 | U90: FR議事録AMD-DA41282076、品質連絡書AMC-Q210225、設計移管総括報告書AMD-DA41282076
A91: ASAHI Peripheral Guide Wire ASAHI Gaia PV18 Pre-shape 300cn | B91: IVR(AGH) | C91: 2231002 | D91: PHW18R302P NOCE | E91: NO CE | F91: 2 | G91: 2 | H91: 2 | I91: 2 | J91: Guide wire circular type | K91: 50°C, 300 minutes Sterilization | L91: B | M91: B | N91: B | O91: ① | P91: N/A | Q91: 3000 | R91: 0.45 | S91: NA | T91: AMD-Q220866 | U91: FR議事録AMD-DA41282076、品質連絡書AMC-Q210225、設計移管総括報告書AMD-DA41282076
A92: ASAHI Peripheral Guide Wire ASAHI Gaia PV18 Pre-shape 200cn | B92: IVR(AGH) | C92: 2231003 | D92: PHW18R102P NOCE | E92: NO CE | F92: 2 | G92: 2 | H92: 2 | I92: 2 | J92: Guide wire circular type | K92: 50°C, 300 minutes Sterilization | L92: B | M92: B | N92: B | O92: ① | P92: N/A | Q92: 2000 | R92: 0.45 | S92: NA | T92: AMD-Q220866 | U92: FR議事録AMD-DA41282076、品質連絡書AMC-Q210225、設計移管総括報告書AMD-DA41282076
A93: ASAHI Peripheral Guide Wire ASAHI Gaia PV18 Straight 300cn | B93: IVR(AGH) | C93: 2231004 | D93: PHW18R302S NOCE | E93: NO CE | F93: 2 | G93: 2 | H93: 2 | I93: 2 | J93: Guide wire circular type | K93: 50°C, 300 minutes Sterilization | L93: B | M93: B | N93: B | O93: ① | P93: N/A | Q93: 3000 | R93: 0.45 | S93: NA | T93: AMD-Q220866 | U93: FR議事録AMD-DA41282076、品質連絡書AMC-Q210225、設計移管総括報告書AMD-DA41282076
A94: ASAHI Peripheral Guide Wire ASAHI Gaia PV18 Straight 200cn | B94: IVR(AGH) | C94: 2231005 | D94: PHW18R102S NOCE | E94: NO CE | F94: 2 | G94: 2 | H94: 2 | I94: 2 | J94: Guide wire circular type | K94: 50°C, 300 minutes Sterilization | L94: B | M94: B | N94: B | O94: ① | P94: N/A | Q94: 2000 | R94: 0.45 | S94: NA | T94: AMD-Q220866 | U94: FR議事録AMD-DA41282076、品質連絡書AMC-Q210225、設計移管総括報告書AMD-DA41282076
A95: ASAHI Peripheral Guide Wire ASAHI Gaia PV18 Straight 235cn | B95: IVR(AGH) | C95: 2231006 | D95: PHW18R202S NOCE | E95: NO CE | F95: 2 | G95: 2 | H95: 2 | I95: 2 | J95: Guide wire circular type | K95: 50°C, 300 minutes Sterilization | L95: B | M95: B | N95: B | O95: ① | P95: N/A | Q95: 2350 | R95: 0.45 | S95: NA | T95: AMD-Q220866 | U95: FR議事録AMD-DA41282076、品質連絡書AMC-Q210225、設計移管総括報告書AMD-DA41282076

Sheet H003
A1: =[3]表紙!A1 -> AMI-Q411-H003 Ver.1 | B1: 滅菌対象品一覧AIHM(Fielder series) | R1: 品質保証G
A4: 製品名 | B4: Product Information | C4: 図番 | D4: カタログコード | E4: 仕向け先 | F4: Chamber | J4: 滅菌ファミリー | K4: 滅菌条件 | L4: 無菌試験 ファミリー | M4: バイオバーデン ファミリー | N4: ｴﾝﾄﾞﾄｷｼﾝ試験 ファミリー | O4: エアレーション ファミリー | P4: 微粒汚染 ファミリー | Q4: Length [mm] | R4: O.D. [mm] (Shaft or core) | S4: I.D. [mm] (Shaft) | T4: 滅菌バリデーション | U4: 製品評価レポート | V4: 薬事承認書 | W4: 変更提案、品質関連連絡書
F5: A | G5: B | H5: C | I5: D
A6: ASAHI PTCA Guide Wire Fielder FC 300cm J | B6: PTCA(AGP) | C6: 2331154 | D6: AGP140301J CE4 | E6: CE | F6: 2 | G6: 2 | H6: 2 | I6: 2 | J6: Guide wire circular type | K6: 50°C, 300 minutes Sterilization | L6: C | M6: C | N6: C | O6: ① | P6: N/A | Q6: 3026 | R6: 0.35 | S6: NA
A7: ASAHI PTCA Guide Wire Fielder 180cm | B7: PTCA(AGP) | C7: 2331146 | D7: AGP140000 CE4 | E7: CE | F7: 2 | G7: 2 | H7: 2 | I7: 2 | J7: Guide wire circular type | K7: 50°C, 300 minutes Sterilization | L7: C | M7: C | N7: C | O7: ① | P7: N/A | Q7: 1812 | R7: 0.35 | S7: NA
A8: ASAHI PTCA Guide Wire Fielder FC 300cm | B8: PTCA(AGP) | C8: 2331153 | D8: AGP140301 CE4 | E8: CE | F8: 2 | G8: 2 | H8: 2 | I8: 2 | J8: Guide wire circular type | K8: 50°C, 300 minutes Sterilization | L8: C | M8: C | N8: C | O8: ① | P8: N/A | Q8: 3026 | R8: 0.35 | S8: NA
A9: ASAHI PTCA Guide Wire Fielder FC 180cm J | B9: PTCA(AGP) | C9: 2331152 | D9: AGP140001J CE4 | E9: CE | F9: 2 | G9: 2 | H9: 2 | I9: 2 | J9: Guide wire circular type | K9: 50°C, 300 minutes Sterilization | L9: C | M9: C | N9: C | O9: ① | P9: N/A | Q9: 1806 | R9: 0.35 | S9: NA
A10: ASAHI PTCA Guide Wire Fielder FC 180cm | B10: PTCA(AGP) | C10: 2331151 | D10: AGP140001 CE4 | E10: CE | F10: 2 | G10: 2 | H10: 2 | I10: 2 | J10: Guide wire circular type | K10: 50°C, 300 minutes Sterilization | L10: C | M10: C | N10: C | O10: ① | P10: N/A | Q10: 1806 | R10: 0.35 | S10: NA
A11: ASAHI PTCA Guide Wire Fielder XT 300cm | B11: PTCA(AGP) | C11: 2331150 | D11: AGP140302 CE4 | E11: CE | F11: 2 | G11: 2 | H11: 2 | I11: 2 | J11: Guide wire circular type | K11: 50°C, 300 minutes Sterilization | L11: C | M11: C | N11: C | O11: ① | P11: N/A | Q11: 3026 | R11: 0.35 | S11: NA
A12: ASAHI PTCA Guide Wire Fielder XT 190cm | B12: PTCA(AGP) | C12: 2331149 | D12: AGP140002 CE4 | E12: CE | F12: 2 | G12: 2 | H12: 2 | I12: 2 | J12: Guide wire circular type | K12: 50°C, 300 minutes Sterilization | L12: C | M12: C | N12: C | O12: ① | P12: N/A | Q12: 1906 | R12: 0.35 | S12: NA
A13: ASAHI PTCA Guide Wire Fielder 180cm J | B13: PTCA(AGP) | C13: 2331148 | D13: AGP140000J CE4 | E13: CE | F13: 2 | G13: 2 | H13: 2 | I13: 2 | J13: Guide wire circular type | K13: 50°C, 300 minutes Sterilization | L13: C | M13: C | N13: C | O13: ① | P13: N/A | Q13: 1812 | R13: 0.35 | S13: NA
A14: ASAHI PTCA Guide Wire Fielder 300cm | B14: PTCA(AGP) | C14: 2331147 | D14: AGP140300 CE4 | E14: CE | F14: 2 | G14: 2 | H14: 2 | I14: 2 | J14: Guide wire circular type | K14: 50°C, 300 minutes Sterilization | L14: C | M14: C | N14: C | O14: ① | P14: N/A | Q14: 3032 | R14: 0.35 | S14: NA
A15: ASAHI PTCA Guide Wire Fielder XT-R 300cm | B15: PTCA(AGP) | C15: 2331042 | D15: APW14R305S CE5 | E15: CE | F15: 2 | G15: 2 | H15: 2 | I15: 2 | J15: Guide wire circular type | K15: 50°C, 300 minutes Sterilization | L15: C | M15: C | N15: C | O15: ① | P15: N/A | Q15: 3027 | R15: 0.36 | S15: NA
A16: ASAHI PTCA Guide Wire Fielder XT-R 190cm | B16: PTCA(AGP) | C16: 2331041 | D16: APW14R005S CE5 | E16: CE | F16: 2 | G16: 2 | H16: 2 | I16: 2 | J16: Guide wire circular type | K16: 50°C, 300 minutes Sterilization | L16: C | M16: C | N16: C | O16: ① | P16: N/A | Q16: 1907 | R16: 0.36 | S16: NA
A17: ASAHI PTCA Guide Wire Fielder XT-R 300cm | B17: PTCA(AGP) | C17: 2131724 | D17: APW14R305S NOCE | E17: NO CE | F17: 2 | G17: 2 | H17: 2 | I17: 2 | J17: Guide wire circular type | K17: 50°C, 300 minutes Sterilization | L17: C | M17: C | N17: C | O17: ① | P17: N/A | Q17: 3027 | R17: 0.36 | S17: NA | T17: AMD-Q220819 | U17: AMD-DA41771056 | V17: AMC-C220059
A18: ASAHI PTCA Guide Wire Fielder XT-R 190cm | B18: PTCA(AGP) | C18: 2131723 | D18: APW14R005S NOCE | E18: NO CE | F18: 2 | G18: 2 | H18: 2 | I18: 2 | J18: Guide wire circular type | K18: 50°C, 300 minutes Sterilization | L18: C | M18: C | N18: C | O18: ① | P18: N/A | Q18: 1907 | R18: 0.36 | S18: NA | T18: AMD-Q220819 | U18: AMD-DA41771056 | V18: AMC-C220059
A19: ASAHI PTCA Guide Wire Fielder XT-A 300cm | B19: PTCA(AGP) | C19: 2131722 | D19: APW14R309S NOCE | E19: NO CE | F19: 2 | G19: 2 | H19: 2 | I19: 2 | J19: Guide wire circular type | K19: 50°C, 300 minutes Sterilization | L19: C | M19: C | N19: C | O19: ① | P19: N/A | Q19: 3027 | R19: 0.36 | S19: NA | T19: AMD-Q220819 | U19: AMD-DA41771056 | V19: AMC-C220059
A20: ASAHI PTCA Guide Wire Fielder XT-A 190cm | B20: PTCA(AGP) | C20: 2131721 | D20: APW14R009S NOCE | E20: NO CE | F20: 2 | G20: 2 | H20: 2 | I20: 2 | J20: Guide wire circular type | K20: 50°C, 300 minutes Sterilization | L20: C | M20: C | N20: C | O20: ① | P20: N/A | Q20: 1907 | R20: 0.36 | S20: NA | T20: AMD-Q220819 | U20: AMD-DA41771056 | V20: AMC-C220059
A21: ASAHI PTCA Guide Wire Fielder FC 300cm J | B21: PTCA(AGP) | C21: 2131661 | D21: AGP140301J NOCE | E21: NO CE | F21: 2 | G21: 2 | H21: 2 | I21: 2 | J21: Guide wire circular type | K21: 50°C, 300 minutes Sterilization | L21: C | M21: C | N21: C | O21: ① | P21: N/A | Q21: 3026 | R21: 0.35 | S21: NA | T21: AMD-Q220819 | U21: AMD-DA41771056 | V21: AMC-C220059
A22: ASAHI PTCA Guide Wire Fielder FC 300cm | B22: PTCA(AGP) | C22: 2131660 | D22: AGP140301 NOCE | E22: NO CE (インド) | F22: 2 | G22: 2 | H22: 2 | I22: 2 | J22: Guide wire circular type | K22: 50°C, 300 minutes Sterilization | L22: C | M22: C | N22: C | O22: ① | P22: N/A | Q22: 3026 | R22: 0.35 | S22: NA | T22: MAMD-Q240813 | U22: AMD-Q201411 | V22: AMC-C240322
A23: ASAHI PTCA Guide Wire Fielder FC 300cm | B23: PTCA(AGP) | C23: 2131660 | D23: AGP140301 NOCE | E23: NO CE | F23: 2 | G23: 2 | H23: 2 | I23: 2 | J23: Guide wire circular type | K23: 50°C, 300 minutes Sterilization | L23: C | M23: C | N23: C | O23: ① | P23: N/A | Q23: 3026 | R23: 0.35 | S23: NA | T23: MAMD-Q240813 | U23: AMD-Q201411 | V23: AMC-C240322
A24: ASAHI PTCA Guide Wire Fielder FC 180cm J | B24: PTCA(AGP) | C24: 2131659 | D24: AGP140001J NOCE | E24: NO CE (インド) | F24: 2 | G24: 2 | H24: 2 | I24: 2 | J24: Guide wire circular type | K24: 50°C, 300 minutes Sterilization | L24: C | M24: C | N24: C | O24: ① | P24: N/A | Q24: 1806 | R24: 0.35 | S24: NA | T24: MAMD-Q240813 | U24: AMD-Q201411 | V24: AMC-C240322
A25: ASAHI PTCA Guide Wire Fielder FC 180cm J | B25: PTCA(AGP) | C25: 2131659 | D25: AGP140001J NOCE | E25: NO CE | F25: 2 | G25: 2 | H25: 2 | I25: 2 | J25: Guide wire circular type | K25: 50°C, 300 minutes Sterilization | L25: C | M25: C | N25: C | O25: ① | P25: N/A | Q25: 1806 | R25: 0.35 | S25: NA | T25: MAMD-Q240813 | U25: AMD-Q201411 | V25: AMC-C240322
A26: ASAHI PTCA Guide Wire Fielder FC 180cm | B26: PTCA(AGP) | C26: 2131658 | D26: AGP140001 NOCE | E26: NO CE (インド) | F26: 2 | G26: 2 | H26: 2 | I26: 2 | J26: Guide wire circular type | K26: 50°C, 300 minutes Sterilization | L26: C | M26: C | N26: C | O26: ① | P26: N/A | Q26: 1806 | R26: 0.35 | S26: NA | T26: MAMD-Q240813 | U26: AMD-Q201411 | V26: AMC-C240322
A27: ASAHI PTCA Guide Wire Fielder FC 180cm | B27: PTCA(AGP) | C27: 2131658 | D27: AGP140001 NOCE | E27: NO CE | F27: 2 | G27: 2 | H27: 2 | I27: 2 | J27: Guide wire circular type | K27: 50°C, 300 minutes Sterilization | L27: C | M27: C | N27: C | O27: ① | P27: N/A | Q27: 1806 | R27: 0.35 | S27: NA | T27: MAMD-Q240813 | U27: AMD-Q201411 | V27: AMC-C240322
A28: ASAHI PTCA Guide Wire Fielder XT 300cm | B28: PTCA(AGP) | C28: 2131657 | D28: AGP140302 NOCE | E28: NO CE | F28: 2 | G28: 2 | H28: 2 | I28: 2 | J28: Guide wire circular type | K28: 50°C, 300 minutes Sterilization | L28: C | M28: C | N28: C | O28: ① | P28: N/A | Q28: 3026 | R28: 0.35 | S28: NA | T28: AMD-Q220819 | U28: AMD-DA41771056 | V28: AMC-C220059
... A34: ASAHI PTCA Guide Wire Fielder 180cm | B34: PTCA(AGP) | C34: 2131653 | D34: AGP140000 NOCE | E34: NO CE | F34: 2 | G34: 2 | H34: 2 | I34: 2 | J34: Guide wire circular type | K34: 50°C, 300 minutes Sterilization | L34: C | M34: C | N34: C | O34: ① | P34: N/A | Q34: 1812 | R34: 0.35 | S34: NA | T34: MAMD-Q240813 | U34: AMD-Q201411 | V34: AMC-C240322
A35: PCI Guide Wire Fielder FC 300cm J-shape | B35: PTCA(AGP) | C35: 2131083 | D35: AGP140301J MDR | E35: CE | F35: 2 | G35: 2 | H35: 2 | I35: 2 | J35: Guide wire circular type | K35: 50°C, 300 minutes Sterilization | L35: C | M35: C | N35: C | O35: ① | P35: N/A | Q35: 3026 | R35: 0.35 | S35: NA | T35: AMD-Q210803、AMD-Q210804
A36: PCI Guide Wire Fielder FC 180cm J-shape | B36: PTCA(AGP) | C36: 2131082 | D36: AGP140001J MDR | E36: CE | F36: 2 | G36: 2 | H36: 2 | I36: 2 | J36: Guide wire circular type | K36: 50°C, 300 minutes Sterilization | L36: C | M36: C | N36: C | O36: ① | P36: N/A | Q36: 1806 | R36: 0.35 | S36: NA | T36: AMD-Q210803、AMD-Q210804
A37: PCI Guide Wire Fielder 300cm J-shape | B37: PTCA(AGP) | C37: 2131081 | D37: AGP140300J MDR | E37: CE | F37: 2 | G37: 2 | H37: 2 | I37: 2 | J37: Guide wire circular type | K37: 50°C, 300 minutes Sterilization | L37: C | M37: C | N37: C | O37: ① | P37: N/A | Q37: 3032 | R37: 0.35 | S37: NA | T37: AMD-Q210803、AMD-Q210804
A38: PCI Guide Wire Fielder 180cm J-shape | B38: PTCA(AGP) | C38: 2131080 | D38: AGP140000J MDR | E38: CE | F38: 2 | G38: 2 | H38: 2 | I38: 2 | J38: Guide wire circular type | K38: 50°C, 300 minutes Sterilization | L38: C | M38: C | N38: C | O38: ① | P38: N/A | Q38: 1812 | R38: 0.35 | S38: NA | T38: AMD-Q210803、AMD-Q210804
A39: PCI Guide Wire Fielder XT 300cm Straight | B39: PTCA(AGP) | C39: 2131029 | D39: AGP140302 MDR | E39: CE | F39: 2 | G39: 2 | H39: 2 | I39: 2 | J39: Guide wire circular type | K39: 50°C, 300 minutes Sterilization | L39: C | M39: C | N39: C | O39: ① | P39: N/A | Q39: 3026 | R39: 0.35 | S39: NA | T39: AMD-Q210803、AMD-Q210804
A40: PCI Guide Wire Fielder XT 190cm Straight | B40: PTCA(AGP) | C40: 2131027 | D40: AGP140002 MDR | E40: CE | F40: 2 | G40: 2 | H40: 2 | I40: 2 | J40: Guide wire circular type | K40: 50°C, 300 minutes Sterilization | L40: C | M40: C | N40: C | O40: ① | P40: N/A | Q40: 1906 | R40: 0.35 | S40: NA | T40: AMD-Q210803、AMD-Q210804
A41: PCI Guide Wire Fielder FC 300cm Straight | B41: PTCA(AGP) | C41: 2131026 | D41: AGP140301 MDR | E41: CE | F41: 2 | G41: 2 | H41: 2 | I41: 2 | J41: Guide wire circular type | K41: 50°C, 300 minutes Sterilization | L41: C | M41: C | N41: C | O41: ① | P41: N/A | Q41: 3026 | R41: 0.35 | S41: NA | T41: AMD-Q210803、AMD-Q210804
A42: PCI Guide Wire Fielder FC 180cm Straight | B42: PTCA(AGP) | C42: 2131024 | D42: AGP140001 MDR | E42: CE | F42: 2 | G42: 2 | H42: 2 | I42: 2 | J42: Guide wire circular type | K42: 50°C, 300 minutes Sterilization | L42: C | M42: C | N42: C | O42: ① | P42: N/A | Q42: 1806 | R42: 0.35 | S42: NA | T42: AMD-Q210803、AMD-Q210804
A43: PCI Guide Wire Fielder 300cm Straight | B43: PTCA(AGP) | C43: 2131023 | D43: AGP140300 MDR | E43: CE | F43: 2 | G43: 2 | H43: 2 | I43: 2 | J43: Guide wire circular type | K43: 50°C, 300 minutes Sterilization | L43: C | M43: C | N43: C | O43: ① | P43: N/A | Q43: 3032 | R43: 0.35 | S43: NA | T43: AMD-Q210803、AMD-Q210804
A44: PCI Guide Wire Fielder 180cm Straight | B44: PTCA(AGP) | C44: 2131021 | D44: AGP140000 MDR | E44: CE | F44: 2 | G44: 2 | H44: 2 | I44: 2 | J44: Guide wire circular type | K44: 50°C, 300 minutes Sterilization | L44: C | M44: C | N44: C | O44: ① | P44: N/A | Q44: 1812 | R44: 0.35 | S44: NA | T44: AMD-Q210803、AMD-Q210804
A45: ASAHI PTCA Guide Wire Fielder FC 300cm | B45: PTCA(AGP) | C45: 1831257 | D45: AGP140301R JP | E45: J-sales | F45: 2 | G45: 2 | H45: 2 | I45: 2 | J45: Guide wire circular type | K45: 50°C, 300 minutes Sterilization | L45: C | M45: C | N45: C | O45: ① | P45: N/A | Q45: 3026 | R45: 0.36 | S45: NA | T45: VAL2003002-2、VAL2008008-21 | U45: AMD-DA41311007,AMD-Q201411 | V45: AMC-C181699, AMC-C191677
A46: ASAHI PTCA Guide Wire Fielder FC | B46: PTCA(AGP) | C46: 1831256 | D46: AGP140001R JP | E46: J-sales | F46: 2 | G46: 2 | H46: 2 | I46: 2 | J46: Guide wire circular type | K46: 50°C, 300 minutes Sterilization | L46: C | M46: C | N46: C | O46: ① | P46: N/A | Q46: 1806 | R46: 0.36 | S46: NA | T46: VAL2003002-2、VAL2008008-21 | U46: AMD-DA41311007,AMD-Q201411 | V46: AMC-C181699, AMC-C191677
A47: ASAHI PTCA Guide Wire FIELDER FC 300cm J | B47: PTCA(AGP) | C47: 1731126 | D47: AGP140301J US | E47: US | F47: 2 | G47: 2 | H47: 2 | I47: 2 | J47: Guide wire circular type | K47: 50°C, 300 minutes Sterilization | L47: C | M47: C | N47: C | O47: ① | P47: N/A | Q47: 3026 | R47: 0.35 | S47: NA | T47: VAL2003002-2、VAL2008008-21
A48: ASAHI PTCA Guide Wire FIELDER FC 180cm J | B48: PTCA(AGP) | C48: 1731125 | D48: AGP140001J US | E48: US | F48: 2 | G48: 2 | H48: 2 | I48: 2 | J48: Guide wire circular type | K48: 50°C, 300 minutes Sterilization | L48: C | M48: C | N48: C | O48: ① | P48: N/A | Q48: 1806 | R48: 0.35 | S48: NA | T48: VAL2003002-2、VAL2008008-21
A49: ASAHI PTCA Guide Wire FIELDER FC 300cm | B49: PTCA(AGP) | C49: 1731124 | D49: AGP140301 US | E49: US | F49: 2 | G49: 2 | H49: 2 | I49: 2 | J49: Guide wire circular type | K49: 50°C, 300 minutes Sterilization | L49: C | M49: C | N49: C | O49: ① | P49: N/A | Q49: 3026 | R49: 0.35 | S49: NA | T49: VAL2003002-2、VAL2008008-21
A50: ASAHI PTCA Guide Wire FIELDER FC 180cm | B50: PTCA(AGP) | C50: 1731123 | D50: AGP140001 US | E50: US | F50: 2 | G50: 2 | H50: 2 | I50: 2 | J50: Guide wire circular type | K50: 50°C, 300 minutes Sterilization | L50: C | M50: C | N50: C | O50: ① | P50: N/A | Q50: 1806 | R50: 0.35 | S50: NA | T50: VAL2003002-2、VAL2008008-21
A51: ASAHI PTCA Guide Wire FIELDER 300cm J | B51: PTCA(AGP) | C51: 1731122 | D51: AGP140300J US | E51: US | F51: 2 | G51: 2 | H51: 2 | I51: 2 | J51: Guide wire circular type | K51: 50°C, 300 minutes Sterilization | L51: C | M51: C | N51: C | O51: ① | P51: N/A | Q51: 3032 | R51: 0.35 | S51: NA | T51: VAL2003002-2、VAL2008008-21
A52: ASAHI PTCA Guide Wire FIELDER 180cm J | B52: PTCA(AGP) | C52: 1731121 | D52: AGP140000J US | E52: US | F52: 2 | G52: 2 | H52: 2 | I52: 2 | J52: Guide wire circular type | K52: 50°C, 300 minutes Sterilization | L52: C | M52: C | N52: C | O52: ① | P52: N/A | Q52: 1812 | R52: 0.35 | S52: NA | T52: VAL2003002-2、VAL2008008-21
A53: ASAHI PTCA Guide Wire FIELDER 300cm | B53: PTCA(AGP) | C53: 1731120 | D53: AGP140300 US | E53: US | F53: 2 | G53: 2 | H53: 2 | I53: 2 | J53: Guide wire circular type | K53: 50°C, 300 minutes Sterilization | L53: C | M53: C | N53: C | O53: ① | P53: N/A | Q53: 3032 | R53: 0.35 | S53: NA | T53: VAL2003002-2、VAL2008008-21
A54: ASAHI PTCA Guide Wire FIELDER 180cm | B54: PTCA(AGP) | C54: 1731119 | D54: AGP140000 US | E54: US | F54: 2 | G54: 2 | H54: 2 | I54: 2 | J54: Guide wire circular type | K54: 50°C, 300 minutes Sterilization | L54: C | M54: C | N54: C | O54: ① | P54: N/A | Q54: 1812 | R54: 0.35 | S54: NA | T54: VAL2003002-2、VAL2008008-21
A55: ASAHI PTCA Guide Wire Fielder XT-A 300cm | B55: PTCA(AGP) | C55: 1731106 | D55: APW14R309S US | E55: US | F55: 2 | G55: 2 | H55: 2 | I55: 2 | J55: Guide wire circular type | K55: 50°C, 300 minutes Sterilization | L55: C | M55: C | N55: C | O55: ① | P55: N/A | Q55: 3027 | R55: 0.36 | S55: NA | T55: VAL2003002-2、VAL2008008-21,AMD-Q220882 | U55: TCM:AMD-Q230303, AMD-Q230304
A56: ASAHI PTCA Guide Wire Fielder XT-A 190cm | B56: PTCA(AGP) | C56: 1731105 | D56: APW14R009S US | E56: US | F56: 2 | G56: 2 | H56: 2 | I56: 2 | J56: Guide wire circular type | K56: 50°C, 300 minutes Sterilization | L56: C | M56: C | N56: C | O56: ① | P56: N/A | Q56: 1907 | R56: 0.36 | S56: NA | T56: VAL2003002-2、VAL2008008-21,AMD-Q220882 | U56: TCM:AMD-Q230303, AMD-Q230304
A57: ASAHI PTCA Guide Wire FIELDER XT-R 300cm | B57: PTCA(AGP) | C57: 1731100 | D57: APW14R305S US | E57: US | F57: 2 | G57: 2 | H57: 2 | I57: 2 | J57: Guide wire circular type | K57: 50°C, 300 minutes Sterilization | L57: C | M57: C | N57: C | O57: ① | P57: N/A | Q57: 3027 | R57: 0.36 | S57: NA | T57: VAL2003002-2、VAL2008008-21 TCM:AMD-Q210840 | U57: TCM:AMD-Q230303, AMD-Q230304
A58: ASAHI PTCA Guide Wire FIELDER XT-R 190cm | B58: PTCA(AGP) | C58: 1731099 | D58: APW14R005S US | E58: US | F58: 2 | G58: 2 | H58: 2 | I58: 2 | J58: Guide wire circular type | K58: 50°C, 300 minutes Sterilization | L58: C | M58: C | N58: C | O58: ① | P58: N/A | Q58: 1907 | R58: 0.36 | S58: NA | T58: VAL2003002-2、VAL2008008-21 TCM:AMD-Q210840 | U58: TCM:AMD-Q230303, AMD-Q230304
A59: ASAHI PTCA Guide Wire FIELDER XT 300cm | B59: PTCA(AGP) | C59: 1731086 | D59: AGP140302 US | E59: US | F59: 2 | G59: 2 | H59: 2 | I59: 2 | J59: Guide wire circular type | K59: 50°C, 300 minutes Sterilization | L59: C | M59: C | N59: C | O59: ① | P59: N/A | Q59: 3026 | R59: 0.35 | S59: NA | T59: VAL2003002-2、VAL2008008-21 TCM:AMD-Q210840 | U59: TCM：AMD-Q230303, AMD-Q230304
A60: ASAHI PTCA Guide Wire FIELDER XT 190cm | B60: PTCA(AGP) | C60: 1731085 | D60: AGP140002 US | E60: US | F60: 2 | G60: 2 | H60: 2 | I60: 2 | J60: Guide wire circular type | K60: 50°C, 300 minutes Sterilization | L60: C | M60: C | N60: C | O60: ① | P60: N/A | Q60: 1906 | R60: 0.35 | S60: NA | T60: VAL2003002-2、VAL2008008-21 TCM:AMD-Q210840 | U60: TCM：AMD-Q230303, AMD-Q230304
A61: ASAHI PTCA Guide Wire Fielder XT 300cm | B61: PTCA(AGP) | C61: 1536045 | D61: AGP140302 KR | E61: KR | F61: 2 | G61: 2 | H61: 2 | I61: 2 | J61: Guide wire circular type | K61: 50°C, 300 minutes Sterilization | L61: C | M61: C | N61: C | O61: ① | P61: N/A | Q61: 3026 | R61: 0.35 | S61: NA
A62: ASAHI PTCA Guide Wire Fielder XT 190cm | B62: PTCA(AGP) | C62: 1536044 | D62: AGP140002 KR | E62: KR | F62: 2 | G62: 2 | H62: 2 | I62: 2 | J62: Guide wire circular type | K62: 50°C, 300 minutes Sterilization | L62: C | M62: C | N62: C | O62: ① | P62: N/A | Q62: 1906 | R62: 0.35 | S62: NA
A63: ASAHI PTCA Guide Wire Fielder FC 300cm J | B63: PTCA(AGP) | C63: 1536043 | D63: AGP140301J KR | E63: KR | F63: 2 | G63: 2 | H63: 2 | I63: 2 | J63: Guide wire circular type | K63: 50°C, 300 minutes Sterilization | L63: C | M63: C | N63: C | O63: ① | P63: N/A | Q63: 3026 | R63: 0.35 | S63: NA
A64: ASAHI PTCA Guide Wire Fielder FC 300cm | B64: PTCA(AGP) | C64: 1536042 | D64: AGP140301 KR | E64: KR | F64: 2 | G64: 2 | H64: 2 | I64: 2 | J64: Guide wire circular type | K64: 50°C, 300 minutes Sterilization | L64: C | M64: C | N64: C | O64: ① | P64: N/A | Q64: 3026 | R64: 0.35 | S64: NA
A65: ASAHI PTCA Guide Wire Fielder FC 180cm J | B65: PTCA(AGP) | C65: 1536041 | D65: AGP140001J KR | E65: KR | F65: 2 | G65: 2 | H65: 2 | I65: 2 | J65: Guide wire circular type | K65: 50°C, 300 minutes Sterilization | L65: C | M65: C | N65: C | O65: ① | P65: N/A | Q65: 1806 | R65: 0.35 | S65: NA
A66: ASAHI PTCA Guide Wire Fielder FC 180cm | B66: PTCA(AGP) | C66: 1536040 | D66: AGP140001 KR | E66: KR | F66: 2 | G66: 2 | H66: 2 | I66: 2 | J66: Guide wire circular type | K66: 50°C, 300 minutes Sterilization | L66: C | M66: C | N66: C | O66: ① | P66: N/A | Q66: 1806 | R66: 0.35 | S66: NA
A67: ASAHI PTCA Guide Wire Fielder 180cm J | B67: PTCA(AGP) | C67: 1536039 | D67: AGP140000J KR | E67: KR | F67: 2 | G67: 2 | H67: 2 | I67: 2 | J67: Guide wire circular type | K67: 50°C, 300 minutes Sterilization | L67: C | M67: C | N67: C | O67: ① | P67: N/A | Q67: 1812 | R67: 0.35 | S67: NA
A68: ASAHI PTCA Guide Wire Fielder 300cm | B68: PTCA(AGP) | C68: 1536038 | D68: AGP140300 KR | E68: KR | F68: 2 | G68: 2 | H68: 2 | I68: 2 | J68: Guide wire circular type | K68: 50°C, 300 minutes Sterilization | L68: C | M68: C | N68: C | O68: ① | P68: N/A | Q68: 3032 | R68: 0.35 | S68: NA
A69: ASAHI PTCA Guide Wire Fielder 180cm | B69: PTCA(AGP) | C69: 1536037 | D69: AGP140000 KR | E69: KR | F69: 2 | G69: 2 | H69: 2 | I69: 2 | J69: Guide wire circular type | K69: 50°C, 300 minutes Sterilization | L69: C | M69: C | N69: C | O69: ① | P69: N/A | Q69: 1812 | R69: 0.35 | S69: NA
A70: ASAHI PTCA Guide Wire Fielder XT-A 300cm | B70: PTCA(AGP) | C70: 1536014 | D70: APW14R309S KR | E70: KR | F70: 2 | G70: 2 | H70: 2 | I70: 2 | J70: Guide wire circular type | K70: 50°C, 300 minutes Sterilization | L70: C | M70: C | N70: C | O70: ① | P70: N/A | Q70: 3027 | R70: 0.36 | S70: NA
A71: ASAHI PTCA Guide Wire Fielder XT-A 190cm | B71: PTCA(AGP) | C71: 1536013 | D71: APW14R009S KR | E71: KR | F71: 2 | G71: 2 | H71: 2 | I71: 2 | J71: Guide wire circular type | K71: 50°C, 300 minutes Sterilization | L71: C | M71: C | N71: C | O71: ① | P71: N/A | Q71: 1907 | R71: 0.36 | S71: NA
A72: ASAHI PTCA Guide Wire Fielder XT-R 300cm | B72: PTCA(AGP) | C72: 1536012 | D72: APW14R305S KR | E72: KR | F72: 2 | G72: 2 | H72: 2 | I72: 2 | J72: Guide wire circular type | K72: 50°C, 300 minutes Sterilization | L72: C | M72: C | N72: C | O72: ① | P72: N/A | Q72: 3027 | R72: 0.36 | S72: NA
... A87: ASAHI PTCA Guide Wire Fielder FC 180cm | B87: PTCA(AGP) | C87: 1036062 | D87: AGP140001 CN | E87: CHINA | F87: 2 | G87: 2 | H87: 2 | I87: 2 | J87: Guide wire circular type | K87: 50°C, 300 minutes Sterilization | L87: C | M87: C | N87: C | O87: ① | P87: N/A | Q87: 1806 | R87: 0.35 | S87: NA
A88: ASAHI PTCA Guide Wire Fielder | B88: IVR(AGP) | C88: 1831187 | D88: AGP140000R JP | E88: J-sales | F88: 2 | G88: 2 | H88: 2 | I88: 2 | J88: Guide wire circular type | K88: 50°C, 300 minutes Sterilization | L88: C | M88: C | N88: C | O88: ① | P88: N/A | Q88: 1812 | R88: 0.36 | S88: NA | T88: VAL2003002-2、VAL2008008-21 | U88: AMD-DA41221007、AMD-DA41222008,AMD-Q201411 | V88: AMC-C181699, AMC-C191677

Sheet H004
A1: =[4]表紙!A1 -> AMI-Q411-H004 Ver.1 | B1: 滅菌対象品一覧AIHM(Gladius and Halberd) | R1: 品質保証G
A4: 製品名 | B4: Product Information | C4: 図番 | D4: カタログコード | E4: 仕向け先 | F4: Chamber | J4: 滅菌ファミリー | K4: 滅菌条件 | L4: 無菌試験 ファミリー | M4: バイオバーデン ファミリー | N4: ｴﾝﾄﾞﾄｷｼﾝ試験 ファミリー | O4: エアレーション ファミリー | P4: 微粒汚染 ファミリー | Q4: Length [mm] | R4: O.D.[mm] (Shaft or core) | S4: I.D. [mm] (Shaft) | T4: 滅菌バリデーション | U4: 製品評価レポート | V4: 薬事承認書 | W4: 変更提案、品質関連連絡書
F5: A | G5: B | H5: C | I5: D
A6: ASAHI Peripheral Guide Wire ASAHI Halberd14 Straight 200cm | B6: IVR(AGH) | C6: 1731034 | D6: PHW14R101S KR | E6: KR | F6: 2 | G6: 2 | H6: 2 | I6: 2 | J6: Guide wire circular type | K6: 50°C, 300 minutes Sterilization | L6: B | M6: B | N6: B | O6: ① | P6: N/A | Q6: 2000 | R6: 0.36 | S6: NA | T6: VAL2003002-2、VAL2008008-21
A7: ASAHI Peripheral Guide Wire ASAHI Halberd14 Pre-shape 200cm | B7: IVR(AGH) | C7: 1731035 | D7: PHW14R101P KR | E7: KR | F7: 2 | G7: 2 | H7: 2 | I7: 2 | J7: Guide wire circular type | K7: 50°C, 300 minutes Sterilization | L7: B | M7: B | N7: B | O7: ① | P7: N/A | Q7: 2000 | R7: 0.36 | S7: NA | T7: VAL2003002-2、VAL2008008-21
A8: ASAHI Peripheral Guide Wire ASAHI Halberd14 Straight 235cm | B8: IVR(AGH) | C8: 1731036 | D8: PHW14R201S KR | E8: KR | F8: 2 | G8: 2 | H8: 2 | I8: 2 | J8: Guide wire circular type | K8: 50°C, 300 minutes Sterilization | L8: B | M8: B | N8: B | O8: ① | P8: N/A | Q8: 2350 | R8: 0.36 | S8: NA | T8: VAL2003002-2、VAL2008008-21
A9: ASAHI Peripheral Guide Wire ASAHI Halberd14 Pre-shape 235cm | B9: IVR(AGH) | C9: 1731037 | D9: PHW14R201P KR | E9: KR | F9: 2 | G9: 2 | H9: 2 | I9: 2 | J9: Guide wire circular type | K9: 50°C, 300 minutes Sterilization | L9: B | M9: B | N9: B | O9: ① | P9: N/A | Q9: 2350 | R9: 0.36 | S9: NA | T9: VAL2003002-2、VAL2008008-21
A10: ASAHI Peripheral Guide Wire ASAHI Halberd14 Straight 300cm | B10: IVR(AGH) | C10: 1731038 | D10: PHW14R301S KR | E10: KR | F10: 2 | G10: 2 | H10: 2 | I10: 2 | J10: Guide wire circular type | K10: 50°C, 300 minutes Sterilization | L10: B | M10: B | N10: B | O10: ① | P10: N/A | Q10: 3000 | R10: 0.36 | S10: NA | T10: VAL2003002-2、VAL2008008-21
A11: ASAHI Peripheral Guide Wire ASAHI Halberd14 Pre-shape 300cm | B11: IVR(AGH) | C11: 1731039 | D11: PHW14R301P KR | E11: KR | F11: 2 | G11: 2 | H11: 2 | I11: 2 | J11: Guide wire circular type | K11: 50°C, 300 minutes Sterilization | L11: B | M11: B | N11: B | O11: ① | P11: N/A | Q11: 3000 | R11: 0.36 | S11: NA | T11: VAL2003002-2、VAL2008008-21
A12: ASAHI Peripheral Guide Wire ASAHI Halberd18 Straight 200cm | B12: IVR(AGH) | C12: 1731040 | D12: PHW18R101S KR | E12: KR | F12: 2 | G12: 2 | H12: 2 | I12: 2 | J12: Guide wire circular type | K12: 50°C, 300 minutes Sterilization | L12: B | M12: B | N12: B | O12: ① | P12: N/A | Q12: 2000 | R12: 0.45 | S12: NA | T12: VAL2003002-2、VAL2008008-21
A13: ASAHI Peripheral Guide Wire ASAHI Halberd18 Pre-shape 200cm | B13: IVR(AGH) | C13: 1731041 | D13: PHW18R101P KR | E13: KR | F13: 2 | G13: 2 | H13: 2 | I13: 2 | J13: Guide wire circular type | K13: 50°C, 300 minutes Sterilization | L13: B | M13: B | N13: B | O13: ① | P13: N/A | Q13: 2000 | R13: 0.45 | S13: NA | T13: VAL2003002-2、VAL2008008-21
A14: ASAHI Peripheral Guide Wire ASAHI Halberd18 Straight 235cm | B14: IVR(AGH) | C14: 1731042 | D14: PHW18R201S KR | E14: KR | F14: 2 | G14: 2 | H14: 2 | I14: 2 | J14: Guide wire circular type | K14: 50°C, 300 minutes Sterilization | L14: B | M14: B | N14: B | O14: ① | P14: N/A | Q14: 2350 | R14: 0.45 | S14: NA | T14: VAL2003002-2、VAL2008008-21
A15: ASAHI Peripheral Guide Wire ASAHI Halberd18 Pre-shape 235cm | B15: IVR(AGH) | C15: 1731043 | D15: PHW18R201P KR | E15: KR | F15: 2 | G15: 2 | H15: 2 | I15: 2 | J15: Guide wire circular type | K15: 50°C, 300 minutes Sterilization | L15: B | M15: B | N15: B | O15: ① | P15: N/A | Q15: 2350 | R15: 0.45 | S15: NA | T15: VAL2003002-2、VAL2008008-21
A16: ASAHI Peripheral Guide Wire ASAHI Halberd18 Straight 300cm | B16: IVR(AGH) | C16: 1731044 | D16: PHW18R301S KR | E16: KR | F16: 2 | G16: 2 | H16: 2 | I16: 2 | J16: Guide wire circular type | K16: 50°C, 300 minutes Sterilization | L16: B | M16: B | N16: B | O16: ① | P16: N/A | Q16: 3000 | R16: 0.45 | S16: NA | T16: VAL2003002-2、VAL2008008-21
A17: ASAHI Peripheral Guide Wire ASAHI Halberd18 Pre-shape 300cm | B17: IVR(AGH) | C17: 1731045 | D17: PHW18R301P KR | E17: KR | F17: 2 | G17: 2 | H17: 2 | I17: 2 | J17: Guide wire circular type | K17: 50°C, 300 minutes Sterilization | L17: B | M17: B | N17: B | O17: ① | P17: N/A | Q17: 3000 | R17: 0.45 | S17: NA | T17: VAL2003002-2、VAL2008008-21
A18: ASAHI Peripheral Guide Wire ASAHI Gladius14 Straight 200cm | B18: IVR(AGP) | C18: 1731046 | D18: PPW14R100S KR | E18: KR | F18: 2 | G18: 2 | H18: 2 | I18: 2 | J18: Guide wire circular type | K18: 50°C, 300 minutes Sterilization | L18: C | M18: C | N18: C | O18: ① | P18: N/A | Q18: 2000 | R18: 0.35 | S18: NA | T18: VAL2003002-2、VAL2008008-21 | U18: PENG1907017 | V18: AMC-C171513
A19: ASAHI Peripheral Guide Wire ASAHI Gladius14 Pre-shape 200cm | B19: IVR(AGP) | C19: 1731047 | D19: PPW14R100P KR | E19: KR | F19: 2 | G19: 2 | H19: 2 | I19: 2 | J19: Guide wire circular type | K19: 50°C, 300 minutes Sterilization | L19: C | M19: C | N19: C | O19: ① | P19: N/A | Q19: 2000 | R19: 0.35 | S19: NA | T19: VAL2003002-2、VAL2008008-21 | U19: PENG1907017 | V19: AMC-C171513
A20: ASAHI Peripheral Guide Wire ASAHI Gladius14 Straight 235cm | B20: IVR(AGP) | C20: 1731048 | D20: PPW14R200S KR | E20: KR | F20: 2 | G20: 2 | H20: 2 | I20: 2 | J20: Guide wire circular type | K20: 50°C, 300 minutes Sterilization | L20: C | M20: C | N20: C | O20: ① | P20: N/A | Q20: 2350 | R20: 0.35 | S20: NA | T20: VAL2003002-2、VAL2008008-21 | U20: PENG1907017 | V20: AMC-C171513
A21: ASAHI Peripheral Guide Wire ASAHI Gladius14 Pre-shape 235cm | B21: IVR(AGP) | C21: 1731049 | D21: PPW14R200P KR | E21: KR | F21: 2 | G21: 2 | H21: 2 | I21: 2 | J21: Guide wire circular type | K21: 50°C, 300 minutes Sterilization | L21: C | M21: C | N21: C | O21: ① | P21: N/A | Q21: 2350 | R21: 0.35 | S21: NA | T21: VAL2003002-2、VAL2008008-21 | U21: PENG1907017 | V21: AMC-C171513
A22: ASAHI Peripheral Guide Wire ASAHI Gladius14 Straight 300cm | B22: IVR(AGP) | C22: 1731050 | D22: PPW14R300S KR | E22: KR | F22: 2 | G22: 2 | H22: 2 | I22: 2 | J22: Guide wire circular type | K22: 50°C, 300 minutes Sterilization | L22: C | M22: C | N22: C | O22: ① | P22: N/A | Q22: 3000 | R22: 0.35 | S22: NA | T22: VAL2003002-2、VAL2008008-21 | U22: PENG1907017 | V22: AMC-C171513
A23: ASAHI Peripheral Guide Wire ASAHI Gladius14 Pre-shape 300cm | B23: IVR(AGP) | C23: 1731051 | D23: PPW14R300P KR | E23: KR | F23: 2 | G23: 2 | H23: 2 | I23: 2 | J23: Guide wire circular type | K23: 50°C, 300 minutes Sterilization | L23: C | M23: C | N23: C | O23: ① | P23: N/A | Q23: 3000 | R23: 0.35 | S23: NA | T23: VAL2003002-2、VAL2008008-21 | U23: PENG1907017 | V23: AMC-C171513
A24: ASAHI Peripheral Guide Wire ASAHI Gladius18 Straight 200cm | B24: IVR(AGP) | C24: 1731052 | D24: PPW18R100S KR | E24: KR | F24: 2 | G24: 2 | H24: 2 | I24: 2 | J24: Guide wire circular type | K24: 50°C, 300 minutes Sterilization | L24: C | M24: C | N24: C | O24: ① | P24: N/A | Q24: 2007 | R24: 0.45 | S24: NA | T24: VAL2003002-2、VAL2008008-21 | U24: PENG1907017 | V24: AMC-C171513
A25: ASAHI Peripheral Guide Wire ASAHI Gladius18 Pre-shape 200cm | B25: IVR(AGP) | C25: 1731053 | D25: PPW18R100P KR | E25: KR | F25: 2 | G25: 2 | H25: 2 | I25: 2 | J25: Guide wire circular type | K25: 50°C, 300 minutes Sterilization | L25: C | M25: C | N25: C | O25: ① | P25: N/A | Q25: 2007 | R25: 0.45 | S25: NA | T25: VAL2003002-2、VAL2008008-21 | U25: PENG1907017 | V25: AMC-C171513
A26: ASAHI Peripheral Guide Wire ASAHI Gladius18 Straight 235cm | B26: IVR(AGP) | C26: 1731054 | D26: PPW18R200S KR | E26: KR | F26: 2 | G26: 2 | H26: 2 | I26: 2 | J26: Guide wire circular type | K26: 50°C, 300 minutes Sterilization | L26: C | M26: C | N26: C | O26: ① | P26: N/A | Q26: 2357 | R26: 0.45 | S26: NA | T26: VAL2003002-2、VAL2008008-21 | U26: PENG1907017 | V26: AMC-C171513
A27: ASAHI Peripheral Guide Wire ASAHI Gladius18 Pre-shape 235cm | B27: IVR(AGP) | C27: 1731055 | D27: PPW18R200P KR | E27: KR | F27: 2 | G27: 2 | H27: 2 | I27: 2 | J27: Guide wire circular type | K27: 50°C, 300 minutes Sterilization | L27: C | M27: C | N27: C | O27: ① | P27: N/A | Q27: 2357 | R27: 0.45 | S27: NA | T27: VAL2003002-2、VAL2008008-21 | U27: PENG1907017 | V27: AMC-C171513
A28: ASAHI Peripheral Guide Wire ASAHI Gladius18 Straight 300cm | B28: IVR(AGP) | C28: 1731056 | D28: PPW18R300S KR | E28: KR | F28: 2 | G28: 2 | H28: 2 | I28: 2 | J28: Guide wire circular type | K28: 50°C, 300 minutes Sterilization | L28: C | M28: C | N28: C | O28: ① | P28: N/A | Q28: 3000 | R28: 0.45 | S28: NA | T28: VAL2003002-2、VAL2008008-21 | U28: PENG1907017 | V28: AMC-C171513
A29: ASAHI Peripheral Guide Wire ASAHI Gladius18 Pre-shape 300cm | B29: IVR(AGP) | C29: 1731057 | D29: PPW18R300P KR | E29: KR | F29: 2 | G29: 2 | H29: 2 | I29: 2 | J29: Guide wire circular type | K29: 50°C, 300 minutes Sterilization | L29: C | M29: C | N29: C | O29: ① | P29: N/A | Q29: 3000 | R29: 0.45 | S29: NA | T29: VAL2003002-2、VAL2008008-21 | U29: PENG1907017 | V29: AMC-C171513
... A77: ASAHI Peripheral Guide Wire ASAHI Halberd18 Pre-shape 300cm | B77: IVR(AGH) | C77: 1931114 | D77: PHW18R301P CN | E77: CHINA | F77: 2 | G77: 2 | H77: 2 | I77: 2 | J77: Guide wire circular type | K77: 50°C, 300 minutes Sterilization | L77: B | M77: B | N77: B | O77: ① | P77: N/A | Q77: 3000 | R77: 0.45 | S77: NA | T77: AMD-Q190816 | U77: AMD-DG05019008/AMD-DA41601007 | V77: AMC-C191553
A78: ASAHI PTCA Guide Wire ASAHI Gladius EX 200cm Straight | B78: IVR(AGP) | C78: 1931145 | D78: AP14R025S JP | E78: J-sales | F78: 3 | G78: 3 | H78: × | I78: × | J78: Guide wire circular type | K78: 50°C, 300 minutes Sterilization | L78: C | M78: C | N78: C | O78: ① | P78: N/A | Q78: 2000 | R78: 0.35 | S78: NA | T78: AMD-Q180821 | U78: AMD-DG40241152 | V78: AMC-C191691
A79: ASAHI PTCA Guide Wire ASAHI Gladius EX 200cm Pre-shape | B79: IVR(AGP) | C79: 1931146 | D79: AP14R025P JP | E79: J-sales | F79: 3 | G79: 3 | H79: × | I79: × | J79: Guide wire circular type | K79: 50°C, 300 minutes Sterilization | L79: C | M79: C | N79: C | O79: ① | P79: N/A | Q79: 2000 | R79: 0.35 | S79: NA | T79: AMD-Q180821 | U79: AMD-DG40241152 | V79: AMC-C191691
A80: ASAHI PTCA Guide Wire ASAHI Gladius EX 300cm Straight | B80: IVR(AGP) | C80: 1931147 | D80: AP14R325S JP | E80: J-sales | F80: 3 | G80: 3 | H80: × | I80: × | J80: Guide wire circular type | K80: 50°C, 300 minutes Sterilization | L80: C | M80: C | N80: C | O80: ① | P80: N/A | Q80: 3000 | R80: 0.35 | S80: NA | T80: AMD-Q180821 | U80: AMD-DG40241152 | V80: AMC-C191691
A81: ASAHI PTCA Guide Wire ASAHI Gladius EX 300cm Pre-shape | B81: IVR(AGP) | C81: 1931148 | D81: AP14R325P JP | E81: J-Sales | F81: 3 | G81: 3 | H81: × | I81: × | J81: Guide wire circular type | K81: 50°C, 300 minutes Sterilization | L81: C | M81: C | N81: C | O81: ① | P81: N/A | Q81: 3000 | R81: 0.35 | S81: NA | T81: AMD-Q180821 | U81: AMD-DG40241152 | V81: AMC-C191691
A82: Gladius EX SR 200cm Straight | B82: PTCA(AGP) | C82: 2231260 | D82: AP14R025S-SR JP | E82: J-sales | F82: 1 | G82: 1 | H82: × | I82: × | J82: Guide wire circular type | K82: 50°C, 300 minutes Sterilization | L82: C | M82: C | N82: C | O82: ① | P82: N/A | Q82: 2000 | R82: 0.36 | S82: NA | T82: AMD-Q230878 | U82: AMD-DA46371037, AMD-DA46371040, AMD-DA46371105 | V82: AMC-C240124
A83: Gladius EX SR 300cm Straight | B83: PTCA(AGP) | C83: 2231261 | D83: AP14R325S-SR JP | E83: J-sales | F83: 1 | G83: 1 | H83: × | I83: × | J83: Guide wire circular type | K83: 50°C, 300 minutes Sterilization | L83: C | M83: C | N83: C | O83: ① | P83: N/A | Q83: 3000 | R83: 0.36 | S83: NA | T83: AMD-Q230878 | U83: AMD-DA46371037, AMD-DA46371040, AMD-DA46371105 | V83: AMC-C240124
A84: ASAHI Peripheral Guide Wire ASAHI Halberd14 Straight 200cm | B84: IVR(AGH) | C84: 2331196 | D84: PHW14R101S CE5 | E84: CE | F84: 3 | G84: 3 | H84: × | I84: 3 | J84: Guide wire circular type | K84: 50°C, 300 minutes Sterilization | L84: B | M84: B | N84: B | O84: ① | P84: N/A | Q84: 2000 | R84: 0.36 | S84: NA
A85: ASAHI Peripheral Guide Wire ASAHI Halberd14 Pre-shape 200cm | B85: IVR(AGH) | C85: 2331197 | D85: PHW14R101P CE5 | E85: CE | F85: 3 | G85: 3 | H85: × | I85: 3 | J85: Guide wire circular type | K85: 50°C, 300 minutes Sterilization | L85: B | M85: B | N85: B | O85: ① | P85: N/A | Q85: 2000 | R85: 0.36 | S85: NA
A86: ASAHI Peripheral Guide Wire ASAHI Halberd14 Straight 235cm | B86: IVR(AGH) | C86: 2331198 | D86: PHW14R201S CE5 | E86: CE | F86: 3 | G86: 3 | H86: × | I86: 3 | J86: Guide wire circular type | K86: 50°C, 300 minutes Sterilization | L86: B | M86: B | N86: B | O86: ① | P86: N/A | Q86: 2350 | R86: 0.36 | S86: NA
A87: ASAHI Peripheral Guide Wire ASAHI Halberd14 Pre-shape 235cm | B87: IVR(AGH) | C87: 2331199 | D87: PHW14R201P CE5 | E87: CE | F87: 3 | G87: 3 | H87: × | I87: 3 | J87: Guide wire circular type | K87: 50°C, 300 minutes Sterilization | L87: B | M87: B | N87: B | O87: ① | P87: N/A | Q87: 2350 | R87: 0.36 | S87: NA
A88: ASAHI Peripheral Guide Wire ASAHI Halberd14 Straight 300cm | B88: IVR(AGH) | C88: 2331200 | D88: PHW14R301S CE5 | E88: CE | F88: 3 | G88: 3 | H88: × | I88: 3 | J88: Guide wire circular type | K88: 50°C, 300 minutes Sterilization | L88: B | M88: B | N88: B | O88: ① | P88: N/A | Q88: 3000 | R88: 0.36 | S88: NA
A89: ASAHI Peripheral Guide Wire ASAHI Halberd14 Pre-shape 300cm | B89: IVR(AGH) | C89: 2331201 | D89: PHW14R301P CE5 | E89: CE | F89: 3 | G89: 3 | H89: × | I89: 3 | J89: Guide wire circular type | K89: 50°C, 300 minutes Sterilization | L89: B | M89: B | N89: B | O89: ① | P89: N/A | Q89: 3000 | R89: 0.36 | S89: NA
A90: ASAHI Peripheral Guide Wire ASAHI Gladius14 Straight 200cm | B90: IVR(AGP) | C90: 2331208 | D90: PPW14R100S CE5 | E90: CE | F90: 3 | G90: 3 | H90: × | I90: 3 | J90: Guide wire circular type | K90: 50°C, 300 minutes Sterilization | L90: C | M90: C | N90: C | O90: ① | P90: N/A | Q90: 2000 | R90: 0.35 | S90: NA
A91: ASAHI Peripheral Guide Wire ASAHI Gladius14 Pre-shape 200cm | B91: IVR(AGP) | C91: 2331209 | D91: PPW14R100P CE5 | E91: CE | F91: 3 | G91: 3 | H91: × | I91: 3 | J91: Guide wire circular type | K91: 50°C, 300 minutes Sterilization | L91: C | M91: C | N91: C | O91: ① | P91: N/A | Q91: 2000 | R91: 0.35 | S91: NA
A92: ASAHI Peripheral Guide Wire ASAHI Gladius14 Straight 235cm | B92: IVR(AGP) | C92: 2331210 | D92: PPW14R200S CE5 | E92: CE | F92: 3 | G92: 3 | H92: × | I92: 3 | J92: Guide wire circular type | K92: 50°C, 300 minutes Sterilization | L92: C | M92: C | N92: C | O92: ① | P92: N/A | Q92: 2350 | R92: 0.35 | S92: NA
A93: ASAHI Peripheral Guide Wire ASAHI Gladius14 Pre-shape 235cm | B93: IVR(AGP) | C93: 2331211 | D93: PPW14R200P CE5 | E93: CE | F93: 3 | G93: 3 | H93: × | I93: 3 | J93: Guide wire circular type | K93: 50°C, 300 minutes Sterilization | L93: C | M93: C | N93: C | O93: ① | P93: N/A | Q93: 2350 | R93: 0.35 | S93: NA
A94: ASAHI Peripheral Guide Wire ASAHI Gladius14 Straight 300cm | B94: IVR(AGP) | C94: 2331212 | D94: PPW14R300S CE5 | E94: CE | F94: 3 | G94: 3 | H94: × | I94: 3 | J94: Guide wire circular type | K94: 50°C, 300 minutes Sterilization | L94: C | M94: C | N94: C | O94: ① | P94: N/A | Q94: 3000 | R94: 0.35 | S94: NA
A95: ASAHI Peripheral Guide Wire ASAHI Gladius14 Pre-shape 300cm | B95: IVR(AGP) | C95: 2331213 | D95: PPW14R300P CE5 | E95: CE | F95: 3 | G95: 3 | H95: × | I95: 3 | J95: Guide wire circular type | K95: 50°C, 300 minutes Sterilization | L95: C | M95: C | N95: C | O95: ① | P95: N/A | Q95: 3000 | R95: 0.35 | S95: NA
A96: ASAHI Peripheral Guide Wire Halberd14 Straight 200cm | B96: IVR(AGH) | C96: 2231011 | D96: PHW14R101S NOCE | E96: NO CE | F96: 2 | G96: 2 | H96: 2 | I96: 2 | J96: Guide wire circular type | K96: 50°C, 300 minutes Sterilization | L96: B | M96: B | N96: B | O96: ① | P96: N/A | Q96: 2000 | R96: 0.36 | S96: NA | T96: AMD-Q220866 | U96: FR議事録AMD-DA41282076、品質連絡書AMC-Q210225、設計移管総括報告書AMD-DA41282076
A97: ASAHI Peripheral Guide Wire Halberd14 Pre-shape 200cm | B97: IVR(AGH) | C97: 2231012 | D97: PHW14R101P NOCE | E97: NO CE | F97: 2 | G97: 2 | H97: 2 | I97: 2 | J97: Guide wire circular type | K97: 50°C, 300 minutes Sterilization | L97: B | M97: B | N97: B | O97: ① | P97: N/A | Q97: 2000 | R97: 0.36 | S97: NA | T97: AMD-Q220866 | U97: FR議事録AMD-DA41282076、品質連絡書AMC-Q210225、設計移管総括報告書AMD-DA41282076
A98: ASAHI Peripheral Guide Wire Halberd14 Straight 235cm | B98: IVR(AGH) | C98: 2231013 | D98: PHW14R201S NOCE | E98: NO CE | F98: 2 | G98: 2 | H98: 2 | I98: 2 | J98: Guide wire circular type | K98: 50°C, 300 minutes Sterilization | L98: B | M98: B | N98: B | O98: ① | P98: N/A | Q98: 2350 | R98: 0.36 | S98: NA | T98: AMD-Q220866 | U98: FR議事録AMD-DA41282076、品質連絡書AMC-Q210225、設計移管総括報告書AMD-DA41282076
A99: ASAHI Peripheral Guide Wire Halberd14 Pre-shape 235cm | B99: IVR(AGH) | C99: 2231014 | D99: PHW14R201P NOCE | E99: NO CE | F99: 2 | G99: 2 | H99: 2 | I99: 2 | J99: Guide wire circular type | K99: 50°C, 300 minutes Sterilization | L99: B | M99: B | N99: B | O99: ① | P99: N/A | Q99: 2350 | R99: 0.36 | S99: NA | T99: AMD-Q220866 | U99: FR議事録AMD-DA41282076、品質連絡書AMC-Q210225、設計移管総括報告書AMD-DA41282076
A100: ASAHI Peripheral Guide Wire Halberd14 Straight 300cm | B100: IVR(AGH) | C100: 2231015 | D100: PHW14R301S NOCE | E100: NO CE | F100: 2 | G100: 2 | H100: 2 | I100: 2 | J100: Guide wire circular type | K100: 50°C, 300 minutes Sterilization | L100: B | M100: B | N100: B | O100: ① | P100: N/A | Q100: 3000 | R100: 0.36 | S100: NA | T100: AMD-Q220866 | U100: FR議事録AMD-DA41282076、品質連絡書AMC-Q210225、設計移管総括報告書AMD-DA41282076
A101: ASAHI Peripheral Guide Wire Halberd14 Pre-shape 300cm | B101: IVR(AGH) | C101: 2231016 | D101: PHW14R301P NOCE | E101: NO CE | F101: 2 | G101: 2 | H101: 2 | I101: 2 | J101: Guide wire circular type | K101: 50°C, 300 minutes Sterilization | L101: B | M101: B | N101: B | O101: ① | P101: N/A | Q101: 3000 | R101: 0.36 | S101: NA | T101: AMD-Q220866 | U101: FR議事録AMD-DA41282076、品質連絡書AMC-Q210225、設計移管総括報告書AMD-DA41282076
A102: ASAHI Peripheral Guide Wire Halberd18 Straight 200cm | B102: IVR(AGH) | C102: 2231017 | D102: PHW18R101S NOCE | E102: NO CE | F102: 2 | G102: 2 | H102: 2 | I102: 2 | J102: Guide wire circular type | K102: 50°C, 300 minutes Sterilization | L102: B | M102: B | N102: B | O102: ① | P102: N/A | Q102: 2000 | R102: 0.45 | S102: NA | T102: AMD-Q220866 | U102: FR議事録AMD-DA41282076、品質連絡書AMC-Q210225、設計移管総括報告書AMD-DA41282076
A103: ASAHI Peripheral Guide Wire Halberd18 Pre-shape 200cm | B103: IVR(AGH) | C103: 2231018 | D103: PHW18R101P NOCE | E103: NO CE | F103: 2 | G103: 2 | H103: 2 | I103: 2 | J103: Guide wire circular type | K103: 50°C, 300 minutes Sterilization | L103: B | M103: B | N103: B | O103: ① | P103: N/A | Q103: 2000 | R103: 0.45 | S103: NA | T103: AMD-Q220866 | U103: FR議事録AMD-DA41282076、品質連絡書AMC-Q210225、設計移管総括報告書AMD-DA41282076
A104: ASAHI Peripheral Guide Wire Halberd18 Straight 235cm | B104: IVR(AGH) | C104: 2231019 | D104: PHW18R201S NOCE | E104: NO CE | F104: 2 | G104: 2 | H104: 2 | I104: 2 | J104: Guide wire circular type | K104: 50°C, 300 minutes Sterilization | L104: B | M104: B | N104: B | O104: ① | P104: N/A | Q104: 2350 | R104: 0.45 | S104: NA | T104: AMD-Q220866 | U104: FR議事録AMD-DA41282076、品質連絡書AMC-Q210225、設計移管総括報告書AMD-DA41282076
A105: ASAHI Peripheral Guide Wire Halberd18 Pre-shape 235cm | B105: IVR(AGH) | C105: 2231020 | D105: PHW18R201P NOCE | E105: NO CE | F105: 2 | G105: 2 | H105: 2 | I105: 2 | J105: Guide wire circular type | K105: 50°C, 300 minutes Sterilization | L105: B | M105: B | N105: B | O105: ① | P105: N/A | Q105: 2350 | R105: 0.45 | S105: NA | T105: AMD-Q220866 | U105: FR議事録AMD-DA41282076、品質連絡書AMC-Q210225、設計移管総括報告書AMD-DA41282076
A106: ASAHI Peripheral Guide Wire Halberd18 Straight 300cm | B106: IVR(AGH) | C106: 2231021 | D106: PHW18R301S NOCE | E106: NO CE | F106: 2 | G106: 2 | H106: 2 | I106: 2 | J106: Guide wire circular type | K106: 50°C, 300 minutes Sterilization | L106: B | M106: B | N106: B | O106: ① | P106: N/A | Q106: 3000 | R106: 0.45 | S106: NA | T106: AMD-Q220866 | U106: FR議事録AMD-DA41282076、品質連絡書AMC-Q210225、設計移管総括報告書AMD-DA41282076
A107: ASAHI Peripheral Guide Wire Halberd18 Pre-shape 300cm | B107: IVR(AGH) | C107: 2231022 | D107: PHW18R301P NOCE | E107: NO CE | F107: 2 | G107: 2 | H107: 2 | I107: 2 | J107: Guide wire circular type | K107: 50°C, 300 minutes Sterilization | L107: B | M107: B | N107: B | O107: ① | P107: N/A | Q107: 3000 | R107: 0.45 | S107: NA | T107: AMD-Q220866 | U107: FR議事録AMD-DA41282076、品質連絡書AMC-Q210225、設計移管総括報告書AMD-DA41282076
... A119: ASAHI Peripheral Guide Wire Gladius18 Pre-shape 300cm | B119: IVR(AGP) | C119: 2231034 | D119: PPW18R300P NOCE | E119: NO CE | F119: 2 | G119: 2 | H119: 2 | I119: 2 | J119: Guide wire circular type | K119: 50°C, 300 minutes Sterilization | L119: C | M119: C | N119: C | O119: ① | P119: N/A | Q119: 3000 | R119: 0.45 | S119: NA | T119: AMD-Q220866 | U119: FR議事録AMD-DA41282076、品質連絡書AMC-Q210225、設計移管総括報告書AMD-DA41282076

Sheet H007Ver3
A1: =[5]表紙!A1 -> AMI-Q411-H007 Ver.3 | B1: 滅菌対象品一覧AIHM(CHIKAI series) | R1: 品質保証G
A4: 製品名 | B4: Product Information | C4: 図番 | D4: カタログコード | E4: 仕向け先 | F4: Chamber | J4: 滅菌ファミリー | K4: 滅菌条件 | L4: 無菌試験 ファミリー | M4: バイオバーデン ファミリー | N4: ｴﾝﾄﾞﾄｷｼﾝ試験 ファミリー | O4: エアレーション ファミリー | P4: 微粒汚染 ファミリー | Q4: Length [mm] | R4: O.D.[mm] (Shaft or core) | S4: I.D. [mm] (Shaft) | T4: 滅菌バリデーション | U4: 製品評価レポート | V4: 薬事承認書 | W4: 変更提案、品質関連連絡書
F5: A | G5: B | H5: C | I5: D
A6: CHIKAI Nexus petit 220cm Straight | B6: IVR (Jacket) | C6: 2431046 | D6: AIN-CNX-006-220 US | E6: US | F6: 3 | G6: 3 | H6: 3 | I6: 3 | J6: Guide wire circular type | K6: 50°C, 300 minutes Sterilization | L6: D | M6: D | N6: N | O6: ① | P6: N/A | Q6: 2205 | R6: 0.33 | S6: NA | T6: AMD-Q240881 AMD-Q251422 VAL2511003-21 | U6: AMD-DA44031485、AMD-DA44031486 | V6: AMC-C260071(US）
A7: CHIKAI Nexus petit 220cm Straight | B7: IVR (Jacket) | C7: 2431047 | D7: AIN-CNX-006-220 JP | E7: JP | F7: 3 | G7: 3 | H7: 3 | I7: 3 | J7: Guide wire circular type | K7: 50°C, 300 minutes Sterilization | L7: D | M7: D | N7: N | O7: ① | P7: N/A | Q7: 2205 | R7: 0.33 | S7: NA | T7: AMD-Q240881 AMD-Q251422 VAL2511003-21 | U7: AMD-DA44031485、AMD-DA44031486
A8: CHIKAI Nexus petit 220cm Round curve | B8: IVR (Jacket) | C8: 2431048 | D8: AIN-CNX-006-220RC US | E8: US | F8: 3 | G8: 3 | H8: 3 | I8: 3 | J8: Guide wire circular type | K8: 50°C, 300 minutes Sterilization | L8: D | M8: D | N8: N | O8: ① | P8: N/A | Q8: 2205 | R8: 0.33 | S8: NA | T8: AMD-Q240881 AMD-Q251422 VAL2511003-21 | U8: AMD-DA44031485、AMD-DA44031486 | V8: AMC-C260071(US）
A9: CHIKAI Nexus petit 220cm Round curve | B9: IVR (Jacket) | C9: 2431049 | D9: AIN-CNX-006-220RC JP | E9: JP | F9: 3 | G9: 3 | H9: 3 | I9: 3 | J9: Guide wire circular type | K9: 50°C, 300 minutes Sterilization | L9: D | M9: D | N9: N | O9: ① | P9: N/A | Q9: 2205 | R9: 0.33 | S9: NA | T9: AMD-Q240881 AMD-Q251422 VAL2511003-21 | U9: AMD-DA44031485、AMD-DA44031486
A10: CHIKAI Nexus petit 220cm J-shape | B10: IVR (Jacket) | C10: 2431050 | D10: AIN-CNX-006-220J US | E10: US | F10: 3 | G10: 3 | H10: 3 | I10: 3 | J10: Guide wire circular type | K10: 50°C, 300 minutes Sterilization | L10: D | M10: D | N10: N | O10: ① | P10: N/A | Q10: 2205 | R10: 0.33 | S10: NA | T10: AMD-Q240881 AMD-Q251422 VAL2511003-21 | U10: AMD-DA44031485、AMD-DA44031486 | V10: AMC-C260071(US）
A11: CHIKAI Nexus petit 220cm J-shape | B11: IVR (Jacket) | C11: 2431051 | D11: AIN-CNX-006-220J JP | E11: JP | F11: 3 | G11: 3 | H11: 3 | I11: 3 | J11: Guide wire circular type | K11: 50°C, 300 minutes Sterilization | L11: D | M11: D | N11: N | O11: ① | P11: N/A | Q11: 2205 | R11: 0.33 | S11: NA | T11: AMD-Q240881 AMD-Q251422 VAL2511003-21 | U11: AMD-DA44031485、AMD-DA44031486
A12: CHIKAI Nexus 014 215cm Angle | B12: IVR (Jacket) | C12: 2431005 | D12: AIN-CNX-14-215A US | E12: US | F12: 3 | G12: 3 | H12: 3 | I12: 3 | J12: Guide wire circular type | K12: 50°C, 300 minutes Sterilization | L12: D | M12: D | N12: N | O12: ① | P12: N/A | Q12: 2152 | R12: 0.36 | S12: NA | T12: AMD-Q260826 | U12: AMD-DA47201386 | V12: AMC-C250238
A13: CHIKAI Nexus 014 300cm Angle | B13: IVR (Jacket) | C13: 2431008 | D13: AIN-CNX-14-300A US | E13: US | F13: 3 | G13: 3 | H13: 3 | I13: 3 | J13: Guide wire circular type | K13: 50°C, 300 minutes Sterilization | L13: D | M13: D | N13: N | O13: ① | P13: N/A | Q13: 3022 | R13: 0.36 | S13: NA | T13: AMD-Q260826 | U13: AMD-DA47201386 | V13: AMC-C250238
A14: ASAHI Peripheral Vascular Guide Wire ASAHI CHIKAI V 180cm | B14: IVR(Jacket) | C14: 1156030 | D14: WCKV180-14 US2 | E14: US | F14: 3 | G14: 3 | H14: 2 | I14: 2 | J14: Guide wire circular type | K14: 50°C, 300 minutes Sterilization | L14: D | M14: D | N14: D | O14: ① | P14: N/A | Q14: 1824 | R14: 0.35 | S14: NA
A15: ASAHI Peripheral Vascular Guide Wire ASAHI CHIKAI V 135cm | B15: IVR(Jacket) | C15: 1156029 | D15: WCKV165-14 US2 | E15: US | F15: 3 | G15: 3 | H15: 2 | I15: 2 | J15: Guide wire circular type | K15: 50°C, 300 minutes Sterilization | L15: D | M15: D | N15: D | O15: ① | P15: N/A | Q15: 1674 | R15: 0.35 | S15: NA
A16: CHIKAI X 014 Pre-shape 200cm | B16: IVR(Jacket) | C16: 2231254 | D16: AIN-CKX-14-200P JP | E16: J-sales | F16: 1 | G16: 1 | H16: 1 | I16: 1 | J16: Guide wire circular type | K16: 50°C, 300 minutes Sterilization | L16: D | M16: D | N16: N | O16: ① | P16: N/A | Q16: 2002 | R16: 0.36 | S16: NA | T16: VAL2301003-21 | U16: AMD-DG38051481 | V16: AMC-C230364
A17: CHIKAI X 014 Pre-shape 300cm | B17: IVR(Jacket) | C17: 2231256 | D17: AIN-CKX-14-300P JP | E17: J-sales | F17: 1 | G17: 1 | H17: 1 | I17: 1 | J17: Guide wire circular type | K17: 50°C, 300 minutes Sterilization | L17: D | M17: D | N17: N | O17: ① | P17: N/A | Q17: 3022 | R17: 0.36 | S17: NA | T17: VAL2301003-21 | U17: AMD-DG38051481 | V17: AMC-C230364
A18: CHIKAI X 014 300cm | B18: IVR(Jacket) | C18: 2231255 | D18: AIN-CKX-14-300 JP | E18: J-sales | F18: 1 | G18: 1 | H18: 1 | I18: 1 | J18: Guide wire circular type | K18: 50°C, 300 minutes Sterilization | L18: D | M18: D | N18: N | O18: ① | P18: N/A | Q18: 3022 | R18: 0.36 | S18: NA | T18: VAL2301003-21 | U18: AMD-DG38051481 | V18: AMC-C230364
A19: CHIKAI X 014 200cm | B19: IVR(Jacket) | C19: 2231253 | D19: AIN-CKX-14-200 JP | E19: J-sales | F19: 1 | G19: 1 | H19: 1 | I19: 1 | J19: Guide wire circular type | K19: 50°C, 300 minutes Sterilization | L19: D | M19: D | N19: N | O19: ① | P19: N/A | Q19: 2002 | R19: 0.36 | S19: NA | T19: VAL2301003-21 | U19: AMD-DG38051481 | V19: AMC-C230364
A20: CHIKAI Nexus 014 300 cm Straight | B20: IVR (Jacket) | C20: 2431018 | D20: AIN-CNX-14-300 US | E20: US | F20: 3 | G20: 3 | H20: 3 | I20: 3 | J20: Guide wire circular type | K20: 50°C, 300 minutes Sterilization | L20: D | M20: D | N20: N | O20: ① | P20: N/A | Q20: 3022 | R20: 0.36 | S20: NA | T20: AMD-Q240846, VAL2406005-21 | U20: AMD-DA47201350, AMD-DA47201382 | V20: AMC-C250238
A21: CHIKAI Nexus 014 300 cm Straight | B21: IVR(Jacket) | C21: 2431006 | D21: AIN-CNX-14-300 JP | E21: J-sales | F21: 3 | G21: 3 | H21: 3 | I21: 3 | J21: Guide wire circular type | K21: 50°C, 300 minutes Sterilization | L21: D | M21: D | N21: N | O21: ① | P21: N/A | Q21: 3022 | R21: 0.36 | S21: NA | T21: AMD-Q240802、 VAL2404002-21 | U21: AMD-DA47201219、AMD-DA47201284
A22: CHIKAI Nexus 014 300 cm 1mm Pre-shape | B22: IVR (Jacket) | C22: 2431019 | D22: AIN-CNX-14-300P US | E22: US | F22: 3 | G22: 3 | H22: 3 | I22: 3 | J22: Guide wire circular type | K22: 50°C, 300 minutes Sterilization | L22: D | M22: D | N22: N | O22: ① | P22: N/A | Q22: 3022 | R22: 0.36 | S22: NA | T22: AMD-Q240846, VAL2406005-21 | U22: AMD-DA47201350, AMD-DA47201382 | V22: AMC-C250238
A23: CHIKAI Nexus 014 300 cm 1mm Pre-shape | B23: IVR(Jacket) | C23: 2431007 | D23: AIN-CNX-14-300P JP | E23: J-sales | F23: 3 | G23: 3 | H23: 3 | I23: 3 | J23: Guide wire circular type | K23: 50°C, 300 minutes Sterilization | L23: D | M23: D | N23: N | O23: ① | P23: N/A | Q23: 3022 | R23: 0.36 | S23: NA | T23: AMD-Q240802、 VAL2404002-21 | U23: AMD-DA47201219、AMD-DA47201284
A24: CHIKAI Nexus 014 215 cm Straight | B24: IVR (Jacket) | C24: 2431015 | D24: AIN-CNX-14-215 US | E24: US | F24: 3 | G24: 3 | H24: 3 | I24: 3 | J24: Guide wire circular type | K24: 50°C, 300 minutes Sterilization | L24: D | M24: D | N24: N | O24: ① | P24: N/A | Q24: 2152 | R24: 0.36 | S24: NA | T24: AMD-Q240846, VAL2406005-21 | U24: AMD-DA47201350, AMD-DA47201382 | V24: AMC-C250238
A25: CHIKAI Nexus 014 215 cm STRAIGHT | B25: IVR(Jacket) | C25: 2431003 | D25: AIN-CNX-14-215 JP | E25: J-sales | F25: 3 | G25: 3 | H25: 3 | I25: 3 | J25: Guide wire circular type | K25: 50°C, 300 minutes Sterilization | L25: D | M25: D | N25: N | O25: ① | P25: N/A | Q25: 2152 | R25: 0.36 | S25: NA | T25: AMD-Q240802、 VAL2404002-21 | U25: AMD-DA47201219、AMD-DA47201284
A26: CHIKAI Nexus 014 215 cm 1mm Pre-shape | B26: IVR (Jacket) | C26: 2431016 | D26: AIN-CNX-14-215P US | E26: US | F26: 3 | G26: 3 | H26: 3 | I26: 3 | J26: Guide wire circular type | K26: 50°C, 300 minutes Sterilization | L26: D | M26: D | N26: N | O26: ① | P26: N/A | Q26: 2152 | R26: 0.36 | S26: NA | T26: AMD-Q240846, VAL2406005-21 | U26: AMD-DA47201350, AMD-DA47201382 | V26: AMC-C250238
A27: CHIKAI Nexus 014 215 cm 1mm Pre-shape | B27: IVR(Jacket) | C27: 2431004 | D27: AIN-CNX-14-215P JP | E27: J-sales | F27: 3 | G27: 3 | H27: 3 | I27: 3 | J27: Guide wire circular type | K27: 50°C, 300 minutes Sterilization | L27: D | M27: D | N27: N | O27: ① | P27: N/A | Q27: 2152 | R27: 0.36 | S27: NA | T27: AMD-Q240802、 VAL2404002-21 | U27: AMD-DA47201219、AMD-DA47201284
A28: ASAHI Neurovascular Guide Wire ASAHI CHIKAI black 200cm Round curve | B28: IVR(Jacket) | C28: 1456034 | D28: WAIN-CKI-200-BS US2 | E28: US | F28: 3 | G28: 3 | H28: 2 | I28: 2 | J28: Guide wire circular type | K28: 50°C, 300 minutes Sterilization | L28: D | M28: D | N28: D | O28: ① | P28: N/A | Q28: 2004 | R28: 0.35 | S28: NA
A29: ASAHI Neurovascular Guide Wire ASAHI CHIKAI black 200cm 90 | B29: IVR(Jacket) | C29: 1456032 | D29: WAIN-CKI-200-BA US2 | E29: US | F29: 3 | G29: 3 | H29: 2 | I29: 2 | J29: Guide wire circular type | K29: 50°C, 300 minutes Sterilization | L29: D | M29: D | N29: D | O29: ① | P29: N/A | Q29: 2001 | R29: 0.36 | S29: NA
A30: ASAHI Neurovascular Guide Wire ASAHI CHIKAI black 18 200cm Round curve | B30: IVR(Jacket) | C30: 1456030 | D30: WAIN-CKI-18-200-BS US2 | E30: US | F30: 3 | G30: 3 | H30: 2 | I30: 2 | J30: Guide wire circular type | K30: 50°C, 300 minutes Sterilization | L30: D | M30: D | N30: D | O30: ① | P30: N/A | Q30: 2003 | R30: 0.41 | S30: NA
A31: ASAHI Neurovascular Guide Wire ASAHI CHIKAI 300cm Round curve | B31: IVR(Jacket) | C31: 1731014 | D31: WAIN-CKI-300-RC KR | E31: KR | F31: 2 | G31: 2 | H31: 2 | I31: 2 | J31: Guide wire circular type | K31: 50°C, 300 minutes Sterilization | L31: D | M31: D | N31: D | O31: ① | P31: N/A | Q31: 3023 | R31: 0.35 | S31: NA | T31: VAL2003002-2、VAL2008008-21
A32: ASAHI Neurovascular Guide Wire ASAHI CHIKAI 300cm Round curve | B32: IVR(Jacket) | C32: 1556031 | D32: WAIN-CKI-300-RC US2 | E32: US | F32: 3 | G32: 3 | H32: 2 | I32: 2 | J32: Guide wire circular type | K32: 50°C, 300 minutes Sterilization | L32: D | M32: D | N32: D | O32: ① | P32: N/A | Q32: 3023 | R32: 0.35 | S32: NA
A33: ASAHI Neurovascular Guide Wire ASAHI CHIKAI 300cm | B33: IVR(Jacket) | C33: 1556098 | D33: WAIN-CKI-300 KR | E33: KR | F33: 2 | G33: 2 | H33: 2 | I33: 2 | J33: Guide wire circular type | K33: 50°C, 300 minutes Sterilization | L33: D | M33: D | N33: D | O33: ① | P33: N/A | Q33: 3024 | R33: 0.35 | S33: NA
A34: ASAHI Neurovascular Guide Wire ASAHI CHIKAI 300cm | B34: IVR(Jacket) | C34: 1356014 | D34: WAIN-CKI-300 CN | E34: CHINA | F34: 2 | G34: 2 | H34: 2 | I34: 2 | J34: Guide wire circular type | K34: 50°C, 300 minutes Sterilization | L34: D | M34: D | N34: D | O34: ① | P34: N/A | Q34: 3024 | R34: 0.35 | S34: NA
A35: ASAHI Neurovascular Guide Wire ASAHI CHIKAI 300cm | B35: IVR(Jacket) | C35: 1056002 | D35: WAIN-CKI-300 US2 | E35: US | F35: 3 | G35: 3 | H35: 2 | I35: 2 | J35: Guide wire circular type | K35: 50°C, 300 minutes Sterilization | L35: D | M35: D | N35: D | O35: ① | P35: N/A | Q35: 3024 | R35: 0.35 | S35: NA
A36: ASAHI Neurovascular Guide Wire ASAHI CHIKAI 200cm | B36: IVR(Jacket) | C36: 1356013 | D36: WAIN-CKI-200 CN | E36: CHINA | F36: 3 | G36: 3 | H36: 2 | I36: 2 | J36: Guide wire circular type | K36: 50°C, 300 minutes Sterilization | L36: D | M36: D | N36: D | O36: ① | P36: N/A | Q36: 2004 | R36: 0.35 | S36: NA
A37: ASAHI Neurovascular Guide Wire ASAHI CHIKAI 200cm | B37: IVR(Jacket) | C37: 1556097 | D37: WAIN-CKI-200 KR | E37: KR | F37: 3 | G37: 3 | H37: 2 | I37: 2 | J37: Guide wire circular type | K37: 50°C, 300 minutes Sterilization | L37: D | M37: D | N37: D | O37: ① | P37: N/A | Q37: 2004 | R37: 0.35 | S37: NA | T37: AMD-Q230804 Ver.4, TMVAL2408004-2 | U37: AMD-Q240359, AMD-Q240358 | V37: AMC-C240136, AMC-C250021
A38: ASAHI Neurovascular Guide Wire ASAHI CHIKAI 200cm | B38: IVR(Jacket) | C38: 1056001 | D38: WAIN-CKI-200 US2 | E38: US | F38: 3 | G38: 3 | H38: 2 | I38: 2 | J38: Guide wire circular type | K38: 50°C, 300 minutes Sterilization | L38: D | M38: D | N38: D | O38: ① | P38: N/A | Q38: 2004 | R38: 0.35 | S38: NA | T38: AMD-Q230804, TMVAL2408004-2 | U38: AMD-Q240360, AMD-Q250349 | V38: AMC-C250218
A39: ASAHI Neurovascular Guide Wire ASAHI CHIKAI 10 300cm | B39: IVR(Jacket) | C39: 1556100 | D39: WAIN-CKI-10-300 KR | E39: KR | F39: 2 | G39: 2 | H39: 2 | I39: 2 | J39: Guide wire circular type | K39: 50°C, 300 minutes Sterilization | L39: D | M39: D | N39: D | O39: ① | P39: N/A | Q39: 3026 | R39: 0.266 | S39: NA
A40: ASAHI Neurovascular Guide Wire ASAHI CHIKAI 10 300cm | B40: IVR(Jacket) | C40: 1356016 | D40: WAIN-CKI-10-300 CN | E40: CHINA | F40: 2 | G40: 2 | H40: 2 | I40: 2 | J40: Guide wire circular type | K40: 50°C, 300 minutes Sterilization | L40: D | M40: D | N40: D | O40: ① | P40: N/A | Q40: 3026 | R40: 0.266 | S40: NA
A41: ASAHI Neurovascular Guide Wire ASAHI CHIKAI 10 300cm | B41: IVR(Jacket) | C41: 1056006 | D41: WAIN-CKI-10-300 US2 | E41: US | F41: 3 | G41: 3 | H41: 2 | I41: 2 | J41: Guide wire circular type | K41: 50°C, 300 minutes Sterilization | L41: D | M41: D | N41: D | O41: ① | P41: N/A | Q41: 3026 | R41: 0.266 | S41: NA
A42: ASAHI Neurovascular Guide Wire ASAHI CHIKAI 10 200cm | B42: IVR(Jacket) | C42: 1556099 | D42: WAIN-CKI-10-200 KR | E42: KR | F42: 3 | G42: 3 | H42: 2 | I42: 2 | J42: Guide wire circular type | K42: 50°C, 300 minutes Sterilization | L42: D | M42: D | N42: D | O42: ① | P42: N/A | Q42: 2008 | R42: 0.266 | S42: NA
A43: ASAHI Neurovascular Guide Wire ASAHI CHIKAI 10 200cm | B43: IVR(Jacket) | C43: 1356015 | D43: WAIN-CKI-10-200 CN | E43: CHINA | F43: 3 | G43: 3 | H43: 2 | I43: 2 | J43: Guide wire circular type | K43: 50°C, 300 minutes Sterilization | L43: D | M43: D | N43: D | O43: ① | P43: N/A | Q43: 2008 | R43: 0.266 | S43: NA
A44: ASAHI Neurovascular Guide Wire ASAHI CHIKAI 10 200cm | B44: IVR(Jacket) | C44: 1056005 | D44: WAIN-CKI-10-200 US2 | E44: US | F44: 3 | G44: 3 | H44: 2 | I44: 2 | J44: Guide wire circular type | K44: 50°C, 300 minutes Sterilization | L44: D | M44: D | N44: D | O44: ① | P44: N/A | Q44: 2008 | R44: 0.266 | S44: NA
A45: ASAHI Neurovascular Guide Wire ASAHI CHIKAI 008 200cm | B45: IVR(Jacket) | C45: 1456028 | D45: WAIN-CKI-008-200 US2 | E45: US | F45: 3 | G45: 3 | H45: 2 | I45: 2 | J45: Guide wire circular type | K45: 50°C, 300 minutes Sterilization | L45: D | M45: D | N45: D | O45: ① | P45: N/A | Q45: 2005 | R45: 0.266 | S45: NA
A46: ASAHI CHIKAI X 014 soft 200cm | B46: IVR(Jacket) | C46: 1931200 | D46: AIN-CKX-14-200-SFT US | E46: US | F46: 3 | G46: 3 | H46: 3 | I46: × | J46: Guide wire circular type | K46: 50°C, 300 minutes Sterilization | L46: D | M46: D | N46: N | O46: ① | P46: N/A | Q46: 2004 | R46: 0.36 | S46: NA | T46: AMD-Q180808 | U46: AMD-DG38051 146, AMD-DG38051 144, AMD-DG38051 145 | V46: AMC-C191654
A47: ASAHI CHIKAI X 014 soft 200cm | B47: IVR(Jacket) | C47: 1831309 | D47: AIN-CKX-14-200-SFT JP | E47: J-Sales | F47: 3 | G47: 3 | H47: 3 | I47: × | J47: Guide wire circular type | K47: 50°C, 300 minutes Sterilization | L47: D | M47: D | N47: N | O47: ① | P47: N/A | Q47: 2004 | R47: 0.36 | S47: NA | T47: VAL2003002-2、VAL2008008-21 | U47: AMD-DG38051 146, AMD-DG38051 144, AMD-DG38051 145 | V47: AMC-C191646
A48: ASAHI CHIKAI X 010 200cm Round curve | B48: IVR(Jacket) | C48: 2331167 | D48: AIN-CKX-10-200-R CE2 | E48: CE | F48: 3 | G48: 3 | H48: 3 | I48: 3 | J48: Guide wire circular type | K48: 50°C, 300 minutes Sterilization | L48: D | M48: D | N48: N | O48: ① | P48: N/A | Q48: 2007 | R48: 0.28 | S48: NA
A49: ASAHI CHIKAI X 010 200cm Round curve | B49: IVR(Jacket) | C49: 2131630 | D49: AIN-CKX-10-200-R NOCE | E49: NO CE | F49: 3 | G49: 3 | H49: 3 | I49: 3 | J49: Guide wire circular type | K49: 50°C, 300 minutes Sterilization | L49: D | M49: D | N49: N | O49: ① | P49: N/A | Q49: 2007 | R49: 0.28 | S49: NA | T49: AMD-Q220817 | V49: AMC-C220248
A50: ASAHI CHIKAI X 010 200cm Round curve | B50: IVR(Jacket) | C50: 1731006 | D50: AIN-CKX-10-200-R US | E50: US | F50: 3 | G50: 3 | H50: 3 | I50: 3 | J50: Guide wire circular type | K50: 50°C, 300 minutes Sterilization | L50: D | M50: D | N50: N | O50: ① | P50: N/A | Q50: 2007 | R50: 0.28 | S50: NA | T50: VAL2003002-2、VAL2008008-21
A51: ASAHI CHIKAI X 010 200cm Round curve | B51: IVR(Jacket) | C51: 1731004 | D51: AIN-CKX-10-200-R JP | E51: J-sales | F51: 3 | G51: 3 | H51: 3 | I51: 3 | J51: Guide wire circular type | K51: 50°C, 300 minutes Sterilization | L51: D | M51: D | N51: N | O51: ① | P51: N/A | Q51: 2007 | R51: 0.28 | S51: NA | T51: VAL2003002-2、VAL2008008-21
A52: ASAHI CHIKAI V 180cm | B52: IVR(Jacket) | C52: 2231044 | D52: WCKV180-14 NOCE | E52: NO CE | F52: 3 | G52: 3 | H52: 2 | I52: 2 | J52: Guide wire circular type | K52: 50°C, 300 minutes Sterilization | L52: D | M52: D | N52: D | O52: ① | P52: N/A | Q52: 1824 | R52: 0.35 | S52: NA | T52: AMD-Q220872 Ver.1
A53: ASAHI CHIKAI V 180cm | B53: IVR(Jacket) | C53: 1831281 | D53: CKV180-14R JP | E53: J-sales | F53: 3 | G53: 3 | H53: 3 | I53: 3 | J53: Guide wire circular type | K53: 50°C, 300 minutes Sterilization | L53: D | M53: D | N53: D | O53: ① | P53: N/A | Q53: 1674 | R53: 0.36 | S53: NA | T53: VAL2003002-2、VAL2008008-21 AMD-Q230804 Ver.4, TMVAL2408004-2 | U53: AMD-DA41411 011 AMD-Q240359, AMD-Q240358 | V53: AMC-C181678 AMC-C250058
A54: ASAHI CHIKAI V 180cm | B54: IVR(Jacket) | C54: 1831103 | D54: WCKV180-14C CN | E54: CHINA | F54: 3 | G54: 3 | H54: 2 | I54: 2 | J54: Guide wire circular type | K54: 50°C, 300 minutes Sterilization | L54: D | M54: D | N54: D | O54: ① | P54: N/A | Q54: 1824 | R54: 0.35 | S54: NA | T54: VAL2003002-2、VAL2008008-21
A55: ASAHI CHIKAI V 165cm | B55: IVR(Jacket) | C55: 2231043 | D55: WCKV165-14 NOCE | E55: NO CE | F55: 3 | G55: 3 | H55: 2 | I55: 2 | J55: Guide wire circular type | K55: 50°C, 300 minutes Sterilization | L55: D | M55: D | N55: D | O55: ① | P55: N/A | Q55: 1674 | R55: 0.35 | S55: NA | T55: AMD-Q220872 Ver.1
A56: ASAHI CHIKAI V 165cm | B56: IVR(Jacket) | C56: 1831280 | D56: CKV165-14R JP | E56: J-sales | F56: 3 | G56: 3 | H56: 3 | I56: 3 | J56: Guide wire circular type | K56: 50°C, 300 minutes Sterilization | L56: D | M56: D | N56: D | O56: ① | P56: N/A | Q56: 1824 | R56: 0.36 | S56: NA | T56: VAL2003002-2、VAL2008008-21 AMD-Q230804 Ver.4, TMVAL2408004-2 | U56: AMD-DA41411 011 AMD-Q240359, AMD-Q240358 | V56: AMC-C181678 AMC-C250058
A57: ASAHI CHIKAI V 165cm | B57: IVR(Jacket) | C57: 1831102 | D57: WCKV165-14C CN | E57: CHINA | F57: 3 | G57: 3 | H57: 2 | I57: 2 | J57: Guide wire circular type | K57: 50°C, 300 minutes Sterilization | L57: D | M57: D | N57: D | O57: ① | P57: N/A | Q57: 1674 | R57: 0.35 | S57: NA | T57: VAL2003002-2、VAL2008008-21
A58: ASAHI CHIKAI V | B58: IVR(Jacket) | C58: 1556131 | D58: WCKV180-14 KR | E58: KR | F58: 3 | G58: 3 | H58: 2 | I58: 2 | J58: Guide wire circular type | K58: 50°C, 300 minutes Sterilization | L58: D | M58: D | N58: D | O58: ① | P58: N/A | Q58: 1824 | R58: 0.35 | S58: NA | T58: AMD-Q230804 Ver.4, TMVAL2408004-2 | U58: AMD-Q240359, AMD-Q240358 | V58: AMC-C240136, AMC-C250021
A59: ASAHI CHIKAI V | B59: IVR(Jacket) | C59: 1556130 | D59: WCKV165-14 KR | E59: KR | F59: 3 | G59: 3 | H59: 2 | I59: 2 | J59: Guide wire circular type | K59: 50°C, 300 minutes Sterilization | L59: D | M59: D | N59: D | O59: ① | P59: N/A | Q59: 1674 | R59: 0.35 | S59: NA | T59: AMD-Q230804 Ver.4, TMVAL2408004-2 | U59: AMD-Q240359, AMD-Q240358 | V59: AMC-C240136, AMC-C250021
A60: ASAHI CHIKAI black 200cm Round Curve | B60: IVR(Jacket) | C60: 2331163 | D60: WAIN-CKI-200-BS CE3 | E60: CE | F60: 3 | G60: 3 | H60: 2 | I60: 2 | J60: Guide wire circular type | K60: 50°C, 300 minutes Sterilization | L60: D | M60: D | N60: D | O60: ① | P60: N/A | Q60: 2003 | R60: 0.36 | S60: NA
A61: ASAHI CHIKAI black 200cm Round curve | B61: IVR(Jacket) | C61: 2131626 | D61: WAIN-CKI-200-BS NOCE | E61: NO CE | F61: 3 | G61: 3 | H61: 2 | I61: 2 | J61: Guide wire circular type | K61: 50°C, 300 minutes Sterilization | L61: D | M61: D | N61: D | O61: ① | P61: N/A | Q61: 2003 | R61: 0.36 | S61: NA | T61: AMD-Q220817 | V61: AMC-C220248
A62: ASAHI CHIKAI black 200cm Round curve | B62: IVR(Jacket) | C62: 1731009 | D62: WAIN-CKI-200-BS KR | E62: KR | F62: 3 | G62: 3 | H62: 2 | I62: 2 | J62: Guide wire circular type | K62: 50°C, 300 minutes Sterilization | L62: D | M62: D | N62: D | O62: ① | P62: N/A | Q62: 2003 | R62: 0.36 | S62: NA | T62: VAL2003002-2、VAL2008008-21
A63: ASAHI CHIKAI black 200cm Round curve | B63: IVR(Jacket) | C63: 1931123 | D63: WAIN-CKI-200-BS CN | E63: CHINA | F63: 3 | G63: 3 | H63: 2 | I63: 2 | J63: Guide wire circular type | K63: 50°C, 300 minutes Sterilization | L63: D | M63: D | N63: D | O63: ① | P63: N/A | Q63: 2003 | R63: 0.36 | S63: NA | U63: AAD-DG372048 | V63: AMC-C191568
A64: ASAHI CHIKAI black 200cm Round curve | B64: IVR(Jacket) | C64: 1831276 | D64: AIN-CKI-200-BSR JP | E64: J-sales | F64: 3 | G64: 3 | H64: 3 | I64: 3 | J64: Guide wire circular type | K64: 50°C, 300 minutes Sterilization | L64: D | M64: D | N64: D | O64: ① | P64: N/A | Q64: 2003 | R64: 0.36 | S64: NA | T64: VAL2003002-2、VAL2008008-21 | U64: AMD-DA41501 007 | V64: AMC-C181616
A65: ASAHI CHIKAI black 200cm 90° | B65: IVR(Jacket) | C65: 2331162 | D65: WAIN-CKI-200-BA CE3 | E65: CE | F65: 3 | G65: 3 | H65: 2 | I65: 2 | J65: Guide wire circular type | K65: 50°C, 300 minutes Sterilization | L65: D | M65: D | N65: D | O65: ① | P65: N/A | Q65: 2001 | R65: 0.36 | S65: NA
A66: ASAHI CHIKAI black 200cm 90° | B66: IVR(Jacket) | C66: 2131625 | D66: WAIN-CKI-200-BA NOCE | E66: NO CE | F66: 3 | G66: 3 | H66: 2 | I66: 2 | J66: Guide wire circular type | K66: 50°C, 300 minutes Sterilization | L66: D | M66: D | N66: D | O66: ① | P66: N/A | Q66: 2001 | R66: 0.36 | S66: NA | T66: AMD-Q220817 | V66: AMC-C220248
A67: ASAHI CHIKAI black 200cm 90° | B67: IVR(Jacket) | C67: 1731008 | D67: WAIN-CKI-200-BA KR | E67: KR | F67: 3 | G67: 3 | H67: 2 | I67: 2 | J67: Guide wire circular type | K67: 50°C, 300 minutes Sterilization | L67: D | M67: D | N67: D | O67: ① | P67: N/A | Q67: 2001 | R67: 0.36 | S67: NA | T67: VAL2003002-2、VAL2008008-21
A68: ASAHI CHIKAI black 200cm 90 | B68: IVR(Jacket) | C68: 1931122 | D68: WAIN-CKI-200-BA CN | E68: CHINA | F68: 3 | G68: 3 | H68: 2 | I68: 2 | J68: Guide wire circular type | K68: 50°C, 300 minutes Sterilization | L68: D | M68: D | N68: D | O68: ① | P68: N/A | Q68: 2001 | R68: 0.36 | S68: NA | U68: AAD-DG372048 | V68: AMC-C191568
A69: ASAHI CHIKAI black 200cm 90 | B69: IVR(Jacket) | C69: 1831277 | D69: AIN-CKI-200-BAR JP | E69: J-sales | F69: 3 | G69: 3 | H69: 3 | I69: 3 | J69: Guide wire circular type | K69: 50°C, 300 minutes Sterilization | L69: D | M69: D | N69: D | O69: ① | P69: N/A | Q69: 2001 | R69: 0.36 | S69: NA | T69: VAL2003002-2、VAL2008008-21 | U69: AMD-DA41501 007 | V69: AMC-C181616
A70: ASAHI CHIKAI black 18 soft tip 200cm Round curve | B70: IVR(Jacket) | C70: 2331155 | D70: AIN-CKI-18-200-SFT CE2 | E70: CE | F70: 3 | G70: 3 | H70: 2 | I70: 2 | J70: Guide wire circular type | K70: 50°C, 300 minutes Sterilization | L70: D | M70: D | N70: D | O70: ① | P70: N/A | Q70: 2003 | R70: 0.41 | S70: NA
A71: ASAHI CHIKAI black 18 soft tip 200cm Round curve | B71: IVR(Jacket) | C71: 2131629 | D71: WAIN-CKI-18-200-SFT NOCE | E71: NO CE | F71: 3 | G71: 3 | H71: 2 | I71: 2 | J71: Guide wire circular type | K71: 50°C, 300 minutes Sterilization | L71: D | M71: D | N71: D | O71: ① | P71: N/A | Q71: 2003 | R71: 0.41 | S71: NA | T71: AMD-Q220817 | V71: AMC-C220248
A72: ASAHI CHIKAI black 18 soft tip 200cm Round curve | B72: IVR(Jacket) | C72: 1631061 | D72: AIN-CKI-18-200-SFT US | E72: US | F72: 3 | G72: 3 | H72: 2 | I72: 2 | J72: Guide wire circular type | K72: 50°C, 300 minutes Sterilization | L72: D | M72: D | N72: D | O72: ① | P72: N/A | Q72: 2003 | R72: 0.41 | S72: NA | T72: VAL2003002-2、VAL2008008-21
A73: ASAHI CHIKAI black 18 soft tip 200cm Round curve | B73: IVR(Jacket) | C73: 1631059 | D73: AIN-CKI-18-200-SFT JP | E73: J-sales | F73: 3 | G73: 3 | H73: 2 | I73: 2 | J73: Guide wire circular type | K73: 50°C, 300 minutes Sterilization | L73: D | M73: D | N73: D | O73: ① | P73: N/A | Q73: 2003 | R73: 0.41 | S73: NA | T73: VAL2003002-2、VAL2008008-21
A74: ASAHI CHIKAI black 18 soft tip 200cm Round curve | B74: IVR(Jacket) | C74: 1931020 | D74: AIN-CKI-18-200-SFT KR | E74: KR | F74: 3 | G74: 3 | H74: 2 | I74: 2 | J74: Guide wire circular type | K74: 50°C, 300 minutes Sterilization | L74: D | M74: D | N74: D | O74: ① | P74: N/A | Q74: 2003 | R74: 0.41 | S74: NA
A75: ASAHI CHIKAI black 18 200cm Round Curve | B75: IVR(Jacket) | C75: 2331164 | D75: WAIN-CKI-18-200-BS CE3 | E75: CE | F75: 3 | G75: 3 | H75: 2 | I75: 2 | J75: Guide wire circular type | K75: 50°C, 300 minutes Sterilization | L75: D | M75: D | N75: D | O75: ① | P75: N/A | Q75: 2003 | R75: 0.41 | S75: NA
A76: ASAHI CHIKAI black 18 200cm Round curve | B76: IVR(Jacket) | C76: 2131627 | D76: WAIN-CKI-18-200-BS NOCE | E76: NO CE | F76: 3 | G76: 3 | H76: 2 | I76: 2 | J76: Guide wire circular type | K76: 50°C, 300 minutes Sterilization | L76: D | M76: D | N76: D | O76: ① | P76: N/A | Q76: 2003 | R76: 0.41 | S76: NA | T76: AMD-Q220817 | V76: AMC-C220248
A77: ASAHI CHIKAI black 18 200cm Round curve | B77: IVR(Jacket) | C77: 1731012 | D77: WAIN-CKI-18-200-BS KR | E77: KR | F77: 3 | G77: 3 | H77: 2 | I77: 2 | J77: Guide wire circular type | K77: 50°C, 300 minutes Sterilization | L77: D | M77: D | N77: D | O77: ① | P77: N/A | Q77: 2003 | R77: 0.41 | S77: NA | T77: VAL2003002-2、VAL2008008-21
A78: ASAHI CHIKAI black 18 200cm Round curve | B78: IVR(Jacket) | C78: 1831181 | D78: AIN-CKI-18-200-BSR JP | E78: J-sales | F78: 3 | G78: 3 | H78: 3 | I78: 3 | J78: Guide wire circular type | K78: 50°C, 300 minutes Sterilization | L78: D | M78: D | N78: D | O78: ① | P78: N/A | Q78: 2003 | R78: 0.45 | S78: NA | T78: VAL2003002-2、VAL2008008-21 | U78: AMD-DA41491 006 | V78: AMC-C181616
A79: ASAHI CHIKAI black 14 soft tip 200cm Round curve | B79: IVR(Jacket) | C79: 1631050 | D79: AIN-CKI-200-B-SFT US | E79: US | F79: 3 | G79: 3 | H79: 3 | I79: 3 | J79: Guide wire circular type | K79: 50°C, 300 minutes Sterilization | L79: D | M79: D | N79: D | O79: ① | P79: N/A | Q79: 2003 | R79: 0.36 | S79: NA | T79: VAL2003002-2、VAL2008008-21
A80: ASAHI CHIKAI black 14 soft tip 200cm Round curve | B80: IVR(Jacket) | C80: 2331156 | D80: AIN-CKI-200-B-SFT CE2 | E80: CE | F80: 3 | G80: 3 | H80: 2 | I80: 2 | J80: Guide wire circular type | K80: 50°C, 300 minutes Sterilization | L80: D | M80: D | N80: D | O80: ① | P80: N/A | Q80: 2003 | R80: 0.36 | S80: NA
A81: ASAHI CHIKAI black 14 soft tip 200cm Round curve | B81: IVR(Jacket) | C81: 2131628 | D81: AIN-CKI-200-B-SFT NOCE | E81: NO CE | F81: 3 | G81: 3 | H81: 2 | I81: 2 | J81: Guide wire circular type | K81: 50°C, 300 minutes Sterilization | L81: D | M81: D | N81: D | O81: ① | P81: N/A | Q81: 2003 | R81: 0.36 | S81: NA | T81: AMD-Q220817 | V81: AMC-C220248
A82: ASAHI CHIKAI black 14 soft tip 200cm Round curve | B82: IVR(Jacket) | C82: 1931019 | D82: AIN-CKI-200-B-SFT KR | E82: KR | F82: 3 | G82: 3 | H82: 2 | I82: 2 | J82: Guide wire circular type | K82: 50°C, 300 minutes Sterilization | L82: D | M82: D | N82: D | O82: ① | P82: N/A | Q82: 2003 | R82: 0.36 | S82: NA
A83: ASAHI CHIKAI black 14 soft tip 200cm Round curve | B83: IVR(Jacket) | C83: 1831278 | D83: AIN-CKI-200-B-SFTR JP | E83: J-sales | F83: 3 | G83: 3 | H83: 3 | I83: 3 | J83: Guide wire circular type | K83: 50°C, 300 minutes Sterilization | L83: D | M83: D | N83: D | O83: ① | P83: N/A | Q83: 2003 | R83: 0.35 | S83: NA | T83: VAL2003002-2、VAL2008008-21 | U83: AMD-DA41571 006 | V83: AMC-C181616
A84: ASAHI CHIKAI black 14 soft tip 180cm Round curve | B84: IVR(Jacket) | C84: 1831279 | D84: AIN-CKI-180-B-SFTR JP | E84: J-sales | F84: 3 | G84: 3 | H84: 3 | I84: 3 | J84: Guide wire circular type | K84: 50°C, 300 minutes Sterilization | L84: D | M84: D | N84: D | O84: ① | P84: N/A | Q84: 1803 | R84: 0.35 | S84: NA | T84: VAL2003002-2、VAL2008008-21 | U84: AMD-DA41571 006 | V84: AMC-C181616
A85: ASAHI CHIKAI 315 EXC | B85: IVR(Jacket) | C85: 1831275 | D85: AIN-CKI-315-EXCR JP | E85: J-sales | F85: 2 | G85: 2 | H85: 2 | I85: 2 | J85: Guide wire circular type | K85: 50°C, 300 minutes Sterilization | L85: D | M85: D | N85: D | O85: ① | P85: N/A | Q85: 3170 | R85: 0.36 | S85: NA | T85: VAL2003002-2、VAL2008008-21 | U85: AMD-DA41581 005 | V85: AMC-C181571
A86: ASAHI CHIKAI 300cm Round Curve | B86: IVR(Jacket) | C86: 2331166 | D86: WAIN-CKI-300-RC CE3 | E86: CE | F86: 2 | G86: 2 | H86: 2 | I86: 2 | J86: Guide wire circular type | K86: 50°C, 300 minutes Sterilization | L86: D | M86: D | N86: D | O86: ① | P86: N/A | Q86: 3023 | R86: 0.35 | S86: NA
A87: ASAHI CHIKAI 300cm Round curve | B87: IVR(Jacket) | C87: 1831269 | D87: AIN-CKI-300-RCR JP | E87: J-sales | F87: 2 | G87: 2 | H87: 2 | I87: 2 | J87: Guide wire circular type | K87: 50°C, 300 minutes Sterilization | L87: D | M87: D | N87: D | O87: ① | P87: N/A | Q87: 3023 | R87: 0.36 | S87: NA | T87: VAL2003002-2、VAL2008008-21 | U87: AMD-DA41371 016 | V87: AMC-C181571
A88: ASAHI CHIKAI 300cm Round curve | B88: IVR(Jacket) | C88: 1831069 | D88: WAIN-CKI-300-RC CN | E88: CHINA | F88: 2 | G88: 2 | H88: 2 | I88: 2 | J88: Guide wire circular type | K88: 50°C, 300 minutes Sterilization | L88: D | M88: D | N88: D | O88: ① | P88: N/A | Q88: 3023 | R88: 0.35 | S88: NA | T88: VAL2003002-2、VAL2008008-21
A89: ASAHI CHIKAI 300cm Round | B89: IVR(Jacket) | C89: 2131624 | D89: WAIN-CKI-300-RC NOCE | E89: NO CE | F89: 2 | G89: 2 | H89: 2 | I89: 2 | J89: Guide wire circular type | K89: 50°C, 300 minutes Sterilization | L89: D | M89: D | N89: D | O89: ① | P89: N/A | Q89: 3023 | R89: 0.35 | S89: NA | T89: AMD-Q220817 | V89: AMC-C220248
A90: ASAHI CHIKAI 300cm | B90: IVR(Jacket) | C90: 2331158 | D90: WAIN-CKI-300 CE4 | E90: CE | F90: 2 | G90: 2 | H90: 2 | I90: 2 | J90: Guide wire circular type | K90: 50°C, 300 minutes Sterilization | L90: D | M90: D | N90: D | O90: ① | P90: N/A | Q90: 3024 | R90: 0.35 | S90: NA
A91: ASAHI CHIKAI 300cm | B91: IVR(Jacket) | C91: 2131619 | D91: WAIN-CKI-300 NOCE | E91: NO CE | F91: 2 | G91: 2 | H91: 2 | I91: 2 | J91: Guide wire circular type | K91: 50°C, 300 minutes Sterilization | L91: D | M91: D | N91: D | O91: ① | P91: N/A | Q91: 3024 | R91: 0.35 | S91: NA | T91: AMD-Q220817 | V91: AMC-C220248
A92: ASAHI CHIKAI 300cm | B92: IVR(Jacket) | C92: 1831268 | D92: AIN-CKI-300R JP | E92: J-sales | F92: 2 | G92: 2 | H92: 2 | I92: 2 | J92: Guide wire circular type | K92: 50°C, 300 minutes Sterilization | L92: D | M92: D | N92: D | O92: ① | P92: N/A | Q92: 3024 | R92: 0.36 | S92: NA | T92: VAL2003002-2、VAL2008008-21 | U92: AMD-DA41371 016 | V92: AMC-C181571
A93: ASAHI CHIKAI 200cm Round Curve | B93: IVR(Jacket) | C93: 2331165 | D93: WAIN-CKI-200-RC CE3 | E93: CE | F93: 3 | G93: 3 | H93: 2 | I93: 2 | J93: Guide wire circular type | K93: 50°C, 300 minutes Sterilization | L93: D | M93: D | N93: D | O93: ① | P93: N/A | Q93: 2003 | R93: 0.35 | S93: NA
A94: ASAHI CHIKAI 200cm Round curve | B94: IVR(Jacket) | C94: 1831271 | D94: AIN-CKI-200-RCR JP | E94: J-sales | F94: 3 | G94: 3 | H94: 3 | I94: 3 | J94: Guide wire circular type | K94: 50°C, 300 minutes Sterilization | L94: D | M94: D | N94: D | O94: ① | P94: N/A | Q94: 2003 | R94: 0.36 | S94: NA | T94: VAL2003002-2、VAL2008008-21 AMD-Q230804 Ver.4, TMVAL2408004-2 | U94: AMD-DA41371 016 AMD-Q240359, AMD-Q240358 | V94: AMC-C181571 AMC-C250058
A95: ASAHI CHIKAI 200cm Round curve | B95: IVR(Jacket) | C95: 1831068 | D95: WAIN-CKI-200-RC CN | E95: CHINA | F95: 3 | G95: 3 | H95: 2 | I95: 2 | J95: Guide wire circular type | K95: 50°C, 300 minutes Sterilization | L95: D | M95: D | N95: D | O95: ① | P95: N/A | Q95: 2003 | R95: 0.35 | S95: NA | T95: VAL2003002-2、VAL2008008-21
A96: ASAHI CHIKAI 200CM ROUND CURVE | B96: IVR(Jacket) | C96: 1731013 | D96: WAIN-CKI-200-RC KR | E96: KR | F96: 3 | G96: 3 | H96: 2 | I96: 2 | J96: Guide wire circular type | K96: 50°C, 300 minutes Sterilization | L96: D | M96: D | N96: D | O96: ① | P96: N/A | Q96: 2003 | R96: 0.35 | S96: NA | T96: VAL2003002-2、VAL2008008-21 AMD-Q230804 Ver.4, TMVAL2408004-2 | U96: AMD-Q240359, AMD-Q240358 | V96: AMC-C240136, AMC-C250021
A97: ASAHI CHIKAI 200cm Round | B97: IVR(Jacket) | C97: 2131623 | D97: WAIN-CKI-200-RC NOCE | E97: NO CE | F97: 3 | G97: 3 | H97: 2 | I97: 2 | J97: Guide wire circular type | K97: 50°C, 300 minutes Sterilization | L97: D | M97: D | N97: D | O97: ① | P97: N/A | Q97: 2003 | R97: 0.35 | S97: NA | T97: AMD-Q220817 | V97: AMC-C220248
A98: ASAHI CHIKAI 200cm | B98: IVR(Jacket) | C98: 2331157 | D98: WAIN-CKI-200 CE4 | E98: CE | F98: 3 | G98: 3 | H98: 2 | I98: 2 | J98: Guide wire circular type | K98: 50°C, 300 minutes Sterilization | L98: D | M98: D | N98: D | O98: ① | P98: N/A | Q98: 2004 | R98: 0.35 | S98: NA
A99: ASAHI CHIKAI 200cm | B99: IVR(Jacket) | C99: 2131618 | D99: WAIN-CKI-200 NOCE | E99: NO CE | F99: 3 | G99: 3 | H99: 2 | I99: 2 | J99: Guide wire circular type | K99: 50°C, 300 minutes Sterilization | L99: D | M99: D | N99: D | O99: ① | P99: N/A | Q99: 2004 | R99: 0.35 | S99: NA | T99: AMD-Q220817 | V99: AMC-C220248
A100: ASAHI CHIKAI 200cm | B100: IVR(Jacket) | C100: 1831270 | D100: AIN-CKI-200R JP | E100: J-sales | F100: 3 | G100: 3 | H100: 3 | I100: 3 | J100: Guide wire circular type | K100: 50°C, 300 minutes Sterilization | L100: D | M100: D | N100: D | O100: ① | P100: N/A | Q100: 2004 | R100: 0.36 | S100: NA | T100: VAL2003002-2、VAL2008008-21 AMD-Q230804 Ver.4, TMVAL2408004-2 | U100: AMD-DA41371 016 AMD-Q240359, AMD-Q240358 | V100: AMC-C181571 AMC-C250058
A101: ASAHI CHIKAI 10 300cm | B101: IVR(Jacket) | C101: 2331160 | D101: WAIN-CKI-10-300 CE4 | E101: CE | F101: 2 | G101: 2 | H101: 2 | I101: 2 | J101: Guide wire circular type | K101: 50°C, 300 minutes Sterilization | L101: D | M101: D | N101: D | O101: ① | P101: N/A | Q101: 3026 | R101: 0.266 | S101: NA
A102: ASAHI CHIKAI 10 300cm | B102: IVR(Jacket) | C102: 2131621 | D102: WAIN-CKI-10-300 NOCE | E102: NO CE | F102: 2 | G102: 2 | H102: 2 | I102: 2 | J102: Guide wire circular type | K102: 50°C, 300 minutes Sterilization | L102: D | M102: D | N102: D | O102: ① | P102: N/A | Q102: 3026 | R102: 0.266 | S102: NA | T102: AMD-Q220817 | V102: AMC-C220248
...

Sheet H009
A1: =[6]表紙!A1 -> AMI-Q411-H009 Ver.1 | B1: 滅菌対象品一覧AIHM(CROSSLOOP) | R1: 品質保証G
A4: 製品名 | B4: Product Information | C4: 図番 | D4: カタログコード | E4: 仕向け先 | F4: Chamber | J4: 滅菌ファミリー | K4: 滅菌条件 | L4: 無菌試験 ファミリー | M4: バイオバーデン ファミリー | N4: ｴﾝﾄﾞﾄｷｼﾝ試験 ファミリー | O4: エアレーション ファミリー | P4: 微粒汚染 ファミリー | Q4: Length [mm] | R4: O.D.[mm] (Shaft or core) | S4: I.D. [mm] (Shaft) | T4: 滅菌バリデーション | U4: 製品評価レポート | V4: 薬事承認書 | W4: 変更提案、品質関連連絡書
F5: A | G5: B | H5: C | I5: D
A6: CROSSLOOP 300cm Straight | B6: IVR(AGH) | C6: 2331120 | D6: LPM01830S US | E6: US | F6: 2 | G6: 2 | H6: × | I6: × | J6: Guide wire circular type | K6: 50°C, 300 minutes Sterilization | L6: B | M6: B | N6: B | O6: ① | P6: N/A | Q6: 3000 | R6: 0.45 | S6: NA | T6: AMD-Q250809, VAL2401005-21 | U6: AMD-DA46181136_設計検証報告書、AMD-DA46181198_設計検証総括報告書 | V6: AMC-C250206
A7: CROSSLOOP 300cm Pre-shape | B7: IVR(AGH) | C7: 2331121 | D7: LPM01830P US | E7: US | F7: 2 | G7: 2 | H7: × | I7: × | J7: Guide wire circular type | K7: 50°C, 300 minutes Sterilization | L7: B | M7: B | N7: B | O7: ① | P7: N/A | Q7: 3000 | R7: 0.45 | S7: NA | T7: AMD-Q250809, VAL2401005-21 | U7: AMD-DA46181136_設計検証報告書、AMD-DA46181198_設計検証総括報告書 | V7: AMC-C250206
A8: CROSSLOOP 235cm Straight | B8: IVR(AGH) | C8: 2331118 | D8: LPM01823S US | E8: US | F8: 2 | G8: 2 | H8: × | I8: × | J8: Guide wire circular type | K8: 50°C, 300 minutes Sterilization | L8: B | M8: B | N8: B | O8: ① | P8: N/A | Q8: 2348 | R8: 0.45 | S8: NA | T8: AMD-Q250809, VAL2401005-21 | U8: AMD-DA46181136_設計検証報告書、AMD-DA46181198_設計検証総括報告書 | V8: AMC-C250206
A9: CROSSLOOP 235cm Pre-shape | B9: IVR(AGH) | C9: 2331119 | D9: LPM01823P US | E9: US | F9: 2 | G9: 2 | H9: × | I9: × | J9: Guide wire circular type | K9: 50°C, 300 minutes Sterilization | L9: B | M9: B | N9: B | O9: ① | P9: N/A | Q9: 2348 | R9: 0.45 | S9: NA | T9: AMD-Q250809, VAL2401005-21 | U9: AMD-DA46181136_設計検証報告書、AMD-DA46181198_設計検証総括報告書 | V9: AMC-C250206
A10: CROSSLOOP 200cm Straight | B10: IVR(AGH) | C10: 2331116 | D10: LPM01820S US | E10: US | F10: 2 | G10: 2 | H10: × | I10: × | J10: Guide wire circular type | K10: 50°C, 300 minutes Sterilization | L10: B | M10: B | N10: B | O10: ① | P10: N/A | Q10: 1998 | R10: 0.45 | S10: NA | T10: AMD-Q250809, VAL2401005-21 | U10: AMD-DA46181136_設計検証報告書、AMD-DA46181198_設計検証総括報告書 | V10: AMC-C250206
A11: CROSSLOOP 200cm Pre-shape | B11: IVR(AGH) | C11: 2331117 | D11: LPM01820P US | E11: US | F11: 2 | G11: 2 | H11: × | I11: × | J11: Guide wire circular type | K11: 50°C, 300 minutes Sterilization | L11: B | M11: B | N11: B | O11: ① | P11: N/A | Q11: 1998 | R11: 0.45 | S11: NA | T11: AMD-Q250809, VAL2401005-21 | U11: AMD-DA46181136_設計検証報告書、AMD-DA46181198_設計検証総括報告書 | V11: AMC-C250206

Sheet H010 ver2
A1: =[7]表紙!A1 -> AMI-Q411-H010 Ver.2 | B1: 滅菌対象品一覧AIHM(Penetration Catheter) | R1: 品質保証G
A4: 製品名 | B4: Product Information | C4: 図番 | D4: カタログコード | E4: 仕向け先 | F4: Chamber | J4: 滅菌ファミリー | K4: 滅菌条件 | L4: 無菌試験 ファミリー | M4: バイオバーデン ファミリー | N4: ｴﾝﾄﾞﾄｷｼﾝ試験 ファミリー | O4: エアレーション ファミリー | P4: 微粒汚染 ファミリー | Q4: Length [mm] | R4: O.D.[mm] (Shaft or core) | S4: I.D. [mm] (Shaft) | T4: 滅菌バリデーション | U4: 製品評価レポート | V4: 薬事承認書 | W4: 変更提案、品質関連連絡書
F5: A | G5: B | H5: C | I5: D
A6: Caravel S 135 cm | B6: Penetration Catheter | C6: 2341001 | D6: CRV135-19S MDR | E6: CE | F6: 1 | G6: 1 | H6: 1 | I6: 1 | J6: Non balloon catheter, circular type | K6: 50°C, 300 minutes Sterilization | L6: H | M6: H | N6: H | O6: ③ | P6: N/A | Q6: 1350 | R6: 0.85 | S6: 0.55
A7: Caravel S 150 cm | B7: Penetration Catheter | C7: 2341002 | D7: CRV150-19S MDR | E7: CE | F7: 1 | G7: 1 | H7: 1 | I7: 1 | J7: Non balloon catheter, circular type | K7: 50°C, 300 minutes Sterilization | L7: H | M7: H | N7: H | O7: ③ | P7: N/A | Q7: 1500 | R7: 0.85 | S7: 0.55
A8: ASAHI Caravel 150cm | B8: Penetration Catheter | C8: 2341004 | D8: CRV150-19P CE3 | E8: CE | F8: 3 | G8: 3 | H8: 3 | I8: 3 | J8: Non balloon catheter, circular type | K8: 50°C, 300 minutes Sterilization | L8: H | M8: H | N8: H | O8: ③ | P8: N/A | Q8: 1500 | R8: 0.85 | S8: 0.55
A9: ASAHI Caravel 135cm | B9: Penetration Catheter | C9: 2341003 | D9: CRV135-19P CE3 | E9: CE | F9: 3 | G9: 3 | H9: 3 | I9: 3 | J9: Non balloon catheter, circular type | K9: 50°C, 300 minutes Sterilization | L9: H | M9: H | N9: H | O9: ③ | P9: N/A | Q9: 1350 | R9: 0.85 | S9: 0.55
A10: ASHHI Caravel 150cm | B10: Penetration Catheter | C10: 2141057 | D10: CRV150-19P KR | E10: KR | F10: 1 | G10: 1 | H10: × | I10: × | J10: Non balloon catheter, circular type | K10: 50°C, 300 minutes Sterilization | L10: H | M10: H | N10: H | O10: ③ | P10: N/A | Q10: 1500 | R10: 0.85 | S10: 0.55 | T10: VA0092-01 | U10: AMD-DS10642019, AMO-DS10642017 | V10: AMC-C200095
A11: ASHHI Caravel 135cm | B11: Penetration Catheter | C11: 2141056 | D11: CRV135-19P KR | E11: KR | F11: 1 | G11: 1 | H11: × | I11: × | J11: Non balloon catheter, circular type | K11: 50°C, 300 minutes Sterilization | L11: H | M11: H | N11: H | O11: ③ | P11: N/A | Q11: 1350 | R11: 0.85 | S11: 0.55 | T11: VA0092-01 | U11: AMD-DS10642019, AMO-DS10642017 | V11: AMC-C200095
A12: ASAHI Caravel 150cm | B12: Penetration Catheter | C12: 2141050 | D12: CRV150-19P CN | E12: CN | F12: 3 | G12: 3 | H12: 3 | I12: 3 | J12: Non balloon catheter, circular type | K12: 50°C, 300 minutes Sterilization | L12: H | M12: H | N12: H | O12: ③ | P12: B | Q12: 1500 | R12: 0.85 | S12: 0.55 | T12: PE-2012022(V1)、VA0169-01 Ver.1.00 | U12: AMD-DS10642022 | V12: AMC-C210338,AMC-C210343
A13: ASAHI Caravel 135cm | B13: Penetration Catheter | C13: 2141049 | D13: CRV135-19P CN | E13: CN | F13: 3 | G13: 3 | H13: 3 | I13: 3 | J13: Non balloon catheter, circular type | K13: 50°C, 300 minutes Sterilization | L13: H | M13: H | N13: H | O13: ③ | P13: B | Q13: 1350 | R13: 0.85 | S13: 0.55 | T13: PE-2012022(V1)、VA0169-01 Ver.1.00 | U13: AMD-DS10642022 | V13: AMC-C210338,AMC-C210343
A14: ASAHI Caravel Microcatheter 150㎝ | B14: Penetration Catheter | C14: 1941103 | D14: CRV150-19P US2 | E14: US | F14: 3 | G14: 3 | H14: 3 | I14: 3 | J14: Non balloon catheter, circular type | K14: 50°C, 300 minutes Sterilization | L14: H | M14: H | N14: H | O14: ③ | P14: N/A | Q14: 1500 | R14: 0.85 | S14: 0.55 | T14: VA0092-01 Ver.1、VAL1711010-2 Ver.1 AMD-Q180834 VA0146-01, VA0119-01, PVR0697-01, PVR1023-01 | U14: AMD-DS10642024, AMD-DS10642069 AMD-DS10642068 AMD-Q1901001～191007、191009、191010、191014、191015 | V14: AMC-C161514
A15: ASAHI Caravel Microcatheter 135㎝ | B15: Penetration Catheter | C15: 1941102 | D15: CRV135-19P US2 | E15: US | F15: 3 | G15: 3 | H15: 3 | I15: 3 | J15: Non balloon catheter, circular type | K15: 50°C, 300 minutes Sterilization | L15: H | M15: H | N15: H | O15: ③ | P15: N/A | Q15: 1350 | R15: 0.85 | S15: 0.55 | T15: VA0092-01 Ver.1、VAL1711010-2 Ver.1 AMD-Q180834、VA0146-01, VA0119-01, PVR0697-01, PVR1023-01 | U15: AMD-DS10642024, AMD-DS10642069 AMD-DS10642068 AMD-Q1901001～191007、191009、191010、191014、191015 | V15: AMC-C161514
A16: ASAHI Caravel MC 150㎝ | B16: Penetration Catheter | C16: 1841034 | D16: CRV150-19M JP | E16: J-sales | F16: 3 | G16: 3 | H16: 3 | I16: 3 | J16: Non balloon catheter, circular type | K16: 50°C, 300 minutes Sterilization | L16: H | M16: H | N16: H | O16: ③ | P16: N/A | Q16: 1500 | R16: 0.85 | S16: 0.55 | T16: VAL2003002-2、VAL2008008-21 | U16: 製品評価（1回滅菌品+加速）：AMD-DS10642024、AMD-DS10642069 AMD-DS10642068 AMD-Q1901001～191007、191009、191010、191014、191015
A17: ASAHI Caravel MC 135㎝ | B17: Penetration Catheter | C17: 1841033 | D17: CRV135-19M JP | E17: J-sales | F17: 3 | G17: 3 | H17: 3 | I17: 3 | J17: Non balloon catheter, circular type | K17: 50°C, 300 minutes Sterilization | L17: H | M17: H | N17: H | O17: ③ | P17: N/A | Q17: 1350 | R17: 0.85 | S17: 0.55 | T17: VAL2003002-2、VAL2008008-21 | U17: 製品評価（1回滅菌品+加速）：AMD-DS10642024、AMD-DS10642069 AMD-DS10642068 AMD-Q1901001～191007、191009、191010、191014、191015
A18: ASAHI Corsair Pro 150㎝ | B18: Penetration Catheter | C18: 1941097 | D18: CSR150-26P US | E18: US | F18: 2 | G18: 2 | H18: × | I18: × | J18: Non balloon catheter, circular type | K18: 50°C, 300 minutes Sterilization | L18: H | M18: H | N18: H | O18: ③ | P18: N/A | Q18: 1500 | R18: 0.965 | S18: 0.48 | T18: VA0094-01, AMD-Q180834 VA0146-01, VA0119-01, PVR0697-01, PVR1023-01 AIH A/B VAL1910008-2 AMD-Q250840 , PENG2503004 Ver.1.00 | U18: AMD-DS40182034, AMD-DS40182015 AMD-DS10642068V AIH A/B :AMD-Q211401/AMD-Q211404 AMD-Q241627 AMD-Q240350 | V18: AMC-C161640 AMC-Q210090
A19: ASAHI Corsair Pro 135㎝ | B19: Penetration Catheter | C19: 1941096 | D19: CSR135-26P US | E19: US | F19: 2 | G19: 2 | H19: × | I19: × | J19: Non balloon catheter, circular type | K19: 50°C, 300 minutes Sterilization | L19: H | M19: H | N19: H | O19: ③ | P19: N/A | Q19: 1350 | R19: 0.965 | S19: 0.48 | T19: VA0094-01, AMD-Q180834 VA0146-01, VA0119-01, PVR0697-01, PVR1023-01 AIH A/B VAL1910008-2 AMD-Q250840 , PENG2503004 Ver.1.00 | U19: AMD-DS40182034, AMD-DS40182015 AMD-DS10642068 AIH A/B :AMD-Q211401/AMD-Q211404 AMD-Q241627 AMD-Q240350 | V19: AMC-C161640 AMC-Q210090
A20: ASAHI Corsair PV 150cm | B20: Penetration Catheter | C20: 1941080 | D20: CSRP150-26NR JP | E20: J-sales | F20: 1 | G20: 1 | H20: 1 | I20: 1 | J20: Non balloon catheter, circular type | K20: 50°C, 300 minutes Sterilization | L20: H | M20: H | N20: H | O20: ③ | P20: N/A | Q20: 1500 | R20: 0.965 | S20: 0.48 | T20: VA0146-01, VA0119-01, PVR0697-01, PVR1023-01 AIH滅菌 AMD-Q220836 | U20: AMD-DS10642068 AIH滅菌 AMD-Q221456 | V20: AMC-C191544 AIH滅菌 AMC-C220266
A21: ASAHI Corsair PV 135cm | B21: Penetration Catheter | C21: 1941079 | D21: CSRP135-26NR JP | E21: J-sales | F21: 1 | G21: 1 | H21: 1 | I21: 1 | J21: Non balloon catheter, circular type | K21: 50°C, 300 minutes Sterilization | L21: H | M21: H | N21: H | O21: ③ | P21: N/A | Q21: 1350 | R21: 0.965 | S21: 0.48 | T21: VA0146-01, VA0119-01, PVR0697-01, PVR1023-01 AIH滅菌 AMD-Q220836 | U21: AMD-DS10642068 AIH滅菌 AMD-Q221456 | V21: AMC-C191544 AIH滅菌 AMC-C220266
