Workbook
Name eratet: '[1]PLAN PTCA'!#REF!
Name eratet: #REF!
Name eratet: #REF!

Sheet PLAN
B1: PLAN STER - PTCA | I1: =SUBTOTAL(9,I3:I2249) -> 624591 | M1: =SUBTOTAL(9,M3:M2249) -> 627733 | AE1: =SUBTOTAL(9,AE3:AE2249) -> 280022
A2: PO No. | B2: TT | C2: Material No Type C | D2: Item Code Type C | E2: PldOrd | F2: Material No | G2: Item code | H2: Item name | I2: Q'ty | J2: Complete Date | K2: Internal Lot | L2: External Lot Ster | M2: Q'ty Input | N2: QA test | O2: KEEP | P2: Destination | Q2: Label | R2: Bioburden | S2: Seal | T2: Ster | U2: MẺ | V2: Phase | W2: BOXING | X2: Test Endotoxin ( pcs) | Y2: Test Particle ( pcs) | Z2: Label | AA2: Seal | AB2: Boxing | AC2: ETD | AD2: Family | AE2: WH | AF2: PROCESS | AG2: ngày lưu kho | AI2: MẺ | AJ2: 1 | AK2: Địa Chỉ Label QR code | AM2: 1 | AN2: ＡＩＨ A | AO2: ＡＩＨ A | AP2: ＡＩＨ C | AQ2: ＡＩＨ D
A3: PT-H2607-PT-029 | B3: Jul22-11 | C3: 12111088 | D3: 1932090-A-C | E3: 1001907448 | F3: 11111223 | G3: 1631042-F-A | H3: AMS-180-1445 JP | I3: 380 | J3: 46236 | K3: 0103536427 | L3: 260707A14A | M3: 380 | N3: 0 | O3: 0 | P3: Japan | Q3: 46217 | R3: 0 | S3: 46238 | T3: 46238 | U3: M7 | V3: CAG | X3: 0 | Y3: 0 | Z3: =IFERROR(VLOOKUP(H3,[2]New!$B:$G,3,0),)*I3/60 -> 266 | AA3: =IFERROR(VLOOKUP(H3,[2]New!$B:$G,4,0),)*I3/60 -> 1038.6667 | AB3: =IFERROR(VLOOKUP(H3,[2]New!$B:$G,6,0),)*I3/60 -> 931 | AC3: 46251 | AD3: =IFERROR(VLOOKUP(H3,[3]Sheet1!$E:$H,4,0),) -> 0 | AE3: 380 | AF3: FINISH | AG3: 0 | AH3: 0 | AI3: M7 | AL3: AVPE-7634 | AM3: AVPE-7634 | AN3: 3 | AO3: 3 | AP3: 2 | AQ3: 2 | AR3: 06.Aug.26
A4: PT-H2605-PC-002-2 | B4: Jul23-04 | C4: 12125012 | D4: 2332200-0-C-CN | E4: 1001907463 | F4: 11134237 | G4: 1436196-Q-A | H4: AHW14R004S CN | I4: 2370 | J4: 46226 | K4: 0103536442 | L4: 260707A29A | M4: 2389 | N4: 16 | O4: 0 | P4: China | Q4: 46216 | R4: 0 | S4: 46217 | T4: 46217 | U4: M3 | V4: F3 | X4: 3 | Y4: 0 | Z4: =IFERROR(VLOOKUP(H4,[2]New!$B:$G,3,0),)*I4/60 -> 1674.8 | AA4: =IFERROR(VLOOKUP(H4,[2]New!$B:$G,4,0),)*I4/60 -> 4657.05 | AB4: =IFERROR(VLOOKUP(H4,[2]New!$B:$G,6,0),)*I4/60 -> 2291 | AC4: =VLOOKUP(A4,'[4]PO PTCA (2)'!$A:$L,12,0) -> 46238 | AD4: =IFERROR(VLOOKUP(H4,[3]Sheet1!$E:$H,4,0),) -> B | AE4: 2370 | AF4: FINISH | AG4: 3 | AH4: 19 | AI4: M3-1 | AL4: AVPE-8631 | AM4: #N/A | AN4: 3 | AO4: 3 | AP4: 2 | AQ4: 2
A5: PT-H2606-PD-194 | B5: Jul24-21 | C5: 12111412 | D5: 1832240-B-CK | E5: 1001912027 | F5: 11126730 | G5: 1436075-J-AK | H5: AGH143092 Q NOCE | I5: 25 | J5: 46227 | K5: 0103544281 | L5: 260709A17A | M5: 25 | N5: 0 | O5: 0 | P5: Oversea | Q5: 46227 | R5: 0 | S5: 46230 | T5: 46230 | U5: M7 | V5: F2 | X5: 0 | Y5: 0 | Z5: =IFERROR(VLOOKUP(H5,[2]New!$B:$G,3,0),)*I5/60 -> 0 | AA5: =IFERROR(VLOOKUP(H5,[2]New!$B:$G,4,0),)*I5/60 -> 0 | AB5: =IFERROR(VLOOKUP(H5,[2]New!$B:$G,6,0),)*I5/60 -> 0 | AC5: =VLOOKUP(A5,'[4]PO PTCA (2)'!$A:$L,12,0) -> 46238 | AD5: =IFERROR(VLOOKUP(H5,[3]Sheet1!$E:$H,4,0),) -> 0 | AE5: 25 | AF5: FINISH | AG5: 0 | AH5: 0 | AI5: M7-1 | AL5: AVPE-9952 | AM5: AVPE-9952 | AN5: 2 | AO5: 2 | AP5: 2 | AQ5: ×
A6: PT-H2606-PD-194 | B6: Jul24-22 | C6: 12111412 | D6: 1832240-B-CK | E6: 1001912028 | F6: 11126730 | G6: 1436075-J-AK | H6: AGH143092 Q NO CE | I6: 25 | J6: 46227 | K6: 0103544282 | L6: 260709A18A | M6: 25 | N6: 0 | O6: 0 | P6: Oversea | Q6: 46227 | R6: 0 | S6: 46230 | T6: 46230 | U6: M7 | V6: F2 | X6: 0 | Y6: 0 | Z6: =IFERROR(VLOOKUP(H6,[2]New!$B:$G,3,0),)*I6/60 -> 0 | AA6: =IFERROR(VLOOKUP(H6,[2]New!$B:$G,4,0),)*I6/60 -> 0 | AB6: =IFERROR(VLOOKUP(H6,[2]New!$B:$G,6,0),)*I6/60 -> 0 | AC6: =VLOOKUP(A6,'[4]PO PTCA (2)'!$A:$L,12,0) -> 46238 | AD6: =IFERROR(VLOOKUP(H6,[3]Sheet1!$E:$H,4,0),) -> 0 | AE6: 25 | AF6: FINISH | AG6: 0 | AH6: 0 | AI6: M7-1 | AL6: AVPE-9952 | AM6: AVPE-9952 | AN6: 2 | AO6: 2 | AP6: 2 | AQ6: ×
A7: IPC-2605004 | B7: Jul24-40 | C7: 12125021 | D7: 2332447-0-C-CN | E7: 1001912046 | F7: 11133759 | G7: 1456045-Q-A | H7: STM180-14S CN | I7: 5 | J7: 46227 | K7: 0103544302 | L7: 260709A36A | M7: 5 | N7: 5 | O7: 0 | P7: China | Q7: 46217 | R7: 0 | S7: 46218 | T7: 46218 | U7: M5 | V7: F3 | X7: 0 | Y7: 0 | Z7: =IFERROR(VLOOKUP(H7,[2]New!$B:$G,3,0),)*I7/60 -> 4.5583333 | AA7: =IFERROR(VLOOKUP(H7,[2]New!$B:$G,4,0),)*I7/60 -> 13.908333 | AB7: =IFERROR(VLOOKUP(H7,[2]New!$B:$G,6,0),)*I7/60 -> 12.791667 | AC7: TEST | AD7: =IFERROR(VLOOKUP(H7,[3]Sheet1!$E:$H,4,0),) -> D | AE7: 5 | AF7: FINISH | AG7: 12 | AH7: 0 | AI7: M5-2 | AK7: IPC-2605004 | AL7: AVPE-6724 | AM7: #N/A | AN7: 3 | AO7: 3 | AP7: 2 | AQ7: 2
A8: IPC-2605004 | B8: Jul24-41 | C8: 12125021 | D8: 2332447-0-C-CN | E8: 1001912047 | F8: 11133759 | G8: 1456045-Q-A | H8: STM180-14S CN | I8: 5 | J8: 46227 | K8: 0103544305 | L8: 260709A37A | M8: 5 | N8: 5 | O8: 0 | P8: China | Q8: 46217 | R8: 0 | S8: 46218 | T8: 46218 | U8: M5 | V8: F3 | X8: 0 | Y8: 0 | Z8: =IFERROR(VLOOKUP(H8,[2]New!$B:$G,3,0),)*I8/60 -> 4.5583333 | AA8: =IFERROR(VLOOKUP(H8,[2]New!$B:$G,4,0),)*I8/60 -> 13.908333 | AB8: =IFERROR(VLOOKUP(H8,[2]New!$B:$G,6,0),)*I8/60 -> 12.791667 | AC8: TEST | AD8: =IFERROR(VLOOKUP(H8,[3]Sheet1!$E:$H,4,0),) -> D | AE8: 5 | AF8: FINISH | AG8: 12 | AH8: 0 | AI8: M5-2 | AK8: IPC-2605004 | AL8: AVPE-6724 | AM8: #N/A | AN8: 3 | AO8: 3 | AP8: 2 | AQ8: 2
A9: IPC-2605004 | B9: Jul24-42 | C9: 12125021 | D9: 2332447-0-C-CN | E9: 1001912048 | F9: 11133759 | G9: 1456045-Q-A | H9: STM180-14S CN | I9: 5 | J9: 46227 | K9: 0103544306 | L9: 260709A38A | M9: 5 | N9: 5 | O9: 0 | P9: China | Q9: 46217 | R9: 0 | S9: 46218 | T9: 46218 | U9: M5 | V9: F3 | X9: 0 | Y9: 0 | Z9: =IFERROR(VLOOKUP(H9,[2]New!$B:$G,3,0),)*I9/60 -> 4.5583333 | AA9: =IFERROR(VLOOKUP(H9,[2]New!$B:$G,4,0),)*I9/60 -> 13.908333 | AB9: =IFERROR(VLOOKUP(H9,[2]New!$B:$G,6,0),)*I9/60 -> 12.791667 | AC9: TEST | AD9: =IFERROR(VLOOKUP(H9,[3]Sheet1!$E:$H,4,0),) -> D | AE9: 5 | AF9: FINISH | AG9: 12 | AH9: 0 | AI9: M5-2 | AK9: IPC-2605004 | AL9: AVPE-6724 | AM9: #N/A | AN9: 3 | AO9: 3 | AP9: 2 | AQ9: 2
A10: IPC-2605004 | B10: Jul24-43 | C10: 12125021 | D10: 2332447-0-C-CN | E10: 1001912049 | F10: 11133759 | G10: 1456045-Q-A | H10: STM180-14S CN | I10: 5 | J10: 46227 | K10: 0103544307 | L10: 260709A39A | M10: 5 | N10: 5 | O10: 0 | P10: China | Q10: 46217 | R10: 0 | S10: 46218 | T10: 46218 | U10: M5 | V10: F3 | X10: 0 | Y10: 0 | Z10: =IFERROR(VLOOKUP(H10,[2]New!$B:$G,3,0),)*I10/60 -> 4.5583333 | AA10: =IFERROR(VLOOKUP(H10,[2]New!$B:$G,4,0),)*I10/60 -> 13.908333 | AB10: =IFERROR(VLOOKUP(H10,[2]New!$B:$G,6,0),)*I10/60 -> 12.791667 | AC10: TEST | AD10: =IFERROR(VLOOKUP(H10,[3]Sheet1!$E:$H,4,0),) -> D | AE10: 5 | AF10: FINISH | AG10: 12 | AH10: 0 | AI10: M5-2 | AK10: IPC-2605004 | AL10: AVPE-6724 | AM10: #N/A | AN10: 3 | AO10: 3 | AP10: 2 | AQ10: 2
A11: IPC-2605004 | B11: Jul24-44 | C11: 12125021 | D11: 2332447-0-C-CN | E11: 1001912051 | F11: 11133759 | G11: 1456045-Q-A | H11: STM180-14S CN | I11: 5 | J11: 46227 | K11: 0103544308 | L11: 260709A40A | M11: 5 | N11: 5 | O11: 0 | P11: China | Q11: 46217 | R11: 0 | S11: 46218 | T11: 46218 | U11: M5 | V11: F3 | X11: 0 | Y11: 0 | Z11: =IFERROR(VLOOKUP(H11,[2]New!$B:$G,3,0),)*I11/60 -> 4.5583333 | AA11: =IFERROR(VLOOKUP(H11,[2]New!$B:$G,4,0),)*I11/60 -> 13.908333 | AB11: =IFERROR(VLOOKUP(H11,[2]New!$B:$G,6,0),)*I11/60 -> 12.791667 | AC11: TEST | AD11: =IFERROR(VLOOKUP(H11,[3]Sheet1!$E:$H,4,0),) -> D | AE11: 5 | AF11: FINISH | AG11: 12 | AH11: 0 | AI11: M5-2 | AK11: IPC-2605004 | AL11: AVPE-6724 | AM11: #N/A | AN11: 3 | AO11: 3 | AP11: 2 | AQ11: 2
A12: IPC-2605004 | B12: Jul24-45 | C12: 12125021 | D12: 2332447-0-C-CN | E12: 1001912052 | F12: 11133759 | G12: 1456045-Q-A | H12: STM180-14S CN | I12: 5 | J12: 46227 | K12: 0103544309 | L12: 260709A41A | M12: 5 | N12: 5 | O12: 0 | P12: China | Q12: 46217 | R12: 0 | S12: 46218 | T12: 46218 | U12: M5 | V12: F3 | X12: 0 | Y12: 0 | Z12: =IFERROR(VLOOKUP(H12,[2]New!$B:$G,3,0),)*I12/60 -> 4.5583333 | AA12: =IFERROR(VLOOKUP(H12,[2]New!$B:$G,4,0),)*I12/60 -> 13.908333 | AB12: =IFERROR(VLOOKUP(H12,[2]New!$B:$G,6,0),)*I12/60 -> 12.791667 | AC12: TEST | AD12: =IFERROR(VLOOKUP(H12,[3]Sheet1!$E:$H,4,0),) -> D | AE12: 5 | AF12: FINISH | AG12: 12 | AH12: 0 | AI12: M5-2 | AK12: IPC-2605004 | AL12: AVPE-6724 | AM12: #N/A | AN12: 3 | AO12: 3 | AP12: 2 | AQ12: 2
A13: IPC-2605004 | B13: Jul24-46 | C13: 12125021 | D13: 2332447-0-C-CN | E13: 1001912053 | F13: 11133759 | G13: 1456045-Q-A | H13: STM180-14S CN | I13: 5 | J13: 46227 | K13: 0103544311 | L13: 260709A42A | M13: 5 | N13: 5 | O13: 0 | P13: China | Q13: 46217 | R13: 0 | S13: 46218 | T13: 46218 | U13: M5 | V13: F3 | X13: 0 | Y13: 0 | Z13: =IFERROR(VLOOKUP(H13,[2]New!$B:$G,3,0),)*I13/60 -> 4.5583333 | AA13: =IFERROR(VLOOKUP(H13,[2]New!$B:$G,4,0),)*I13/60 -> 13.908333 | AB13: =IFERROR(VLOOKUP(H13,[2]New!$B:$G,6,0),)*I13/60 -> 12.791667 | AC13: TEST | AD13: =IFERROR(VLOOKUP(H13,[3]Sheet1!$E:$H,4,0),) -> D | AE13: 5 | AF13: FINISH | AG13: 12 | AH13: 0 | AI13: M5-2 | AK13: IPC-2605004 | AL13: AVPE-6724 | AM13: #N/A | AN13: 3 | AO13: 3 | AP13: 2 | AQ13: 2
A14: IPC-2605004 | B14: Jul24-47 | C14: 12125021 | D14: 2332447-0-C-CN | E14: 1001912054 | F14: 11133759 | G14: 1456045-Q-A | H14: STM180-14S CN | I14: 5 | J14: 46227 | K14: 0103544312 | L14: 260709A43A | M14: 5 | N14: 5 | O14: 0 | P14: China | Q14: 46217 | R14: 0 | S14: 46218 | T14: 46218 | U14: M5 | V14: F3 | X14: 0 | Y14: 0 | Z14: =IFERROR(VLOOKUP(H14,[2]New!$B:$G,3,0),)*I14/60 -> 4.5583333 | AA14: =IFERROR(VLOOKUP(H14,[2]New!$B:$G,4,0),)*I14/60 -> 13.908333 | AB14: =IFERROR(VLOOKUP(H14,[2]New!$B:$G,6,0),)*I14/60 -> 12.791667 | AC14: TEST | AD14: =IFERROR(VLOOKUP(H14,[3]Sheet1!$E:$H,4,0),) -> D | AE14: 5 | AF14: FINISH | AG14: 12 | AH14: 0 | AI14: M5-2 | AK14: IPC-2605004 | AL14: AVPE-6724 | AM14: #N/A | AN14: 3 | AO14: 3 | AP14: 2 | AQ14: 2
A15: IPC-2605004 | B15: Jul24-48 | C15: 12125021 | D15: 2332447-0-C-CN | E15: 1001912055 | F15: 11133759 | G15: 1456045-Q-A | H15: STM180-14S CN | I15: 5 | J15: 46227 | K15: 0103544313 | L15: 260709A44A | M15: 5 | N15: 5 | O15: 0 | P15: China | Q15: 46217 | R15: 0 | S15: 46218 | T15: 46218 | U15: M5 | V15: F3 | X15: 0 | Y15: 0 | Z15: =IFERROR(VLOOKUP(H15,[2]New!$B:$G,3,0),)*I15/60 -> 4.5583333 | AA15: =IFERROR(VLOOKUP(H15,[2]New!$B:$G,4,0),)*I15/60 -> 13.908333 | AB15: =IFERROR(VLOOKUP(H15,[2]New!$B:$G,6,0),)*I15/60 -> 12.791667 | AC15: TEST | AD15: =IFERROR(VLOOKUP(H15,[3]Sheet1!$E:$H,4,0),) -> D | AE15: 5 | AF15: FINISH | AG15: 12 | AH15: 0 | AI15: M5-2 | AK15: IPC-2605004 | AL15: AVPE-6724 | AM15: #N/A | AN15: 3 | AO15: 3 | AP15: 2 | AQ15: 2
A16: IPC-2605004 | B16: Jul24-49 | C16: 12125021 | D16: 2332447-0-C-CN | E16: 1001912056 | F16: 11133759 | G16: 1456045-Q-A | H16: STM180-14S CN | I16: 5 | J16: 46227 | K16: 0103544314 | L16: 260709A45A | M16: 5 | N16: 5 | O16: 0 | P16: China | Q16: 46217 | R16: 0 | S16: 46218 | T16: 46218 | U16: M5 | V16: F3 | X16: 0 | Y16: 0 | Z16: =IFERROR(VLOOKUP(H16,[2]New!$B:$G,3,0),)*I16/60 -> 4.5583333 | AA16: =IFERROR(VLOOKUP(H16,[2]New!$B:$G,4,0),)*I16/60 -> 13.908333 | AB16: =IFERROR(VLOOKUP(H16,[2]New!$B:$G,6,0),)*I16/60 -> 12.791667 | AC16: TEST | AD16: =IFERROR(VLOOKUP(H16,[3]Sheet1!$E:$H,4,0),) -> D | AE16: 5 | AF16: FINISH | AG16: 12 | AH16: 0 | AI16: M5-2 | AK16: IPC-2605004 | AL16: AVPE-6724 | AM16: #N/A | AN16: 3 | AO16: 3 | AP16: 2 | AQ16: 2
A17: PT-H2606-PC-019 | B17: Jul28-24 | C17: 12120774 | D17: 2332192-0-C-CN | E17: 1001913437 | F17: 11134235 | G17: 1036068-S-AK | H17: AHW14R001S CN | I17: 2370 | J17: 46231 | K17: 0103547147 | L17: 260713A04A | M17: 2386 | N17: 16 | O17: 0 | P17: China | Q17: 46219 | R17: 0 | S17: 46220 | T17: 46220 | U17: M3 | V17: F3 | X17: 0 | Y17: 0 | Z17: =IFERROR(VLOOKUP(H17,[2]New!$B:$G,3,0),)*I17/60 -> 1674.8 | AA17: =IFERROR(VLOOKUP(H17,[2]New!$B:$G,4,0),)*I17/60 -> 4657.05 | AB17: =IFERROR(VLOOKUP(H17,[2]New!$B:$G,6,0),)*I17/60 -> 2291 | AC17: =VLOOKUP(A17,'[4]PO PTCA (2)'!$A:$L,12,0) -> 46255 | AD17: =IFERROR(VLOOKUP(H17,[3]Sheet1!$E:$H,4,0),) -> B | AE17: 2370 | AF17: FINISH | AG17: 3 | AH17: 16 | AI17: M3-1 | AL17: AVPE-8633 | AM17: #N/A | AN17: 2 | AO17: 2 | AP17: 2 | AQ17: 2
A18: PT-H2605-PC-001-1 | B18: Jul28-46 | C18: 12120774 | D18: 2332192-0-C-CN | E18: 1001914292 | F18: 11134235 | G18: 1036068-S-AK | H18: AHW14R001S CN | I18: 5 | J18: 46231 | K18: 0103548546 | L18: 260625A40B | M18: 5 | N18: 0 | O18: 0 | P18: China | Q18: 46219 | R18: 0 | S18: 46220 | T18: 46220 | U18: M3 | V18: F3 | X18: 0 | Y18: 0 | Z18: =IFERROR(VLOOKUP(H18,[2]New!$B:$G,3,0),)*I18/60 -> 3.5333333 | AA18: =IFERROR(VLOOKUP(H18,[2]New!$B:$G,4,0),)*I18/60 -> 9.825 | AB18: =IFERROR(VLOOKUP(H18,[2]New!$B:$G,6,0),)*I18/60 -> 4.8333333 | AC18: 46255 | AD18: =IFERROR(VLOOKUP(H18,[3]Sheet1!$E:$H,4,0),) -> B | AE18: 5 | AF18: FINISH | AG18: 3 | AH18: 0 | AI18: M3-1 | AL18: AVPE-8633 | AM18: #N/A | AN18: 2 | AO18: 2 | AP18: 2 | AQ18: 2
A19: PT-H2606-PC-021 | B19: Jul29-02 | C19: 12125012 | D19: 2332200-0-C-CN | E19: 1001914917 | F19: 11134237 | G19: 1436196-Q-A | H19: AHW14R004S CN | I19: 3570 | J19: 46232 | K19: 0103549428 | L19: 260713A46A | M19: 3586 | N19: 16 | O19: 0 | P19: China | Q19: 46220 | R19: 0 | S19: 46221 | T19: 46221 | U19: M2 | V19: F3 | X19: 0 | Y19: 0 | Z19: =IFERROR(VLOOKUP(H19,[2]New!$B:$G,3,0),)*I19/60 -> 2522.8 | AA19: =IFERROR(VLOOKUP(H19,[2]New!$B:$G,4,0),)*I19/60 -> 7015.05 | AB19: =IFERROR(VLOOKUP(H19,[2]New!$B:$G,6,0),)*I19/60 -> 3451 | AC19: =VLOOKUP(A19,'[4]PO PTCA (2)'!$A:$L,12,0) -> 46255 | AD19: =IFERROR(VLOOKUP(H19,[3]Sheet1!$E:$H,4,0),) -> B | AE19: 3570 | AF19: FINISH | AG19: 3 | AH19: 16 | AI19: M2-1 | AL19: AVPE-8631 | AM19: #N/A | AN19: 3 | AO19: 3 | AP19: 2 | AQ19: 2
A20: PT-H2606-PC-019 | B20: Jul29-19 | C20: 12120774 | D20: 2332192-0-C-CN | E20: 1001915236 | F20: 11134235 | G20: 1036068-S-AK | H20: AHW14R001S CN | I20: 3570 | J20: 46232 | K20: 0103550231 | L20: 260713A63A | M20: 3586 | N20: 16 | O20: 0 | P20: China | Q20: 46220 | R20: 0 | S20: 46221 | T20: 46221 | U20: M8 | V20: CAG | X20: 0 | Y20: 0 | Z20: =IFERROR(VLOOKUP(H20,[2]New!$B:$G,3,0),)*I20/60 -> 2522.8 | AA20: =IFERROR(VLOOKUP(H20,[2]New!$B:$G,4,0),)*I20/60 -> 7015.05 | AB20: =IFERROR(VLOOKUP(H20,[2]New!$B:$G,6,0),)*I20/60 -> 3451 | AC20: =VLOOKUP(A20,'[4]PO PTCA (2)'!$A:$L,12,0) -> 46255 | AD20: =IFERROR(VLOOKUP(H20,[3]Sheet1!$E:$H,4,0),) -> B | AE20: 3570 | AF20: FINISH | AG20: 3 | AH20: 16 | AI20: M8-1 | AL20: AVPE-8633 | AM20: #N/A | AN20: 2 | AO20: 2 | AP20: 2 | AQ20: 2
A21: Tuyến | B21: Test07-13-04 | C21: 12142310 | D21: 2432027-0-CB | E21: 2000127118 | F21: 11134959 | G21: 2431008-0-A | H21: 2431008-0-A_AIN-CNX-14-300A_US | I21: 34 | J21: 46248 | K21: 0103548931 | L21: 260713X04D | M21: 34 | N21: 0 | O21: 0 | P21: TEST | Q21: 46219 | R21: 0 | S21: 46227 | T21: 46227 | U21: TEST | V21: F2 | W21: 46232 | X21: 0 | Y21: 0 | Z21: 0 | AA21: 0 | AB21: 0 | AC21: TEST | AF21: TEST | AI21: TEST | AL21: AVPE-11193 | AM21: AVPE-11193
A22: Tuyến | B22: Test07-13-05 | C22: 12142310 | D22: 2432027-0-CB | E22: 2000127119 | F22: 11134959 | G22: 2431008-0-A | H22: 2431008-0-A_AIN-CNX-14-300A_US | I22: 33 | J22: 46248 | K22: 0103548932 | L22: 260713X05D | M22: 33 | N22: 0 | O22: 0 | P22: TEST | Q22: 46219 | R22: 0 | S22: 46227 | T22: 46227 | U22: TEST | V22: F2 | W22: 46232 | X22: 0 | Y22: 0 | Z22: 0 | AA22: 0 | AB22: 0 | AC22: TEST | AF22: TEST | AL22: AVPE-11193 | AM22: AVPE-11193
A23: Tuyến | B23: Test07-13-06 | C23: 12142310 | D23: 2432027-0-CB | E23: 2000127120 | F23: 11134959 | G23: 2431008-0-A | H23: 2431008-0-A_AIN-CNX-14-300A_US | I23: 33 | J23: 46248 | K23: 0103548933 | L23: 260713X06D | M23: 33 | N23: 0 | O23: 0 | P23: TEST | Q23: 46219 | R23: 0 | S23: 46227 | T23: 46227 | U23: TEST | V23: F2 | W23: 46232 | X23: 0 | Y23: 0 | Z23: 0 | AA23: 0 | AB23: 0 | AC23: TEST | AF23: TEST | AL23: AVPE-11193 | AM23: AVPE-11193
A24: Tuyến | B24: Test07-13-01 | C24: 12144294 | D24: AJ2401211-01-C | E24: 2000127115 | F24: 11121123 | G24: AJ2401256-03-A | H24: AJ2401256-03-A_WAMS-180-16WAC CN | I24: 40 | J24: 46227 | K24: 0103548928 | L24: 260713X01D | M24: 40 | N24: 0 | O24: 0 | P24: TEST | Q24: 46219 | R24: 0 | S24: 46226 | T24: 46226 | U24: M5 | V24: F2 | W24: 46241 | X24: 0 | Y24: 0 | Z24: 0 | AA24: 0 | AB24: 0 | AC24: TEST | AF24: TEST | AK24: M6-23 | AL24: #N/A | AM24: #N/A
A25: Tuyến | B25: Test07-13-02 | C25: 12144294 | D25: AJ2401211-01-C | E25: 2000127116 | F25: 11121123 | G25: AJ2401256-03-A | H25: AJ2401256-03-A_WAMS-180-16WAC CN | I25: 40 | J25: 46227 | K25: 0103548929 | L25: 260713X02D | M25: 40 | N25: 0 | O25: 0 | P25: TEST | Q25: 46219 | R25: 0 | S25: 46226 | T25: 46226 | U25: M5 | V25: F2 | W25: 46241 | X25: 0 | Y25: 0 | Z25: 0 | AA25: 0 | AB25: 0 | AC25: TEST | AF25: TEST | AK25: M6-23 | AL25: #N/A | AM25: #N/A
A26: Tuyến | B26: Test07-13-03 | C26: 12144294 | D26: AJ2401211-01-C | E26: 2000127117 | F26: 11121123 | G26: AJ2401256-03-A | H26: AJ2401256-03-A_WAMS-180-16WAC CN | I26: 45 | J26: 46227 | K26: 0103548930 | L26: 260713X03D | M26: 45 | N26: 0 | O26: 0 | P26: TEST | Q26: 46219 | R26: 0 | S26: 46226 | T26: 46226 | U26: M5 | V26: F2 | W26: 46241 | X26: 0 | Y26: 0 | Z26: 0 | AA26: 0 | AB26: 0 | AC26: TEST | AF26: TEST | AK26: M6-23 | AL26: #N/A | AM26: #N/A
A27: PT-H2606-PC-021 | B27: Jul29-21 | C27: 12125012 | D27: 2332200-0-C-CN | E27: 1001916972 | F27: 11134237 | G27: 1436196-Q-A | H27: AHW14R004S CN | I27: 3570 | J27: 46232 | K27: 0103553784 | L27: 260715A01A | M27: 3586 | N27: 16 | O27: 0 | P27: China | Q27: 46221 | R27: 0 | S27: 46223 | T27: 46223 | U27: M1 | V27: F3 | X27: 0 | Y27: 0 | Z27: =IFERROR(VLOOKUP(H27,[2]New!$B:$G,3,0),)*I27/60 -> 2522.8 | AA27: =IFERROR(VLOOKUP(H27,[2]New!$B:$G,4,0),)*I27/60 -> 7015.05 | AB27: =IFERROR(VLOOKUP(H27,[2]New!$B:$G,6,0),)*I27/60 -> 3451 | AC27: =VLOOKUP(A27,'[4]PO PTCA (2)'!$A:$L,12,0) -> 46255 | AD27: =IFERROR(VLOOKUP(H27,[3]Sheet1!$E:$H,4,0),) -> B | AE27: 3570 | AF27: FINISH | AG27: 3 | AH27: 16 | AI27: M1-1 | AL27: AVPE-8631 | AM27: #N/A | AN27: 3 | AO27: 3 | AP27: 2 | AQ27: 2
A28: PT-H2606-PC-021 | B28: Jul29-22 | C28: 12125012 | D28: 2332200-0-C-CN | E28: 1001916973 | F28: 11134237 | G28: 1436196-Q-A | H28: AHW14R004S CN | I28: 3570 | J28: 46232 | K28: 0103553785 | L28: 260715A02A | M28: 3586 | N28: 16 | O28: 0 | P28: China | Q28: 46221 | R28: 0 | S28: 46223 | T28: 46223 | U28: M2 | V28: F3 | X28: 0 | Y28: 0 | Z28: =IFERROR(VLOOKUP(H28,[2]New!$B:$G,3,0),)*I28/60 -> 2522.8 | AA28: =IFERROR(VLOOKUP(H28,[2]New!$B:$G,4,0),)*I28/60 -> 7015.05 | AB28: =IFERROR(VLOOKUP(H28,[2]New!$B:$G,6,0),)*I28/60 -> 3451 | AC28: =VLOOKUP(A28,'[4]PO PTCA (2)'!$A:$L,12,0) -> 46255 | AD28: =IFERROR(VLOOKUP(H28,[3]Sheet1!$E:$H,4,0),) -> B | AE28: 3570 | AF28: FINISH | AG28: 3 | AH28: 16 | AI28: M2-1 | AL28: AVPE-8631 | AM28: #N/A | AN28: 3 | AO28: 3 | AP28: 2 | AQ28: 2
A29: PT-H2606-PC-021 | B29: Jul29-23 | C29: 12125012 | D29: 2332200-0-C-CN | E29: 1001916974 | F29: 11134237 | G29: 1436196-Q-A | H29: AHW14R004S CN | I29: 2365 | J29: 46232 | K29: 0103553786 | L29: 260715A03A | M29: 2384 | N29: 16 | O29: 0 | P29: China | Q29: 46221 | R29: 0 | S29: 46223 | T29: 46223 | U29: M3 | V29: F3 | X29: 3 | Y29: 0 | Z29: =IFERROR(VLOOKUP(H29,[2]New!$B:$G,3,0),)*I29/60 -> 1671.2667 | AA29: =IFERROR(VLOOKUP(H29,[2]New!$B:$G,4,0),)*I29/60 -> 4647.225 | AB29: =IFERROR(VLOOKUP(H29,[2]New!$B:$G,6,0),)*I29/60 -> 2286.1667 | AC29: =VLOOKUP(A29,'[4]PO PTCA (2)'!$A:$L,12,0) -> 46255 | AD29: =IFERROR(VLOOKUP(H29,[3]Sheet1!$E:$H,4,0),) -> B | AE29: 2365 | AF29: FINISH | AG29: 3 | AH29: 19 | AI29: M3-1 | AL29: AVPE-8631 | AM29: #N/A | AN29: 3 | AO29: 3 | AP29: 2 | AQ29: 2
A30: PT-H2606-PC-019 | B30: Jul29-24 | C30: 12120774 | D30: 2332192-0-C-CN | E30: 1001916975 | F30: 11134235 | G30: 1036068-S-AK | H30: AHW14R001S CN | I30: 2370 | J30: 46232 | K30: 0103553787 | L30: 260715A04A | M30: 2386 | N30: 16 | O30: 0 | P30: China | Q30: 46221 | R30: 0 | S30: 46223 | T30: 46223 | U30: M4 | V30: F3 | X30: 0 | Y30: 0 | Z30: =IFERROR(VLOOKUP(H30,[2]New!$B:$G,3,0),)*I30/60 -> 1674.8 | AA30: =IFERROR(VLOOKUP(H30,[2]New!$B:$G,4,0),)*I30/60 -> 4657.05 | AB30: =IFERROR(VLOOKUP(H30,[2]New!$B:$G,6,0),)*I30/60 -> 2291 | AC30: =VLOOKUP(A30,'[4]PO PTCA (2)'!$A:$L,12,0) -> 46255 | AD30: =IFERROR(VLOOKUP(H30,[3]Sheet1!$E:$H,4,0),) -> B | AE30: 2370 | AF30: FINISH | AG30: 3 | AH30: 16 | AI30: M4-1 | AL30: AVPE-8633 | AM30: #N/A | AN30: 2 | AO30: 2 | AP30: 2 | AQ30: 2
A31: PT-H2606-PC-019 | B31: Jul29-25 | C31: 12120774 | D31: 2332192-0-C-CN | E31: 1001916976 | F31: 11134235 | G31: 1036068-S-AK | H31: AHW14R001S CN | I31: 2370 | J31: 46232 | K31: 0103553788 | L31: 260715A05A | M31: 2386 | N31: 16 | O31: 0 | P31: China | Q31: 46221 | R31: 0 | S31: 46223 | T31: 46223 | U31: M5 | V31: F3 | X31: 0 | Y31: 0 | Z31: =IFERROR(VLOOKUP(H31,[2]New!$B:$G,3,0),)*I31/60 -> 1674.8 | AA31: =IFERROR(VLOOKUP(H31,[2]New!$B:$G,4,0),)*I31/60 -> 4657.05 | AB31: =IFERROR(VLOOKUP(H31,[2]New!$B:$G,6,0),)*I31/60 -> 2291 | AC31: =VLOOKUP(A31,'[4]PO PTCA (2)'!$A:$L,12,0) -> 46255 | AD31: =IFERROR(VLOOKUP(H31,[3]Sheet1!$E:$H,4,0),) -> B | AE31: 2370 | AF31: FINISH | AG31: 3 | AH31: 16 | AI31: M5-1 | AL31: AVPE-8633 | AM31: #N/A | AN31: 2 | AO31: 2 | AP31: 2 | AQ31: 2
A32: PT-H2607-PT-035 | B32: Jul29-30 | C32: 12111488 | D32: 1832283-A-CK | E32: 1001916981 | F32: 11125017 | G32: 1831234-C-AK | H32: PAGH18M071R JP | I32: 155 | J32: 46232 | K32: 0103553793 | L32: 260715A10A | M32: 155 | N32: 0 | O32: 0 | P32: Japan | Q32: 46221 | R32: 0 | S32: 46230 | T32: 46230 | U32: M7 | V32: F2 | X32: 0 | Y32: 0 | Z32: =IFERROR(VLOOKUP(H32,[2]New!$B:$G,3,0),)*I32/60 -> 71.041667 | AA32: =IFERROR(VLOOKUP(H32,[2]New!$B:$G,4,0),)*I32/60 -> 304.575 | AB32: =IFERROR(VLOOKUP(H32,[2]New!$B:$G,6,0),)*I32/60 -> 180.83333 | AC32: =VLOOKUP(A32,'[4]PO PTCA (2)'!$A:$L,12,0) -> 46238 | AD32: =IFERROR(VLOOKUP(H32,[3]Sheet1!$E:$H,4,0),) -> 0 | AE32: 155 | AF32: FINISH | AG32: 0 | AH32: 0 | AI32: M7-1 | AL32: AVPE-7534 | AM32: AVPE-7534 | AN32: 2 | AO32: 2 | AP32: 2 | AQ32: 2
A33: PT-H2606-PC-019 | B33: Jul29-44 | C33: 12120774 | D33: 2332192-0-C-CN | E33: 1001916995 | F33: 11134235 | G33: 1036068-S-AK | H33: AHW14R001S CN | I33: 3570 | J33: 46232 | K33: 0103553807 | L33: 260715A24A | M33: 3586 | N33: 16 | O33: 0 | P33: China | Q33: 46221 | R33: 0 | S33: 46223 | T33: 46223 | U33: M8 | V33: CAG | X33: 0 | Y33: 0 | Z33: =IFERROR(VLOOKUP(H33,[2]New!$B:$G,3,0),)*I33/60 -> 2522.8 | AA33: =IFERROR(VLOOKUP(H33,[2]New!$B:$G,4,0),)*I33/60 -> 7015.05 | AB33: =IFERROR(VLOOKUP(H33,[2]New!$B:$G,6,0),)*I33/60 -> 3451 | AC33: =VLOOKUP(A33,'[4]PO PTCA (2)'!$A:$L,12,0) -> 46255 | AD33: =IFERROR(VLOOKUP(H33,[3]Sheet1!$E:$H,4,0),) -> B | AE33: 3570 | AF33: FINISH | AG33: 3 | AH33: 16 | AI33: M8-1 | AL33: AVPE-8633 | AM33: #N/A | AN33: 2 | AO33: 2 | AP33: 2 | AQ33: 2
A34: PT-H2606-PC-021 | B34: Jul30-01 | C34: 12125012 | D34: 2332200-0-C-CN | E34: 1001916996 | F34: 11134237 | G34: 1436196-Q-A | H34: AHW14R004S CN | I34: 350 | J34: 46233 | K34: 0103553808 | L34: 260715A25A | M34: 354 | N34: 4 | O34: 0 | P34: China | Q34: 46223 | R34: 0 | S34: 46224 | T34: 46224 | U34: M1 | V34: F3 | X34: 0 | Y34: 0 | Z34: =IFERROR(VLOOKUP(H34,[2]New!$B:$G,3,0),)*I34/60 -> 247.33333 | AA34: =IFERROR(VLOOKUP(H34,[2]New!$B:$G,4,0),)*I34/60 -> 687.75 | AB34: =IFERROR(VLOOKUP(H34,[2]New!$B:$G,6,0),)*I34/60 -> 338.33333 | AC34: =VLOOKUP(A34,'[4]PO PTCA (2)'!$A:$L,12,0) -> 46255 | AD34: =IFERROR(VLOOKUP(H34,[3]Sheet1!$E:$H,4,0),) -> B | AE34: 350 | AF34: FINISH | AG34: 3 | AH34: 4 | AI34: M1-1 | AL34: AVPE-8631 | AM34: #N/A | AN34: 3 | AO34: 3 | AP34: 2 | AQ34: 2
A35: PT-H2606-PC-021 | B35: Jul30-02 | C35: 12125012 | D35: 2332200-0-C-CN | E35: 1001916997 | F35: 11134237 | G35: 1436196-Q-A | H35: AHW14R004S CN | I35: 3200 | J35: 46233 | K35: 0103553809 | L35: 260715A26A | M35: 3216 | N35: 16 | O35: 0 | P35: China | Q35: 46223 | R35: 0 | S35: 46224 | T35: 46224 | U35: M1 | V35: F3 | X35: 0 | Y35: 0 | Z35: =IFERROR(VLOOKUP(H35,[2]New!$B:$G,3,0),)*I35/60 -> 2261.3333 | AA35: =IFERROR(VLOOKUP(H35,[2]New!$B:$G,4,0),)*I35/60 -> 6288 | AB35: =IFERROR(VLOOKUP(H35,[2]New!$B:$G,6,0),)*I35/60 -> 3093.3333 | AC35: =VLOOKUP(A35,'[4]PO PTCA (2)'!$A:$L,12,0) -> 46255 | AD35: =IFERROR(VLOOKUP(H35,[3]Sheet1!$E:$H,4,0),) -> B | AE35: 3200 | AF35: FINISH | AG35: 3 | AH35: 16 | AI35: M1-1 | AL35: AVPE-8631 | AM35: #N/A | AN35: 3 | AO35: 3 | AP35: 2 | AQ35: 2
A36: PT-H2606-PC-021 | B36: Jul30-03 | C36: 12125012 | D36: 2332200-0-C-CN | E36: 1001916998 | F36: 11134237 | G36: 1436196-Q-A | H36: AHW14R004S CN | I36: 350 | J36: 46233 | K36: 0103553810 | L36: 260715A27A | M36: 357 | N36: 4 | O36: 0 | P36: China | Q36: 46223 | R36: 0 | S36: 46224 | T36: 46224 | U36: M2 | V36: F3 | X36: 3 | Y36: 0 | Z36: =IFERROR(VLOOKUP(H36,[2]New!$B:$G,3,0),)*I36/60 -> 247.33333 | AA36: =IFERROR(VLOOKUP(H36,[2]New!$B:$G,4,0),)*I36/60 -> 687.75 | AB36: =IFERROR(VLOOKUP(H36,[2]New!$B:$G,6,0),)*I36/60 -> 338.33333 | AC36: =VLOOKUP(A36,'[4]PO PTCA (2)'!$A:$L,12,0) -> 46255 | AD36: =IFERROR(VLOOKUP(H36,[3]Sheet1!$E:$H,4,0),) -> B | AE36: 350 | AF36: FINISH | AG36: 3 | AH36: 7 | AI36: M2-1 | AL36: AVPE-8631 | AM36: #N/A | AN36: 3 | AO36: 3 | AP36: 2 | AQ36: 2
A37: PT-H2606-PC-021 | B37: Jul30-04 | C37: 12125012 | D37: 2332200-0-C-CN | E37: 1001916999 | F37: 11134237 | G37: 1436196-Q-A | H37: AHW14R004S CN | I37: 3195 | J37: 46233 | K37: 0103553811 | L37: 260715A28A | M37: 3216 | N37: 16 | O37: 0 | P37: China | Q37: 46223 | R37: 0 | S37: 46224 | T37: 46224 | U37: M2 | V37: F3 | X37: 0 | Y37: 0 | Z37: =IFERROR(VLOOKUP(H37,[2]New!$B:$G,3,0),)*I37/60 -> 2257.8 | AA37: =IFERROR(VLOOKUP(H37,[2]New!$B:$G,4,0),)*I37/60 -> 6278.175 | AB37: =IFERROR(VLOOKUP(H37,[2]New!$B:$G,6,0),)*I37/60 -> 3088.5 | AC37: =VLOOKUP(A37,'[4]PO PTCA (2)'!$A:$L,12,0) -> 46255 | AD37: =IFERROR(VLOOKUP(H37,[3]Sheet1!$E:$H,4,0),) -> B | AE37: 3195 | AF37: FINISH | AG37: 3 | AH37: 16 | AI37: M2-1 | AL37: AVPE-8631 | AM37: #N/A | AN37: 3 | AO37: 3 | AP37: 2 | AQ37: 2
A38: PT-H2606-PC-021 | B38: Jul30-05 | C38: 12125012 | D38: 2332200-0-C-CN | E38: 1001917000 | F38: 11134237 | G38: 1436196-Q-A | H38: AHW14R004S CN | I38: 2380 | J38: 46233 | K38: 0103553812 | L38: 260715A29A | M38: 2396 | N38: 16 | O38: 0 | P38: China | Q38: 46223 | R38: 0 | S38: 46224 | T38: 46224 | U38: M3 | V38: F3 | X38: 0 | Y38: 0 | Z38: =IFERROR(VLOOKUP(H38,[2]New!$B:$G,3,0),)*I38/60 -> 1681.8667 | AA38: =IFERROR(VLOOKUP(H38,[2]New!$B:$G,4,0),)*I38/60 -> 4676.7 | AB38: =IFERROR(VLOOKUP(H38,[2]New!$B:$G,6,0),)*I38/60 -> 2300.6667 | AC38: =VLOOKUP(A38,'[4]PO PTCA (2)'!$A:$L,12,0) -> 46255 | AD38: =IFERROR(VLOOKUP(H38,[3]Sheet1!$E:$H,4,0),) -> B | AE38: 2380 | AF38: FINISH | AG38: 3 | AH38: 16 | AI38: M3-1 | AL38: AVPE-8631 | AM38: #N/A | AN38: 3 | AO38: 3 | AP38: 2 | AQ38: 2
A39: PT-H2606-PC-019 | B39: Jul30-06 | C39: 12120774 | D39: 2332192-0-C-CN | E39: 1001917001 | F39: 11134235 | G39: 1036068-S-AK | H39: AHW14R001S CN | I39: 2370 | J39: 46233 | K39: 0103553813 | L39: 260715A30A | M39: 2386 | N39: 16 | O39: 0 | P39: China | Q39: 46223 | R39: 0 | S39: 46224 | T39: 46224 | U39: M4 | V39: F3 | X39: 0 | Y39: 0 | Z39: =IFERROR(VLOOKUP(H39,[2]New!$B:$G,3,0),)*I39/60 -> 1674.8 | AA39: =IFERROR(VLOOKUP(H39,[2]New!$B:$G,4,0),)*I39/60 -> 4657.05 | AB39: =IFERROR(VLOOKUP(H39,[2]New!$B:$G,6,0),)*I39/60 -> 2291 | AC39: =VLOOKUP(A39,'[4]PO PTCA (2)'!$A:$L,12,0) -> 46255 | AD39: =IFERROR(VLOOKUP(H39,[3]Sheet1!$E:$H,4,0),) -> B | AE39: 2370 | AF39: FINISH | AG39: 3 | AH39: 16 | AI39: M4-1 | AL39: AVPE-8633 | AM39: #N/A | AN39: 2 | AO39: 2 | AP39: 2 | AQ39: 2
A40: PT-H2605-PC-119-2 | B40: Jul30-07 | C40: 12125069 | D40: 2332495-0-C-CN | E40: 1001917002 | F40: 11134240 | G40: 1436296-J-AK | H40: APW14R009S CN | I40: 3525 | J40: 46233 | K40: 0103553814 | L40: 260715A31A | M40: 3533 | N40: 0 | O40: 0 | P40: China | Q40: 46223 | R40: 0 | S40: 46224 | T40: 46224 | U40: M5 | V40: F3 | X40: 3 | Y40: 0 | Z40: =IFERROR(VLOOKUP(H40,[2]New!$B:$G,3,0),)*I40/60 -> 2491 | AA40: =IFERROR(VLOOKUP(H40,[2]New!$B:$G,4,0),)*I40/60 -> 5440.25 | AB40: =IFERROR(VLOOKUP(H40,[2]New!$B:$G,6,0),)*I40/60 -> 3407.5 | AC40: =VLOOKUP(A40,'[4]PO PTCA (2)'!$A:$L,12,0) -> 46255 | AD40: =IFERROR(VLOOKUP(H40,[3]Sheet1!$E:$H,4,0),) -> C | AE40: 3525 | AF40: FINISH | AG40: 2 | AH40: 3 | AI40: M5-1 | AL40: AVPE-7061 | AM40: #N/A | AN40: 2 | AO40: 2 | AP40: 2 | AQ40: 2
A41: PL-H2605-PD-004 | B41: Jul31-01 | C41: 12126045 | D41: 1932303-B-C | E41: 1001917004 | F41: 11131264 | G41: 666001-Z-A | H41: UA0035B2600 | I41: 500 | J41: 46234 | K41: 0103553816 | L41: 260715P01A | M41: 500 | N41: 0 | O41: 0 | P41: Oversea | Q41: 46224 | R41: 0 | S41: 46225 | T41: 46225 | U41: M7 | V41: F2 | X41: 0 | Y41: 0 | Z41: =IFERROR(VLOOKUP(H41,[2]New!$B:$G,3,0),)*I41/60 -> 182.5 | AA41: =IFERROR(VLOOKUP(H41,[2]New!$B:$G,4,0),)*I41/60 -> 867.5 | AB41: =IFERROR(VLOOKUP(H41,[2]New!$B:$G,6,0),)*I41/60 -> 604.16667 | AC41: =VLOOKUP(A41,'[4]PO PTCA (2)'!$A:$L,12,0) -> 46239 | AD41: =IFERROR(VLOOKUP(H41,[3]Sheet1!$E:$H,4,0),) -> 0 | AE41: 500 | AF41: FINISH | AG41: 3 | AH41: 0 | AI41: M7-1 | AL41: AVPE-8987 | AM41: #N/A | AN41: 3 | AO41: 3 | AP41: × | AQ41: ×
A42: PL-H2606-PD-007 | B42: Jul31-02 | C42: 12138120 | D42: 1932287-B-C | E42: 1001917005 | F42: 11131272 | G42: 666010-W-A | H42: UA0035B1800 | I42: 770 | J42: 46234 | K42: 0103553817 | L42: 260715P02A | M42: 773 | N42: 0 | O42: 0 | P42: Oversea | Q42: 46224 | R42: 3 | S42: 46225 | T42: 46225 | U42: M7 | V42: F2 | X42: 0 | Y42: 0 | Z42: =IFERROR(VLOOKUP(H42,[2]New!$B:$G,3,0),)*I42/60 -> 281.05 | AA42: =IFERROR(VLOOKUP(H42,[2]New!$B:$G,4,0),)*I42/60 -> 1335.95 | AB42: =IFERROR(VLOOKUP(H42,[2]New!$B:$G,6,0),)*I42/60 -> 930.41667 | AC42: =VLOOKUP(A42,'[4]PO PTCA (2)'!$A:$L,12,0) -> 46239 | AD42: =IFERROR(VLOOKUP(H42,[3]Sheet1!$E:$H,4,0),) -> 0 | AE42: 770 | AF42: FINISH | AG42: 3 | AH42: 3 | AI42: M7-1 | AL42: AVPE-8987 | AM42: #N/A | AN42: 3 | AO42: 3 | AP42: × | AQ42: ×
A43: PL-H2605-PD-003 | B43: Jul31-03 | C43: 12138120 | D43: 1932287-B-C | E43: 1001917006 | F43: 11131272 | G43: 666010-W-A | H43: UA0035B1800 | I43: 1100 | J43: 46234 | K43: 0103553818 | L43: 260715P03A | M43: 1100 | N43: 0 | O43: 0 | P43: Oversea | Q43: 46224 | R43: 0 | S43: 46225 | T43: 46225 | U43: M7 | V43: F2 | X43: 0 | Y43: 0 | Z43: =IFERROR(VLOOKUP(H43,[2]New!$B:$G,3,0),)*I43/60 -> 401.5 | AA43: =IFERROR(VLOOKUP(H43,[2]New!$B:$G,4,0),)*I43/60 -> 1908.5 | AB43: =IFERROR(VLOOKUP(H43,[2]New!$B:$G,6,0),)*I43/60 -> 1329.1667 | AC43: =VLOOKUP(A43,'[4]PO PTCA (2)'!$A:$L,12,0) -> 46239 | AD43: =IFERROR(VLOOKUP(H43,[3]Sheet1!$E:$H,4,0),) -> 0 | AE43: 1100 | AF43: FINISH | AG43: 3 | AH43: 0 | AI43: M7-1 | AL43: AVPE-8987 | AM43: #N/A | AN43: 3 | AO43: 3 | AP43: × | AQ43: ×
A44: PT-H2607-PD-058 | B44: Jul30-09 | C44: 12110587 | D44: 1832278-A-CK | E44: 1001917608 | F44: 11125015 | G44: 1831232-C-AK | H44: AP14R010SR JP | I44: 5 | J44: 46233 | K44: 0103555107 | L44: 260715A32A | M44: 5 | N44: 0 | O44: 0 | P44: Japan | Q44: 46223 | R44: 0 | S44: 46224 | T44: 46224 | U44: M6 | V44: F2 | X44: 0 | Y44: 0 | Z44: =IFERROR(VLOOKUP(H44,[2]New!$B:$G,3,0),)*I44/60 -> 2.2916667 | AA44: =IFERROR(VLOOKUP(H44,[2]New!$B:$G,4,0),)*I44/60 -> 7.7166667 | AB44: =IFERROR(VLOOKUP(H44,[2]New!$B:$G,6,0),)*I44/60 -> 5.8 | AC44: =VLOOKUP(A44,'[4]PO PTCA (2)'!$A:$L,12,0) -> 46252 | AD44: =IFERROR(VLOOKUP(H44,[3]Sheet1!$E:$H,4,0),) -> 0 | AE44: 5 | AF44: FINISH | AG44: 0 | AH44: 0 | AI44: M6-1 | AL44: AVPE-7523 | AM44: AVPE-7523 | AN44: 2 | AO44: 2 | AP44: 2 | AQ44: 2
A45: PT-H2607-PD-060 | B45: Jul30-10 | C45: 12111390 | D45: 1832202-A-CK | E45: 1001917609 | F45: 11124975 | G45: 1831193-C-AK | H45: AH14S003SR JP | I45: 5 | J45: 46233 | K45: 0103555108 | L45: 260715A33A | M45: 5 | N45: 0 | O45: 0 | P45: Japan | Q45: 46223 | R45: 0 | S45: 46224 | T45: 46224 | U45: M6 | V45: F2 | X45: 0 | Y45: 0 | Z45: =IFERROR(VLOOKUP(H45,[2]New!$B:$G,3,0),)*I45/60 -> 1.8333333 | AA45: =IFERROR(VLOOKUP(H45,[2]New!$B:$G,4,0),)*I45/60 -> 9.825 | AB45: =IFERROR(VLOOKUP(H45,[2]New!$B:$G,6,0),)*I45/60 -> 5.8333333 | AC45: =VLOOKUP(A45,'[4]PO PTCA (2)'!$A:$L,12,0) -> 46252 | AD45: =IFERROR(VLOOKUP(H45,[3]Sheet1!$E:$H,4,0),) -> 0 | AE45: 5 | AF45: FINISH | AG45: 0 | AH45: 0 | AI45: M6-1 | AL45: AVPE-7538 | AM45: #N/A | AN45: 2 | AO45: 2 | AP45: 2 | AQ45: 2
A46: PT-H2607-PD-152 | B46: Jul30-11 | C46: 12111079 | D46: 1832353-A-C | E46: 1001917610 | F46: 11118078 | G46: 2331068-A-A | H46: WAMS-180-1645 CE3 | I46: 300 | J46: 46233 | K46: 0103555109 | L46: 260715A34A | M46: 300 | N46: 0 | O46: 0 | P46: Oversea | Q46: 46223 | R46: 0 | S46: 46224 | T46: 46224 | U46: M6 | V46: F2 | X46: 0 | Y46: 0 | Z46: =IFERROR(VLOOKUP(H46,[2]New!$B:$G,3,0),)*I46/60 -> 215 | AA46: =IFERROR(VLOOKUP(H46,[2]New!$B:$G,4,0),)*I46/60 -> 894 | AB46: =IFERROR(VLOOKUP(H46,[2]New!$B:$G,6,0),)*I46/60 -> 737 | AC46: =VLOOKUP(A46,'[4]PO PTCA (2)'!$A:$L,12,0) -> 46268 | AD46: =IFERROR(VLOOKUP(H46,[3]Sheet1!$E:$H,4,0),) -> 0 | AE46: 300 | AF46: FINISH | AG46: 0 | AH46: 0 | AI46: M6-1 | AL46: AVPE-10002 | AM46: AVPE-10002 | AN46: 3 | AO46: 3 | AP46: × | AQ46: 3
A47: PT-H2606-PD-158 | B47: Jul30-12 | C47: 12112517 | D47: 1832196-A-CK | E47: 1001917611 | F47: 11125715 | G47: 2131687-C-AK | H47: AHW14R001S NOCE | I47: 645 | J47: 46233 | K47: 0103555110 | L47: 260715A35A | M47: 658 | N47: 8 | O47: 0 | P47: Oversea | Q47: 46223 | R47: 0 | S47: 46224 | T47: 46224 | U47: M6 | V47: F2 | X47: 0 | Y47: 0 | Z47: =IFERROR(VLOOKUP(H47,[2]New!$B:$G,3,0),)*I47/60 -> 236.5 | AA47: =IFERROR(VLOOKUP(H47,[2]New!$B:$G,4,0),)*I47/60 -> 1267.425 | AB47: =IFERROR(VLOOKUP(H47,[2]New!$B:$G,6,0),)*I47/60 -> 1236.25 | AC47: =VLOOKUP(A47,'[4]PO PTCA (2)'!$A:$L,12,0) -> 46240 | AD47: =IFERROR(VLOOKUP(H47,[3]Sheet1!$E:$H,4,0),) -> 0 | AE47: 650 | AF47: FINISH | AG47: 0 | AH47: 8 | AI47: M6-1 | AL47: AVPE-8812 | AM47: #N/A | AN47: 2 | AO47: 2 | AP47: 2 | AQ47: 2
A48: PT-H2606-PD-277 | B48: Jul30-13 | C48: 12001365 | D48: 1832373-0-CK | E48: 1001917612 | F48: 11126890 | G48: 2331263-A-AK | H48: AG149001 NOCE | I48: 20 | J48: 46233 | K48: 0103555111 | L48: 260715A36A | M48: 20 | N48: 0 | O48: 0 | P48: Oversea | Q48: 46223 | R48: 0 | S48: 46224 | T48: 46224 | U48: M6 | V48: F2 | X48: 0 | Y48: 0 | Z48: =IFERROR(VLOOKUP(H48,[2]New!$B:$G,3,0),)*I48/60 -> 7 | AA48: =IFERROR(VLOOKUP(H48,[2]New!$B:$G,4,0),)*I48/60 -> 29.333333 | AB48: =IFERROR(VLOOKUP(H48,[2]New!$B:$G,6,0),)*I48/60 -> 14.333333 | AC48: =VLOOKUP(A48,'[4]PO PTCA (2)'!$A:$L,12,0) -> 46252 | AD48: =IFERROR(VLOOKUP(H48,[3]Sheet1!$E:$H,4,0),) -> 0 | AE48: 20 | AF48: FINISH | AG48: 0 | AH48: 0 | AI48: M6-1 | AL48: AVPE-10269 | AM48: #N/A | AN48: 2 | AO48: 2 | AP48: 2 | AQ48: 2
A49: PT-H2607-PD-150 | B49: Jul30-14 | C49: 12111377 | D49: 1832175-A-C | E49: 1001917613 | F49: 11117107 | G49: 2331065-0-A | H49: AHW10S302S CE4 | I49: 190 | J49: 46233 | K49: 0103555112 | L49: 260715A37A | M49: 190 | N49: 0 | O49: 0 | P49: Oversea | Q49: 46223 | R49: 0 | S49: 46224 | T49: 46224 | U49: M6 | V49: F2 | X49: 0 | Y49: 0 | Z49: =IFERROR(VLOOKUP(H49,[2]New!$B:$G,3,0),)*I49/60 -> 66.5 | AA49: =IFERROR(VLOOKUP(H49,[2]New!$B:$G,4,0),)*I49/60 -> 293.23333 | AB49: =IFERROR(VLOOKUP(H49,[2]New!$B:$G,6,0),)*I49/60 -> 136.16667 | AC49: =VLOOKUP(A49,'[4]PO PTCA (2)'!$A:$L,12,0) -> 46268 | AD49: =IFERROR(VLOOKUP(H49,[3]Sheet1!$E:$H,4,0),) -> 0 | AE49: 190 | AF49: FINISH | AG49: 0 | AH49: 0 | AI49: M6-1 | AL49: AVPE-10021 | AM49: AVPE-10021 | AN49: 3 | AO49: 3 | AP49: 2 | AQ49: 2
A50: PT-H2607-PD-153 | B50: Jul30-15 | C50: 12111082 | D50: 1832356-A-C | E50: 1001917614 | F50: 11118080 | G50: 2331070-A-A | H50: WAMS-165-16ST CE3 | I50: 30 | J50: 46233 | K50: 0103555113 | L50: 260715A38A | M50: 30 | N50: 0 | O50: 0 | P50: Oversea | Q50: 46223 | R50: 0 | S50: 46224 | T50: 46224 | U50: M6 | V50: F2 | X50: 0 | Y50: 0 | Z50: =IFERROR(VLOOKUP(H50,[2]New!$B:$G,3,0),)*I50/60 -> 21 | AA50: =IFERROR(VLOOKUP(H50,[2]New!$B:$G,4,0),)*I50/60 -> 100.7 | AB50: =IFERROR(VLOOKUP(H50,[2]New!$B:$G,6,0),)*I50/60 -> 73.5 | AC50: =VLOOKUP(A50,'[4]PO PTCA (2)'!$A:$L,12,0) -> 46268 | AD50: =IFERROR(VLOOKUP(H50,[3]Sheet1!$E:$H,4,0),) -> 0 | AE50: 30 | AF50: FINISH | AG50: 0 | AH50: 0 | AI50: M6-1 | AL50: AVPE-10002 | AM50: AVPE-10002 | AN50: 3 | AO50: 3 | AP50: × | AQ50: 3
A51: PT-H2607-PD-154 | B51: Jul30-16 | C51: 12111081 | D51: 1832355-A-C | E51: 1001917615 | F51: 11118081 | G51: 2331071-A-A | H51: WAMS-180-16ST CE3 | I51: 100 | J51: 46233 | K51: 0103555114 | L51: 260715A39A | M51: 100 | N51: 0 | O51: 0 | P51: Oversea | Q51: 46223 | R51: 0 | S51: 46224 | T51: 46224 | U51: M6 | V51: F2 | X51: 0 | Y51: 0 | Z51: =IFERROR(VLOOKUP(H51,[2]New!$B:$G,3,0),)*I51/60 -> 70 | AA51: =IFERROR(VLOOKUP(H51,[2]New!$B:$G,4,0),)*I51/60 -> 273.33333 | AB51: =IFERROR(VLOOKUP(H51,[2]New!$B:$G,6,0),)*I51/60 -> 245 | AC51: =VLOOKUP(A51,'[4]PO PTCA (2)'!$A:$L,12,0) -> 46268 | AD51: =IFERROR(VLOOKUP(H51,[3]Sheet1!$E:$H,4,0),) -> 0 | AE51: 100 | AF51: FINISH | AG51: 0 | AH51: 0 | AI51: M6-1 | AL51: AVPE-10002 | AM51: AVPE-10002 | AN51: 3 | AO51: 3 | AP51: × | AQ51: 3
A52: PT-H2607-PD-155 | B52: Jul30-17 | C52: 12111084 | D52: 1832358-A-C | E52: 1001917616 | F52: 11118083 | G52: 2331073-A-A | H52: WAMS-165-16WA CE3 | I52: 30 | J52: 46233 | K52: 0103555116 | L52: 260715A40A | M52: 30 | N52: 0 | O52: 0 | P52: Oversea | Q52: 46223 | R52: 0 | S52: 46224 | T52: 46224 | U52: M6 | V52: F2 | X52: 0 | Y52: 0 | Z52: =IFERROR(VLOOKUP(H52,[2]New!$B:$G,3,0),)*I52/60 -> 21 | AA52: =IFERROR(VLOOKUP(H52,[2]New!$B:$G,4,0),)*I52/60 -> 82 | AB52: =IFERROR(VLOOKUP(H52,[2]New!$B:$G,6,0),)*I52/60 -> 73.5 | AC52: =VLOOKUP(A52,'[4]PO PTCA (2)'!$A:$L,12,0) -> 46268 | AD52: =IFERROR(VLOOKUP(H52,[3]Sheet1!$E:$H,4,0),) -> 0 | AE52: 30 | AF52: FINISH | AG52: 0 | AH52: 0 | AI52: M6-1 | AL52: AVPE-10002 | AM52: AVPE-10002 | AN52: 3 | AO52: 3 | AP52: × | AQ52: 3
A53: PT-H2607-PD-156 | B53: Jul30-18 | C53: 12111083 | D53: 1832357-A-C | E53: 1001917619 | F53: 11118084 | G53: 2331074-A-A | H53: WAMS-180-16WA CE3 | I53: 100 | J53: 46233 | K53: 0103555117 | L53: 260715A41A | M53: 100 | N53: 0 | O53: 0 | P53: Oversea | Q53: 46223 | R53: 0 | S53: 46224 | T53: 46224 | U53: M6 | V53: F2 | X53: 0 | Y53: 0 | Z53: =IFERROR(VLOOKUP(H53,[2]New!$B:$G,3,0),)*I53/60 -> 70 | AA53: =IFERROR(VLOOKUP(H53,[2]New!$B:$G,4,0),)*I53/60 -> 273.33333 | AB53: =IFERROR(VLOOKUP(H53,[2]New!$B:$G,6,0),)*I53/60 -> 245 | AC53: =VLOOKUP(A53,'[4]PO PTCA (2)'!$A:$L,12,0) -> 46268 | AD53: =IFERROR(VLOOKUP(H53,[3]Sheet1!$E:$H,4,0),) -> 0 | AE53: 100 | AF53: FINISH | AG53: 0 | AH53: 0 | AI53: M6-1 | AL53: AVPE-10002 | AM53: AVPE-10002 | AN53: 3 | AO53: 3 | AP53: × | AQ53: 3
A54: PT-H2607-PD-157 | B54: Jul30-19 | C54: 12114364 | D54: 1832339-A-C | E54: 1001917620 | F54: 11134329 | G54: 2331157-A-A | H54: WAIN-CKI-200 CE4 | I54: 110 | J54: 46233 | K54: 0103555118 | L54: 260715A42A | M54: 110 | N54: 0 | O54: 0 | P54: Oversea | Q54: 46223 | R54: 0 | S54: 46224 | T54: 46224 | U54: M6 | V54: F2 | X54: 0 | Y54: 0 | Z54: =IFERROR(VLOOKUP(H54,[2]New!$B:$G,3,0),)*I54/60 -> 40.333333 | AA54: =IFERROR(VLOOKUP(H54,[2]New!$B:$G,4,0),)*I54/60 -> 216.15 | AB54: =IFERROR(VLOOKUP(H54,[2]New!$B:$G,6,0),)*I54/60 -> 210.83333 | AC54: =VLOOKUP(A54,'[4]PO PTCA (2)'!$A:$L,12,0) -> 46268 | AD54: =IFERROR(VLOOKUP(H54,[3]Sheet1!$E:$H,4,0),) -> 0 | AE54: 110 | AF54: FINISH | AG54: 0 | AH54: 0 | AI54: M6-1 | AL54: AVPE-10074 | AM54: AVPE-10074 | AN54: 3 | AO54: 3 | AP54: 2 | AQ54: 2
A55: PT-H2607-PD-158 | B55: Jul30-20 | C55: 12114368 | D55: 1832343-A-C | E55: 1001917621 | F55: 11134334 | G55: 2331159-A-A | H55: WAIN-CKI-10-200 CE4 | I55: 20 | J55: 46233 | K55: 0103555120 | L55: 260715A43A | M55: 20 | N55: 0 | O55: 0 | P55: Oversea | Q55: 46223 | R55: 0 | S55: 46224 | T55: 46224 | U55: M6 | V55: F2 | X55: 0 | Y55: 0 | Z55: =IFERROR(VLOOKUP(H55,[2]New!$B:$G,3,0),)*I55/60 -> 7.3333333 | AA55: =IFERROR(VLOOKUP(H55,[2]New!$B:$G,4,0),)*I55/60 -> 39.3 | AB55: =IFERROR(VLOOKUP(H55,[2]New!$B:$G,6,0),)*I55/60 -> 38.333333 | AC55: =VLOOKUP(A55,'[4]PO PTCA (2)'!$A:$L,12,0) -> 46268 | AD55: =IFERROR(VLOOKUP(H55,[3]Sheet1!$E:$H,4,0),) -> 0 | AE55: 20 | AF55: FINISH | AG55: 0 | AH55: 0 | AI55: M6-1 | AL55: AVPE-10074 | AM55: AVPE-10074 | AN55: 3 | AO55: 3 | AP55: 2 | AQ55: 2
A56: PT-H2607-PD-159 | B56: Jul30-21 | C56: 12114370 | D56: 1832345-A-C | E56: 1001917622 | F56: 11134335 | G56: 2331161-A-A | H56: WAIN-CKI-008-200 CE3 | I56: 100 | J56: 46233 | K56: 0103555123 | L56: 260715A44A | M56: 100 | N56: 0 | O56: 0 | P56: Oversea | Q56: 46223 | R56: 0 | S56: 46224 | T56: 46224 | U56: M6 | V56: F2 | X56: 0 | Y56: 0 | Z56: =IFERROR(VLOOKUP(H56,[2]New!$B:$G,3,0),)*I56/60 -> 36.666667 | AA56: =IFERROR(VLOOKUP(H56,[2]New!$B:$G,4,0),)*I56/60 -> 196.5 | AB56: =IFERROR(VLOOKUP(H56,[2]New!$B:$G,6,0),)*I56/60 -> 191.66667 | AC56: =VLOOKUP(A56,'[4]PO PTCA (2)'!$A:$L,12,0) -> 46268 | AD56: =IFERROR(VLOOKUP(H56,[3]Sheet1!$E:$H,4,0),) -> 0 | AE56: 100 | AF56: FINISH | AG56: 0 | AH56: 0 | AI56: M6-1 | AL56: AVPE-10075 | AM56: AVPE-10075 | AN56: 3 | AO56: 3 | AP56: 2 | AQ56: 2
A57: PT-H2607-PD-160 | B57: Jul30-22 | C57: 12114374 | D57: 1832347-A-C | E57: 1001917624 | F57: 11134336 | G57: 2331162-A-A | H57: WAIN-CKI-200-BA CE3 | I57: 20 | J57: 46233 | K57: 0103555124 | L57: 260715A45A | M57: 20 | N57: 0 | O57: 0 | P57: Oversea | Q57: 46223 | R57: 0 | S57: 46224 | T57: 46224 | U57: M6 | V57: F2 | X57: 0 | Y57: 0 | Z57: =IFERROR(VLOOKUP(H57,[2]New!$B:$G,3,0),)*I57/60 -> 7.3333333 | AA57: =IFERROR(VLOOKUP(H57,[2]New!$B:$G,4,0),)*I57/60 -> 39.3 | AB57: =IFERROR(VLOOKUP(H57,[2]New!$B:$G,6,0),)*I57/60 -> 38.333333 | AC57: =VLOOKUP(A57,'[4]PO PTCA (2)'!$A:$L,12,0) -> 46268 | AD57: =IFERROR(VLOOKUP(H57,[3]Sheet1!$E:$H,4,0),) -> 0 | AE57: 20 | AF57: FINISH | AG57: 0 | AH57: 0 | AI57: M6-1 | AL57: AVPE-10076 | AM57: AVPE-10076 | AN57: 3 | AO57: 3 | AP57: 2 | AQ57: 2
A58: PT-H2607-PD-161 | B58: Jul30-23 | C58: 12114375 | D58: 1832348-A-C | E58: 1001917625 | F58: 11134337 | G58: 2331163-A-A | H58: WAIN-CKI-200-BS CE3 | I58: 200 | J58: 46233 | K58: 0103555125 | L58: 260715A46A | M58: 200 | N58: 0 | O58: 0 | P58: Oversea | Q58: 46223 | R58: 0 | S58: 46224 | T58: 46224 | U58: M6 | V58: F2 | X58: 0 | Y58: 0 | Z58: =IFERROR(VLOOKUP(H58,[2]New!$B:$G,3,0),)*I58/60 -> 73.333333 | AA58: =IFERROR(VLOOKUP(H58,[2]New!$B:$G,4,0),)*I58/60 -> 393 | AB58: =IFERROR(VLOOKUP(H58,[2]New!$B:$G,6,0),)*I58/60 -> 383.33333 | AC58: =VLOOKUP(A58,'[4]PO PTCA (2)'!$A:$L,12,0) -> 46268 | AD58: =IFERROR(VLOOKUP(H58,[3]Sheet1!$E:$H,4,0),) -> 0 | AE58: 200 | AF58: FINISH | AG58: 0 | AH58: 0 | AI58: M6-1 | AL58: AVPE-10076 | AM58: AVPE-10076 | AN58: 3 | AO58: 3 | AP58: 2 | AQ58: 2
A59: PT-H2607-PD-162 | B59: Jul30-24 | C59: 12114378 | D59: 1832176-A-C | E59: 1001917626 | F59: 11134338 | G59: 2331164-A-A | H59: WAIN-CKI-18-200-BS CE3 | I59: 72 | J59: 46233 | K59: 0103555126 | L59: 260715A47A | M59: 72 | N59: 0 | O59: 0 | P59: Oversea | Q59: 46223 | R59: 0 | S59: 46224 | T59: 46224 | U59: M6 | V59: F2 | X59: 0 | Y59: 0 | Z59: =IFERROR(VLOOKUP(H59,[2]New!$B:$G,3,0),)*I59/60 -> 26.4 | AA59: =IFERROR(VLOOKUP(H59,[2]New!$B:$G,4,0),)*I59/60 -> 141.48 | AB59: =IFERROR(VLOOKUP(H59,[2]New!$B:$G,6,0),)*I59/60 -> 138 | AC59: =VLOOKUP(A59,'[4]PO PTCA (2)'!$A:$L,12,0) -> 46268 | AD59: =IFERROR(VLOOKUP(H59,[3]Sheet1!$E:$H,4,0),) -> 0 | AE59: 72 | AF59: FINISH | AG59: 0 | AH59: 0 | AI59: M6-1 | AL59: AVPE-10077 | AM59: AVPE-10077 | AN59: 3 | AO59: 3 | AP59: 2 | AQ59: 2
A60: PT-H2606-PC-019 | B60: Jul30-25 | C60: 12120774 | D60: 2332192-0-C-CN | E60: 1001917627 | F60: 11134235 | G60: 1036068-S-AK | H60: AHW14R001S CN | I60: 3570 | J60: 46233 | K60: 0103555127 | L60: 260715A48A | M60: 3586 | N60: 16 | O60: 0 | P60: China | Q60: 46223 | R60: 0 | S60: 46224 | T60: 46224 | U60: M7 | V60: F2 | X60: 0 | Y60: 0 | Z60: =IFERROR(VLOOKUP(H60,[2]New!$B:$G,3,0),)*I60/60 -> 2522.8 | AA60: =IFERROR(VLOOKUP(H60,[2]New!$B:$G,4,0),)*I60/60 -> 7015.05 | AB60: =IFERROR(VLOOKUP(H60,[2]New!$B:$G,6,0),)*I60/60 -> 3451 | AC60: =VLOOKUP(A60,'[4]PO PTCA (2)'!$A:$L,12,0) -> 46255 | AD60: =IFERROR(VLOOKUP(H60,[3]Sheet1!$E:$H,4,0),) -> B | AE60: 3570 | AF60: FINISH | AG60: 3 | AH60: 16 | AI60: M7-1 | AL60: AVPE-8633 | AM60: #N/A | AN60: 2 | AO60: 2 | AP60: 2 | AQ60: 2
A61: PT-H2607-PD-150 | B61: Jul30-26 | C61: 12111377 | D61: 1832175-A-C | E61: 1001917656 | F61: 11117107 | G61: 2331065-0-A | H61: AHW10S302S CE4 | I61: 10 | J61: 46233 | K61: 0103555161 | L61: 260715A49A | M61: 10 | N61: 0 | O61: 0 | P61: Oversea | Q61: 46223 | R61: 0 | S61: 46224 | T61: 46224 | U61: M6 | V61: F2 | X61: 0 | Y61: 0 | Z61: =IFERROR(VLOOKUP(H61,[2]New!$B:$G,3,0),)*I61/60 -> 3.5 | AA61: =IFERROR(VLOOKUP(H61,[2]New!$B:$G,4,0),)*I61/60 -> 15.433333 | AB61: =IFERROR(VLOOKUP(H61,[2]New!$B:$G,6,0),)*I61/60 -> 7.1666667 | AC61: =VLOOKUP(A61,'[4]PO PTCA (2)'!$A:$L,12,0) -> 46268 | AD61: =IFERROR(VLOOKUP(H61,[3]Sheet1!$E:$H,4,0),) -> 0 | AE61: 10 | AF61: FINISH | AG61: 0 | AH61: 0 | AI61: M6-1 | AL61: AVPE-10021 | AM61: AVPE-10021 | AN61: 3 | AO61: 3 | AP61: 2 | AQ61: 2
A62: PT-H2606-PC-021 | B62: Jul31-04 | C62: 12125012 | D62: 2332200-0-C-CN | E62: 1001919621 | F62: 11134237 | G62: 1436196-Q-A | H62: AHW14R004S CN | I62: 3570 | J62: 46234 | K62: 0103558992 | L62: 260716A01A | M62: 3586 | N62: 16 | O62: 0 | P62: China | Q62: 46224 | R62: 0 | S62: 46225 | T62: 46225 | U62: M1 | V62: F3 | X62: 0 | Y62: 0 | Z62: =IFERROR(VLOOKUP(H62,[2]New!$B:$G,3,0),)*I62/60 -> 2522.8 | AA62: =IFERROR(VLOOKUP(H62,[2]New!$B:$G,4,0),)*I62/60 -> 7015.05 | AB62: =IFERROR(VLOOKUP(H62,[2]New!$B:$G,6,0),)*I62/60 -> 3451 | AC62: =VLOOKUP(A62,'[4]PO PTCA (2)'!$A:$L,12,0) -> 46255 | AD62: =IFERROR(VLOOKUP(H62,[3]Sheet1!$E:$H,4,0),) -> B | AE62: 3570 | AF62: FINISH | AG62: 3 | AH62: 16 | AI62: M1-1 | AL62: AVPE-8631 | AM62: #N/A | AN62: 3 | AO62: 3 | AP62: 2 | AQ62: 2
A63: PT-H2606-PC-021 | B63: Jul31-05 | C63: 12125012 | D63: 2332200-0-C-CN | E63: 1001919622 | F63: 11134237 | G63: 1436196-Q-A | H63: AHW14R004S CN | I63: 3570 | J63: 46234 | K63: 0103558993 | L63: 260716A02A | M63: 3586 | N63: 16 | O63: 0 | P63: China | Q63: 46224 | R63: 0 | S63: 46225 | T63: 46225 | U63: M2 | V63: F3 | X63: 0 | Y63: 0 | Z63: =IFERROR(VLOOKUP(H63,[2]New!$B:$G,3,0),)*I63/60 -> 2522.8 | AA63: =IFERROR(VLOOKUP(H63,[2]New!$B:$G,4,0),)*I63/60 -> 7015.05 | AB63: =IFERROR(VLOOKUP(H63,[2]New!$B:$G,6,0),)*I63/60 -> 3451 | AC63: =VLOOKUP(A63,'[4]PO PTCA (2)'!$A:$L,12,0) -> 46255 | AD63: =IFERROR(VLOOKUP(H63,[3]Sheet1!$E:$H,4,0),) -> B | AE63: 3570 | AF63: FINISH | AG63: 3 | AH63: 16 | AI63: M2-1 | AL63: AVPE-8631 | AM63: #N/A | AN63: 3 | AO63: 3 | AP63: 2 | AQ63: 2
A64: PT-H2606-PC-021 | B64: Jul31-06 | C64: 12125012 | D64: 2332200-0-C-CN | E64: 1001919623 | F64: 11134237 | G64: 1436196-Q-A | H64: AHW14R004S CN | I64: 2370 | J64: 46234 | K64: 0103558994 | L64: 260716A03A | M64: 2389 | N64: 16 | O64: 0 | P64: China | Q64: 46224 | R64: 0 | S64: 46225 | T64: 46225 | U64: M3 | V64: F3 | X64: 3 | Y64: 0 | Z64: =IFERROR(VLOOKUP(H64,[2]New!$B:$G,3,0),)*I64/60 -> 1674.8 | AA64: =IFERROR(VLOOKUP(H64,[2]New!$B:$G,4,0),)*I64/60 -> 4657.05 | AB64: =IFERROR(VLOOKUP(H64,[2]New!$B:$G,6,0),)*I64/60 -> 2291 | AC64: =VLOOKUP(A64,'[4]PO PTCA (2)'!$A:$L,12,0) -> 46255 | AD64: =IFERROR(VLOOKUP(H64,[3]Sheet1!$E:$H,4,0),) -> B | AE64: 2370 | AF64: FINISH | AG64: 3 | AH64: 19 | AI64: M3-1 | AL64: AVPE-8631 | AM64: #N/A | AN64: 3 | AO64: 3 | AP64: 2 | AQ64: 2
A65: PT-H2606-PC-021 | B65: Jul31-07 | C65: 12125012 | D65: 2332200-0-C-CN | E65: 1001919624 | F65: 11134237 | G65: 1436196-Q-A | H65: AHW14R004S CN | I65: 2370 | J65: 46234 | K65: 0103558995 | L65: 260716A04A | M65: 2386 | N65: 16 | O65: 0 | P65: China | Q65: 46224 | R65: 0 | S65: 46225 | T65: 46225 | U65: M4 | V65: F3 | X65: 0 | Y65: 0 | Z65: =IFERROR(VLOOKUP(H65,[2]New!$B:$G,3,0),)*I65/60 -> 1674.8 | AA65: =IFERROR(VLOOKUP(H65,[2]New!$B:$G,4,0),)*I65/60 -> 4657.05 | AB65: =IFERROR(VLOOKUP(H65,[2]New!$B:$G,6,0),)*I65/60 -> 2291 | AC65: =VLOOKUP(A65,'[4]PO PTCA (2)'!$A:$L,12,0) -> 46255 | AD65: =IFERROR(VLOOKUP(H65,[3]Sheet1!$E:$H,4,0),) -> B | AE65: 2370 | AF65: FINISH | AG65: 3 | AH65: 16 | AI65: M4-1 | AL65: AVPE-8631 | AM65: #N/A | AN65: 3 | AO65: 3 | AP65: 2 | AQ65: 2
A66: PT-H2605-PC-120-2 | B66: Jul31-24 | C66: 12125071 | D66: 2332497-0-C-CN | E66: 1001919641 | F66: 11134241 | G66: 1436298-J-AK | H66: APW14R005S CN | I66: 490 | J66: 46234 | K66: 0103559012 | L66: 260716A21A | M66: 497 | N66: 4 | O66: 0 | P66: China | Q66: 46224 | R66: 0 | S66: 46225 | T66: 46225 | U66: M6 | V66: F2 | X66: 3 | Y66: 0 | Z66: =IFERROR(VLOOKUP(H66,[2]New!$B:$G,3,0),)*I66/60 -> 346.26667 | AA66: =IFERROR(VLOOKUP(H66,[2]New!$B:$G,4,0),)*I66/60 -> 756.23333 | AB66: =IFERROR(VLOOKUP(H66,[2]New!$B:$G,6,0),)*I66/60 -> 473.66667 | AC66: =VLOOKUP(A66,'[4]PO PTCA (2)'!$A:$L,12,0) -> 46255 | AD66: =IFERROR(VLOOKUP(H66,[3]Sheet1!$E:$H,4,0),) -> C | AE66: 490 | AF66: FINISH | AG66: 2 | AH66: 7 | AI66: M6-1 | AL66: AVPE-7060 | AM66: #N/A | AN66: 2 | AO66: 2 | AP66: 2 | AQ66: 2
A67: PT-H2605-PC-120-2 | B67: Jul31-25 | C67: 12125071 | D67: 2332497-0-C-CN | E67: 1001919642 | F67: 11134241 | G67: 1436298-J-AK | H67: APW14R005S CN | I67: 3050 | J67: 46234 | K67: 0103559013 | L67: 260716A22A | M67: 3066 | N67: 16 | O67: 0 | P67: China | Q67: 46224 | R67: 0 | S67: 46225 | T67: 46225 | U67: M6 | V67: F2 | X67: 0 | Y67: 0 | Z67: =IFERROR(VLOOKUP(H67,[2]New!$B:$G,3,0),)*I67/60 -> 2155.3333 | AA67: =IFERROR(VLOOKUP(H67,[2]New!$B:$G,4,0),)*I67/60 -> 4707.1667 | AB67: =IFERROR(VLOOKUP(H67,[2]New!$B:$G,6,0),)*I67/60 -> 2948.3333 | AC67: =VLOOKUP(A67,'[4]PO PTCA (2)'!$A:$L,12,0) -> 46255 | AD67: =IFERROR(VLOOKUP(H67,[3]Sheet1!$E:$H,4,0),) -> C | AE67: 3050 | AF67: FINISH | AG67: 2 | AH67: 16 | AI67: M6-1 | AL67: AVPE-7060 | AM67: #N/A | AN67: 2 | AO67: 2 | AP67: 2 | AQ67: 2
A68: PT-H2606-PC-019 | B68: Jul31-26 | C68: 12120774 | D68: 2332192-0-C-CN | E68: 1001919643 | F68: 11134235 | G68: 1036068-S-AK | H68: AHW14R001S CN | I68: 3570 | J68: 46234 | K68: 0103559014 | L68: 260716A23A | M68: 3586 | N68: 16 | O68: 0 | P68: China | Q68: 46224 | R68: 0 | S68: 46225 | T68: 46225 | U68: M8 | V68: CAG | X68: 0 | Y68: 0 | Z68: =IFERROR(VLOOKUP(H68,[2]New!$B:$G,3,0),)*I68/60 -> 2522.8 | AA68: =IFERROR(VLOOKUP(H68,[2]New!$B:$G,4,0),)*I68/60 -> 7015.05 | AB68: =IFERROR(VLOOKUP(H68,[2]New!$B:$G,6,0),)*I68/60 -> 3451 | AC68: =VLOOKUP(A68,'[4]PO PTCA (2)'!$A:$L,12,0) -> 46255 | AD68: =IFERROR(VLOOKUP(H68,[3]Sheet1!$E:$H,4,0),) -> B | AE68: 3570 | AF68: FINISH | AG68: 3 | AH68: 16 | AI68: M8 | AL68: AVPE-8633 | AM68: #N/A | AN68: 2 | AO68: 2 | AP68: 2 | AQ68: 2
A69: Quỳnh | B69: Test07-15-01 | C69: 12138973 | D69: AJ2503082-01-C | E69: 2000127354 | F69: 11106024 | G69: AJ2503065-01-A | H69: AJ2503065-01-A_AIN-CNX-24-SD-215 US | I69: 258 | J69: 46233 | K69: 0103555718 | L69: 260715X01A | M69: 258 | N69: 0 | O69: 0 | P69: TEST | Q69: 46224 | R69: 0 | S69: 46226 | T69: 46226 | U69: M6 | V69: F3 | X69: 0 | Y69: 0 | Z69: =IFERROR(VLOOKUP(H69,[2]New!$B:$G,3,0),)*I69/60 -> 0 | AA69: =IFERROR(VLOOKUP(H69,[2]New!$B:$G,4,0),)*I69/60 -> 0 | AB69: =IFERROR(VLOOKUP(H69,[2]New!$B:$G,6,0),)*I69/60 -> 0 | AC69: TEST | AD69: =IFERROR(VLOOKUP(H69,[3]Sheet1!$E:$H,4,0),) -> 0 | AF69: TEST | AL69: #N/A | AM69: #N/A
A70: PT-H2606-PC-019 | B70: Aug01-05 | C70: 12120774 | D70: 2332192-0-C-CN | E70: 1001920346 | F70: 11134235 | G70: 1036068-S-AK | H70: AHW14R001S CN | I70: 3570 | J70: 46235 | K70: 0103559929 | L70: 260716A24A | M70: 3586 | N70: 16 | O70: 0 | P70: China | Q70: 46225 | R70: 0 | S70: 46226 | T70: 46226 | U70: M1 | V70: F3 | X70: 0 | Y70: 0 | Z70: =IFERROR(VLOOKUP(H70,[2]New!$B:$G,3,0),)*I70/60 -> 2522.8 | AA70: =IFERROR(VLOOKUP(H70,[2]New!$B:$G,4,0),)*I70/60 -> 7015.05 | AB70: =IFERROR(VLOOKUP(H70,[2]New!$B:$G,6,0),)*I70/60 -> 3451 | AC70: =VLOOKUP(A70,'[4]PO PTCA (2)'!$A:$L,12,0) -> 46255 | AD70: =IFERROR(VLOOKUP(H70,[3]Sheet1!$E:$H,4,0),) -> B | AE70: 3570 | AF70: FINISH | AG70: 3 | AH70: 16 | AI70: M1-1 | AL70: AVPE-8633 | AM70: #N/A | AN70: 2 | AO70: 2 | AP70: 2 | AQ70: 2
A71: PT-H2606-PC-019 | B71: Aug01-06 | C71: 12120774 | D71: 2332192-0-C-CN | E71: 1001920348 | F71: 11134235 | G71: 1036068-S-AK | H71: AHW14R001S CN | I71: 3570 | J71: 46235 | K71: 0103559931 | L71: 260716A25A | M71: 3586 | N71: 16 | O71: 0 | P71: China | Q71: 46225 | R71: 0 | S71: 46226 | T71: 46226 | U71: M2 | V71: F3 | X71: 0 | Y71: 0 | Z71: =IFERROR(VLOOKUP(H71,[2]New!$B:$G,3,0),)*I71/60 -> 2522.8 | AA71: =IFERROR(VLOOKUP(H71,[2]New!$B:$G,4,0),)*I71/60 -> 7015.05 | AB71: =IFERROR(VLOOKUP(H71,[2]New!$B:$G,6,0),)*I71/60 -> 3451 | AC71: =VLOOKUP(A71,'[4]PO PTCA (2)'!$A:$L,12,0) -> 46255 | AD71: =IFERROR(VLOOKUP(H71,[3]Sheet1!$E:$H,4,0),) -> B | AE71: 3570 | AF71: FINISH | AG71: 3 | AH71: 16 | AI71: M2-1 | AL71: AVPE-8633 | AM71: #N/A | AN71: 2 | AO71: 2 | AP71: 2 | AQ71: 2
A72: PT-H2606-PC-019 | B72: Aug01-07 | C72: 12120774 | D72: 2332192-0-C-CN | E72: 1001920349 | F72: 11134235 | G72: 1036068-S-AK | H72: AHW14R001S CN | I72: 2370 | J72: 46235 | K72: 0103559932 | L72: 260716A26A | M72: 2386 | N72: 16 | O72: 0 | P72: China | Q72: 46225 | R72: 0 | S72: 46226 | T72: 46226 | U72: M3 | V72: F3 | X72: 0 | Y72: 0 | Z72: =IFERROR(VLOOKUP(H72,[2]New!$B:$G,3,0),)*I72/60 -> 1674.8 | AA72: =IFERROR(VLOOKUP(H72,[2]New!$B:$G,4,0),)*I72/60 -> 4657.05 | AB72: =IFERROR(VLOOKUP(H72,[2]New!$B:$G,6,0),)*I72/60 -> 2291 | AC72: =VLOOKUP(A72,'[4]PO PTCA (2)'!$A:$L,12,0) -> 46255 | AD72: =IFERROR(VLOOKUP(H72,[3]Sheet1!$E:$H,4,0),) -> B | AE72: 2370 | AF72: FINISH | AG72: 3 | AH72: 16 | AI72: M3-1 | AL72: AVPE-8633 | AM72: #N/A | AN72: 2 | AO72: 2 | AP72: 2 | AQ72: 2
A73: PT-H2607-PC-004 | B73: Aug01-08 | C73: 12125075 | D73: 2332501-0-C-CN | E73: 1001920350 | F73: 11134106 | G73: 1236001-N-AK | H73: AGH143090 CN | I73: 1260 | J73: 46235 | K73: 0103559933 | L73: 260716A27A | M73: 1260 | N73: 0 | O73: 0 | P73: China | Q73: 46225 | R73: 0 | S73: 46226 | T73: 46226 | U73: M4 | V73: F3 | X73: 0 | Y73: 0 | Z73: =IFERROR(VLOOKUP(H73,[2]New!$B:$G,3,0),)*I73/60 -> 890.4 | AA73: =IFERROR(VLOOKUP(H73,[2]New!$B:$G,4,0),)*I73/60 -> 1944.6 | AB73: =IFERROR(VLOOKUP(H73,[2]New!$B:$G,6,0),)*I73/60 -> 1218 | AC73: =VLOOKUP(A73,'[4]PO PTCA (2)'!$A:$L,12,0) -> 46268 | AD73: =IFERROR(VLOOKUP(H73,[3]Sheet1!$E:$H,4,0),) -> B | AE73: 1260 | AF73: FINISH | AG73: 2 | AH73: 0 | AI73: M4-1 | AL73: AVPE-11105 | AM73: #N/A | AN73: 2 | AO73: 2 | AP73: 2 | AQ73: 2
A74: PT-H2607-PC-006 | B74: Aug01-09 | C74: 12125079 | D74: 2332505-0-C-CN | E74: 1001920351 | F74: 11134108 | G74: 1236007-N-AK | H74: AGH143092 CN | I74: 460 | J74: 46235 | K74: 0103559934 | L74: 260716A28A | M74: 463 | N74: 0 | O74: 0 | P74: China | Q74: 46225 | R74: 0 | S74: 46226 | T74: 46226 | U74: M4 | V74: F3 | X74: 3 | Y74: 0 | Z74: =IFERROR(VLOOKUP(H74,[2]New!$B:$G,3,0),)*I74/60 -> 325.06667 | AA74: =IFERROR(VLOOKUP(H74,[2]New!$B:$G,4,0),)*I74/60 -> 709.93333 | AB74: =IFERROR(VLOOKUP(H74,[2]New!$B:$G,6,0),)*I74/60 -> 444.66667 | AC74: =VLOOKUP(A74,'[4]PO PTCA (2)'!$A:$L,12,0) -> 46268 | AD74: =IFERROR(VLOOKUP(H74,[3]Sheet1!$E:$H,4,0),) -> B | AE74: 460 | AF74: FINISH | AG74: 2 | AH74: 3 | AI74: M4-1 | AL74: AVPE-8702 | AM74: #N/A | AN74: 2 | AO74: 2 | AP74: 2 | AQ74: 2
A75: PT-H2605-PC-006-2 | B75: Aug01-10 | C75: 12125107 | D75: 2332533-0-C-CN | E75: 1001920352 | F75: 11134239 | G75: 1436292-K-AK | H75: AHW14R011P CN | I75: 670 | J75: 46235 | K75: 0103559935 | L75: 260716A29A | M75: 670 | N75: 0 | O75: 0 | P75: China | Q75: 46225 | R75: 0 | S75: 46226 | T75: 46226 | U75: M4 | V75: F3 | X75: 0 | Y75: 0 | Z75: =IFERROR(VLOOKUP(H75,[2]New!$B:$G,3,0),)*I75/60 -> 473.46667 | AA75: =IFERROR(VLOOKUP(H75,[2]New!$B:$G,4,0),)*I75/60 -> 1034.0333 | AB75: =IFERROR(VLOOKUP(H75,[2]New!$B:$G,6,0),)*I75/60 -> 647.66667 | AC75: =VLOOKUP(A75,'[4]PO PTCA (2)'!$A:$L,12,0) -> 46268 | AD75: =IFERROR(VLOOKUP(H75,[3]Sheet1!$E:$H,4,0),) -> B | AE75: 670 | AF75: FINISH | AG75: 2 | AH75: 0 | AI75: M4-1 | AL75: AVPE-6811 | AM75: #N/A | AN75: 2 | AO75: 2 | AP75: 2 | AQ75: 2
A76: PT-H2605-PC-007-2 | B76: Aug01-11 | C76: 12125103 | D76: 2332529-0-C-CN | E76: 1001920353 | F76: 11134236 | G76: 1136431-Q-AK | H76: AHW14R007P CN | I76: 430 | J76: 46235 | K76: 0103559937 | L76: 260716A30A | M76: 430 | N76: 0 | O76: 0 | P76: China | Q76: 46225 | R76: 0 | S76: 46226 | T76: 46226 | U76: M4 | V76: F3 | X76: 0 | Y76: 0 | Z76: =IFERROR(VLOOKUP(H76,[2]New!$B:$G,3,0),)*I76/60 -> 303.86667 | AA76: =IFERROR(VLOOKUP(H76,[2]New!$B:$G,4,0),)*I76/60 -> 663.63333 | AB76: =IFERROR(VLOOKUP(H76,[2]New!$B:$G,6,0),)*I76/60 -> 415.66667 | AC76: =VLOOKUP(A76,'[4]PO PTCA (2)'!$A:$L,12,0) -> 46268 | AD76: =IFERROR(VLOOKUP(H76,[3]Sheet1!$E:$H,4,0),) -> B | AE76: 430 | AF76: FINISH | AG76: 2 | AH76: 0 | AI76: M4-1 | AL76: AVPE-6800 | AM76: #N/A | AN76: 2 | AO76: 2 | AP76: 2 | AQ76: 2
A77: PT-H2605-PC-008-2 | B77: Aug01-12 | C77: 12125099 | D77: 2332525-0-C-CN | E77: 1001920354 | F77: 11134238 | G77: 1436288-K-AK | H77: AHW14R008P CN | I77: 590 | J77: 46235 | K77: 0103559938 | L77: 260716A31A | M77: 590 | N77: 0 | O77: 0 | P77: China | Q77: 46225 | R77: 0 | S77: 46226 | T77: 46226 | U77: M4 | V77: F3 | X77: 0 | Y77: 0 | Z77: =IFERROR(VLOOKUP(H77,[2]New!$B:$G,3,0),)*I77/60 -> 416.93333 | AA77: =IFERROR(VLOOKUP(H77,[2]New!$B:$G,4,0),)*I77/60 -> 910.56667 | AB77: =IFERROR(VLOOKUP(H77,[2]New!$B:$G,6,0),)*I77/60 -> 570.33333 | AC77: =VLOOKUP(A77,'[4]PO PTCA (2)'!$A:$L,12,0) -> 46268 | AD77: =IFERROR(VLOOKUP(H77,[3]Sheet1!$E:$H,4,0),) -> B | AE77: 590 | AF77: FINISH | AG77: 2 | AH77: 0 | AI77: M4-1 | AL77: AVPE-6810 | AM77: #N/A | AN77: 2 | AO77: 2 | AP77: 2 | AQ77: 2
A78: PT-H2605-PC-119-2 | B78: Aug01-13 | C78: 12125069 | D78: 2332495-0-C-CN | E78: 1001920355 | F78: 11134240 | G78: 1436296-J-AK | H78: APW14R009S CN | I78: 2380 | J78: 46235 | K78: 0103559939 | L78: 260716A32A | M78: 2383 | N78: 0 | O78: 0 | P78: China | Q78: 46225 | R78: 0 | S78: 46226 | T78: 46226 | U78: M5 | V78: F3 | X78: 3 | Y78: 0 | Z78: =IFERROR(VLOOKUP(H78,[2]New!$B:$G,3,0),)*I78/60 -> 1681.8667 | AA78: =IFERROR(VLOOKUP(H78,[2]New!$B:$G,4,0),)*I78/60 -> 3673.1333 | AB78: =IFERROR(VLOOKUP(H78,[2]New!$B:$G,6,0),)*I78/60 -> 2300.6667 | AC78: =VLOOKUP(A78,'[4]PO PTCA (2)'!$A:$L,12,0) -> 46255 | AD78: =IFERROR(VLOOKUP(H78,[3]Sheet1!$E:$H,4,0),) -> C | AE78: 2380 | AF78: FINISH | AG78: 2 | AH78: 3 | AI78: M5-1 | AL78: AVPE-7061 | AM78: #N/A | AN78: 2 | AO78: 2 | AP78: 2 | AQ78: 2
A79: PT-H2606-PC-021 | B79: Aug01-29 | C79: 12125012 | D79: 2332200-0-C-CN | E79: 1001920372 | F79: 11134237 | G79: 1436196-Q-A | H79: AHW14R004S CN | I79: 2100 | J79: 46235 | K79: 0103559956 | L79: 260716A48A | M79: 2116 | N79: 16 | O79: 0 | P79: China | Q79: 46225 | R79: 0 | S79: 46226 | T79: 46226 | U79: M7 | V79: F2 | X79: 0 | Y79: 0 | Z79: =IFERROR(VLOOKUP(H79,[2]New!$B:$G,3,0),)*I79/60 -> 1484 | AA79: =IFERROR(VLOOKUP(H79,[2]New!$B:$G,4,0),)*I79/60 -> 4126.5 | AB79: =IFERROR(VLOOKUP(H79,[2]New!$B:$G,6,0),)*I79/60 -> 2030 | AC79: =VLOOKUP(A79,'[4]PO PTCA (2)'!$A:$L,12,0) -> 46255 | AD79: =IFERROR(VLOOKUP(H79,[3]Sheet1!$E:$H,4,0),) -> B | AE79: 2100 | AF79: FINISH | AG79: 3 | AH79: 16 | AI79: M7-2 | AL79: AVPE-8631 | AM79: #N/A | AN79: 3 | AO79: 3 | AP79: 2 | AQ79: 2
A80: PT-H2607-PC-002 | B80: Aug08-01 | C80: 12125021 | D80: 2332447-0-C-CN | E80: 1001920373 | F80: 11133759 | G80: 1456045-Q-A | H80: STM180-14S CN | I80: 1521 | J80: 46242 | K80: 0103559957 | L80: 260716A49A | M80: 1524 | N80: 3 | O80: 0 | P80: China | Q80: 46225 | R80: 0 | S80: 46226 | T80: 46226 | U80: M8 | V80: CAG | X80: 0 | Y80: 0 | Z80: =IFERROR(VLOOKUP(H80,[2]New!$B:$G,3,0),)*I80/60 -> 1386.645 | AA80: =IFERROR(VLOOKUP(H80,[2]New!$B:$G,4,0),)*I80/60 -> 4230.915 | AB80: =IFERROR(VLOOKUP(H80,[2]New!$B:$G,6,0),)*I80/60 -> 3891.225 | AC80: =VLOOKUP(A80,'[4]PO PTCA (2)'!$A:$L,12,0) -> 46268 | AD80: =IFERROR(VLOOKUP(H80,[3]Sheet1!$E:$H,4,0),) -> D | AE80: 1521 | AF80: FINISH | AG80: 12 | AH80: 3 | AI80: M8-1 | AL80: AVPE-6724 | AM80: #N/A | AN80: 3 | AO80: 3 | AP80: 2 | AQ80: 2
A81: PT-H2607-PC-002 | B81: Aug08-02 | C81: 12125021 | D81: 2332447-0-C-CN | E81: 1001920374 | F81: 11133759 | G81: 1456045-Q-A | H81: STM180-14S CN | I81: 610 | J81: 46242 | K81: 0103559958 | L81: 260716A50A | M81: 616 | N81: 3 | O81: 0 | P81: China | Q81: 46225 | R81: 0 | S81: 46226 | T81: 46226 | U81: M8 | V81: CAG | X81: 3 | Y81: 0 | Z81: =IFERROR(VLOOKUP(H81,[2]New!$B:$G,3,0),)*I81/60 -> 556.11667 | AA81: =IFERROR(VLOOKUP(H81,[2]New!$B:$G,4,0),)*I81/60 -> 1696.8167 | AB81: =IFERROR(VLOOKUP(H81,[2]New!$B:$G,6,0),)*I81/60 -> 1560.5833 | AC81: =VLOOKUP(A81,'[4]PO PTCA (2)'!$A:$L,12,0) -> 46268 | AD81: =IFERROR(VLOOKUP(H81,[3]Sheet1!$E:$H,4,0),) -> D | AE81: 610 | AF81: FINISH | AG81: 12 | AH81: 6 | AI81: M8-1 | AL81: AVPE-6724 | AM81: #N/A | AN81: 3 | AO81: 3 | AP81: 2 | AQ81: 2
A82: PT-H2606-PC-021 | B82: Aug03-01 | C82: 12125012 | D82: 2332200-0-C-CN | E82: 1001921480 | F82: 11134237 | G82: 1436196-Q-A | H82: AHW14R004S CN | I82: 3570 | J82: 46237 | K82: 0103563246 | L82: 260720A01A | M82: 3586 | N82: 16 | O82: 0 | P82: China | Q82: 46226 | R82: 0 | S82: 46227 | T82: 46227 | U82: M1 | V82: F3 | X82: 0 | Y82: 0 | Z82: =IFERROR(VLOOKUP(H82,[2]New!$B:$G,3,0),)*I82/60 -> 2522.8 | AA82: =IFERROR(VLOOKUP(H82,[2]New!$B:$G,4,0),)*I82/60 -> 7015.05 | AB82: =IFERROR(VLOOKUP(H82,[2]New!$B:$G,6,0),)*I82/60 -> 3451 | AC82: =VLOOKUP(A82,'[4]PO PTCA (2)'!$A:$L,12,0) -> 46255 | AD82: =IFERROR(VLOOKUP(H82,[3]Sheet1!$E:$H,4,0),) -> B | AE82: 3570 | AF82: FINISH | AG82: 3 | AH82: 16 | AI82: M1-1 | AL82: AVPE-8631 | AM82: #N/A | AN82: 3 | AO82: 3 | AP82: 2 | AQ82: 2
A83: PT-H2606-PC-021 | B83: Aug03-02 | C83: 12125012 | D83: 2332200-0-C-CN | E83: 1001921481 | F83: 11134237 | G83: 1436196-Q-A | H83: AHW14R004S CN | I83: 2500 | J83: 46237 | K83: 0103563247 | L83: 260720A02A | M83: 2516 | N83: 16 | O83: 0 | P83: China | Q83: 46226 | R83: 0 | S83: 46227 | T83: 46227 | U83: M2 | V83: F3 | X83: 0 | Y83: 0 | Z83: =IFERROR(VLOOKUP(H83,[2]New!$B:$G,3,0),)*I83/60 -> 1766.6667 | AA83: =IFERROR(VLOOKUP(H83,[2]New!$B:$G,4,0),)*I83/60 -> 4912.5 | AB83: =IFERROR(VLOOKUP(H83,[2]New!$B:$G,6,0),)*I83/60 -> 2416.6667 | AC83: =VLOOKUP(A83,'[4]PO PTCA (2)'!$A:$L,12,0) -> 46255 | AD83: =IFERROR(VLOOKUP(H83,[3]Sheet1!$E:$H,4,0),) -> B | AE83: 2500 | AF83: FINISH | AG83: 3 | AH83: 16 | AI83: M2-1 | AL83: AVPE-8631 | AM83: #N/A | AN83: 3 | AO83: 3 | AP83: 2 | AQ83: 2
A84: PT-H2606-PC-021 | B84: Aug03-03 | C84: 12125012 | D84: 2332200-0-C-CN | E84: 1001921482 | F84: 11134237 | G84: 1436196-Q-A | H84: AHW14R004S CN | I84: 1050 | J84: 46237 | K84: 0103563248 | L84: 260720A03A | M84: 1069 | N84: 16 | O84: 0 | P84: China | Q84: 46226 | R84: 0 | S84: 46227 | T84: 46227 | U84: M2 | V84: F3 | X84: 3 | Y84: 0 | Z84: =IFERROR(VLOOKUP(H84,[2]New!$B:$G,3,0),)*I84/60 -> 742 | AA84: =IFERROR(VLOOKUP(H84,[2]New!$B:$G,4,0),)*I84/60 -> 2063.25 | AB84: =IFERROR(VLOOKUP(H84,[2]New!$B:$G,6,0),)*I84/60 -> 1015 | AC84: =VLOOKUP(A84,'[4]PO PTCA (2)'!$A:$L,12,0) -> 46255 | AD84: =IFERROR(VLOOKUP(H84,[3]Sheet1!$E:$H,4,0),) -> B | AE84: 1050 | AF84: FINISH | AG84: 3 | AH84: 19 | AI84: M2-1 | AL84: AVPE-8631 | AM84: #N/A | AN84: 3 | AO84: 3 | AP84: 2 | AQ84: 2
A85: PT-H2606-PC-048 | B85: Aug03-04 | C85: 12134058 | D85: 2332192-0-C-PH | E85: 1001921483 | F85: 11134342 | G85: 1036068-S-AK-P | H85: AHW14R001S CN | I85: 2285 | J85: 46237 | K85: 0103563249 | L85: 260720A04A | M85: 2301 | N85: 16 | O85: 0 | P85: China | Q85: 46226 | R85: 0 | S85: 46227 | T85: 46227 | U85: M3 | V85: F3 | X85: 0 | Y85: 0 | Z85: =IFERROR(VLOOKUP(H85,[2]New!$B:$G,3,0),)*I85/60 -> 1614.7333 | AA85: =IFERROR(VLOOKUP(H85,[2]New!$B:$G,4,0),)*I85/60 -> 4490.025 | AB85: =IFERROR(VLOOKUP(H85,[2]New!$B:$G,6,0),)*I85/60 -> 2208.8333 | AC85: =VLOOKUP(A85,'[4]PO PTCA'!$A:$M,12,0) -> 46268 | AD85: =IFERROR(VLOOKUP(H85,[3]Sheet1!$E:$H,4,0),) -> B | AE85: 2285 | AF85: FINISH | AG85: 3 | AH85: 16 | AI85: M3-1 | AL85: AVPE-8633 | AM85: #N/A | AN85: 2 | AO85: 2 | AP85: 2 | AQ85: 2
A86: PT-H2605-PC-120-2 | B86: Aug03-05 | C86: 12125071 | D86: 2332497-0-C-CN | E86: 1001921484 | F86: 11134241 | G86: 1436298-J-AK | H86: APW14R005S CN | I86: 2500 | J86: 46237 | K86: 0103563250 | L86: 260720A05A | M86: 2516 | N86: 16 | O86: 0 | P86: China | Q86: 46226 | R86: 0 | S86: 46227 | T86: 46227 | U86: M4 | V86: F3 | X86: 0 | Y86: 0 | Z86: =IFERROR(VLOOKUP(H86,[2]New!$B:$G,3,0),)*I86/60 -> 1766.6667 | AA86: =IFERROR(VLOOKUP(H86,[2]New!$B:$G,4,0),)*I86/60 -> 3858.3333 | AB86: =IFERROR(VLOOKUP(H86,[2]New!$B:$G,6,0),)*I86/60 -> 2416.6667 | AC86: =VLOOKUP(A86,'[4]PO PTCA (2)'!$A:$L,12,0) -> 46255 | AD86: =IFERROR(VLOOKUP(H86,[3]Sheet1!$E:$H,4,0),) -> C | AE86: 2500 | AF86: FINISH | AG86: 2 | AH86: 16 | AI86: M4-1 | AL86: AVPE-7060 | AM86: #N/A | AN86: 2 | AO86: 2 | AP86: 2 | AQ86: 2
A87: PT-H2605-PC-119-2 | B87: Aug03-06 | C87: 12125069 | D87: 2332495-0-C-CN | E87: 1001921485 | F87: 11134240 | G87: 1436296-J-AK | H87: APW14R009S CN | I87: 1050 | J87: 46237 | K87: 0103563251 | L87: 260720A06A | M87: 1050 | N87: 0 | O87: 0 | P87: China | Q87: 46226 | R87: 0 | S87: 46227 | T87: 46227 | U87: M4 | V87: F3 | X87: 0 | Y87: 0 | Z87: =IFERROR(VLOOKUP(H87,[2]New!$B:$G,3,0),)*I87/60 -> 742 | AA87: =IFERROR(VLOOKUP(H87,[2]New!$B:$G,4,0),)*I87/60 -> 1620.5 | AB87: =IFERROR(VLOOKUP(H87,[2]New!$B:$G,6,0),)*I87/60 -> 1015 | AC87: =VLOOKUP(A87,'[4]PO PTCA (2)'!$A:$L,12,0) -> 46255 | AD87: =IFERROR(VLOOKUP(H87,[3]Sheet1!$E:$H,4,0),) -> C | AE87: 1050 | AF87: FINISH | AG87: 2 | AH87: 0 | AI87: M4-1 | AL87: AVPE-7061 | AM87: #N/A | AN87: 2 | AO87: 2 | AP87: 2 | AQ87: 2
A88: PT-H2605-PC-009-2 | B88: Aug03-07 | C88: 12125006 | D88: 2332194-0-C-CN | E88: 1001921486 | F88: 11134232 | G88: 1436302-K-AK | H88: APW14R010S CN | I88: 600 | J88: 46237 | K88: 0103563252 | L88: 260720A07A | M88: 603 | N88: 0 | O88: 0 | P88: China | Q88: 46226 | R88: 0 | S88: 46227 | T88: 46227 | U88: M5 | V88: F3 | X88: 3 | Y88: 0 | Z88: =IFERROR(VLOOKUP(H88,[2]New!$B:$G,3,0),)*I88/60 -> 424 | AA88: =IFERROR(VLOOKUP(H88,[2]New!$B:$G,4,0),)*I88/60 -> 926 | AB88: =IFERROR(VLOOKUP(H88,[2]New!$B:$G,6,0),)*I88/60 -> 580 | AC88: =VLOOKUP(A88,'[4]PO PTCA (2)'!$A:$L,12,0) -> 46268 | AD88: =IFERROR(VLOOKUP(H88,[3]Sheet1!$E:$H,4,0),) -> C | AE88: 600 | AF88: FINISH | AG88: 2 | AH88: 3 | AI88: M5-1 | AL88: AVPE-6729 | AM88: #N/A | AN88: 2 | AO88: 2 | AP88: 2 | AQ88: 2
A89: PT-H2607-PC-010 | B89: Aug03-08 | C89: 12125006 | D89: 2332194-0-C-CN | E89: 1001921487 | F89: 11134232 | G89: 1436302-K-AK | H89: APW14R010S CN | I89: 1700 | J89: 46237 | K89: 0103563253 | L89: 260720A08A | M89: 1700 | N89: 0 | O89: 0 | P89: China | Q89: 46226 | R89: 0 | S89: 46227 | T89: 46227 | U89: M5 | V89: F3 | X89: 0 | Y89: 0 | Z89: =IFERROR(VLOOKUP(H89,[2]New!$B:$G,3,0),)*I89/60 -> 1201.3333 | AA89: =IFERROR(VLOOKUP(H89,[2]New!$B:$G,4,0),)*I89/60 -> 2623.6667 | AB89: =IFERROR(VLOOKUP(H89,[2]New!$B:$G,6,0),)*I89/60 -> 1643.3333 | AC89: =VLOOKUP(A89,'[4]PO PTCA (2)'!$A:$L,12,0) -> 46268 | AD89: =IFERROR(VLOOKUP(H89,[3]Sheet1!$E:$H,4,0),) -> C | AE89: 1700 | AF89: FINISH | AG89: 2 | AH89: 0 | AI89: M5-1 | AL89: AVPE-6729 | AM89: #N/A | AN89: 2 | AO89: 2 | AP89: 2 | AQ89: 2
A90: PT-H2607-PC-002 | B90: Aug08-03 | C90: 12125021 | D90: 2332447-0-C-CN | E90: 1001921490 | F90: 11133759 | G90: 1456045-Q-A | H90: STM180-14S CN | I90: 179 | J90: 46242 | K90: 0103563256 | L90: 260720A11A | M90: 182 | N90: 3 | O90: 0 | P90: China | Q90: 46226 | R90: 0 | S90: 46227 | T90: 46227 | U90: M7 | V90: F2 | X90: 0 | Y90: 0 | Z90: =IFERROR(VLOOKUP(H90,[2]New!$B:$G,3,0),)*I90/60 -> 163.18833 | AA90: =IFERROR(VLOOKUP(H90,[2]New!$B:$G,4,0),)*I90/60 -> 497.91833 | AB90: =IFERROR(VLOOKUP(H90,[2]New!$B:$G,6,0),)*I90/60 -> 457.94167 | AC90: =VLOOKUP(A90,'[4]PO PTCA (2)'!$A:$L,12,0) -> 46268 | AD90: =IFERROR(VLOOKUP(H90,[3]Sheet1!$E:$H,4,0),) -> D | AE90: 179 | AF90: FINISH | AG90: 12 | AH90: 3 | AI90: M7-1 | AL90: AVPE-6724 | AM90: #N/A | AN90: 3 | AO90: 3 | AP90: 2 | AQ90: 2
A91: PT-H2607-PC-003 | B91: Aug08-04 | C91: 12125025 | D91: 2332451-0-C-CN | E91: 1001921491 | F91: 11133764 | G91: 1456050-Q-A | H91: STM180-18S CN | I91: 1234 | J91: 46242 | K91: 0103563257 | L91: 260720A12A | M91: 1234 | N91: 0 | O91: 0 | P91: China | Q91: 46226 | R91: 0 | S91: 46227 | T91: 46227 | U91: M7 | V91: F2 | X91: 0 | Y91: 0 | Z91: =IFERROR(VLOOKUP(H91,[2]New!$B:$G,3,0),)*I91/60 -> 1124.9967 | AA91: =IFERROR(VLOOKUP(H91,[2]New!$B:$G,4,0),)*I91/60 -> 3432.5767 | AB91: =IFERROR(VLOOKUP(H91,[2]New!$B:$G,6,0),)*I91/60 -> 3156.9833 | AC91: =VLOOKUP(A91,'[4]PO PTCA (2)'!$A:$L,12,0) -> 46268 | AD91: =IFERROR(VLOOKUP(H91,[3]Sheet1!$E:$H,4,0),) -> D | AE91: 1234 | AF91: FINISH | AG91: 12 | AH91: 0 | AI91: M7-1 | AL91: AVPE-6725 | AM91: #N/A | AN91: 3 | AO91: 3 | AP91: 2 | AQ91: 2
A92: PT-H2607-PC-003 | B92: Aug08-05 | C92: 12125025 | D92: 2332451-0-C-CN | E92: 1001921492 | F92: 11133764 | G92: 1456050-Q-A | H92: STM180-18S CN | I92: 1304 | J92: 46242 | K92: 0103563258 | L92: 260720A13A | M92: 1304 | N92: 0 | O92: 0 | P92: China | Q92: 46226 | R92: 0 | S92: 46227 | T92: 46227 | U92: M7 | V92: F2 | X92: 0 | Y92: 0 | Z92: =IFERROR(VLOOKUP(H92,[2]New!$B:$G,3,0),)*I92/60 -> 1188.8133 | AA92: =IFERROR(VLOOKUP(H92,[2]New!$B:$G,4,0),)*I92/60 -> 3627.2933 | AB92: =IFERROR(VLOOKUP(H92,[2]New!$B:$G,6,0),)*I92/60 -> 3336.0667 | AC92: =VLOOKUP(A92,'[4]PO PTCA (2)'!$A:$L,12,0) -> 46268 | AD92: =IFERROR(VLOOKUP(H92,[3]Sheet1!$E:$H,4,0),) -> D | AE92: 1304 | AF92: FINISH | AG92: 12 | AH92: 0 | AI92: M7-1 | AL92: AVPE-6725 | AM92: #N/A | AN92: 3 | AO92: 3 | AP92: 2 | AQ92: 2
A93: PT-H2607-PC-003 | B93: Aug08-06 | C93: 12125025 | D93: 2332451-0-C-CN | E93: 1001921493 | F93: 11133764 | G93: 1456050-Q-A | H93: STM180-18S CN | I93: 500 | J93: 46242 | K93: 0103563259 | L93: 260720A14A | M93: 503 | N93: 0 | O93: 0 | P93: China | Q93: 46226 | R93: 0 | S93: 46227 | T93: 46227 | U93: M7 | V93: F2 | X93: 3 | Y93: 0 | Z93: =IFERROR(VLOOKUP(H93,[2]New!$B:$G,3,0),)*I93/60 -> 455.83333 | AA93: =IFERROR(VLOOKUP(H93,[2]New!$B:$G,4,0),)*I93/60 -> 1390.8333 | AB93: =IFERROR(VLOOKUP(H93,[2]New!$B:$G,6,0),)*I93/60 -> 1279.1667 | AC93: =VLOOKUP(A93,'[4]PO PTCA (2)'!$A:$L,12,0) -> 46268 | AD93: =IFERROR(VLOOKUP(H93,[3]Sheet1!$E:$H,4,0),) -> D | AE93: 500 | AF93: FINISH | AG93: 12 | AH93: 3 | AI93: M7-1 | AL93: AVPE-6725 | AM93: #N/A | AN93: 3 | AO93: 3 | AP93: 2 | AQ93: 2
A94: PT-H2606-PC-019 | B94: Aug04-01 | C94: 12120774 | D94: 2332192-0-C-CN | E94: 1001921494 | F94: 11134235 | G94: 1036068-S-AK | H94: AHW14R001S CN | I94: 3570 | J94: 46238 | K94: 0103563260 | L94: 260720A15A | M94: 3586 | N94: 16 | O94: 0 | P94: China | Q94: 46227 | R94: 0 | S94: 46230 | T94: 46230 | U94: M1 | V94: F3 | X94: 0 | Y94: 0 | Z94: =IFERROR(VLOOKUP(H94,[2]New!$B:$G,3,0),)*I94/60 -> 2522.8 | AA94: =IFERROR(VLOOKUP(H94,[2]New!$B:$G,4,0),)*I94/60 -> 7015.05 | AB94: =IFERROR(VLOOKUP(H94,[2]New!$B:$G,6,0),)*I94/60 -> 3451 | AC94: =VLOOKUP(A94,'[4]PO PTCA (2)'!$A:$L,12,0) -> 46255 | AD94: =IFERROR(VLOOKUP(H94,[3]Sheet1!$E:$H,4,0),) -> B | AE94: 3570 | AF94: FINISH | AG94: 3 | AH94: 16 | AI94: M1-1 | AL94: AVPE-8633 | AM94: #N/A | AN94: 2 | AO94: 2 | AP94: 2 | AQ94: 2
A95: PT-H2606-PC-019 | B95: Aug04-02 | C95: 12120774 | D95: 2332192-0-C-CN | E95: 1001921495 | F95: 11134235 | G95: 1036068-S-AK | H95: AHW14R001S CN | I95: 3570 | J95: 46238 | K95: 0103563261 | L95: 260720A16A | M95: 3586 | N95: 16 | O95: 0 | P95: China | Q95: 46227 | R95: 0 | S95: 46230 | T95: 46230 | U95: M2 | V95: F3 | X95: 0 | Y95: 0 | Z95: =IFERROR(VLOOKUP(H95,[2]New!$B:$G,3,0),)*I95/60 -> 2522.8 | AA95: =IFERROR(VLOOKUP(H95,[2]New!$B:$G,4,0),)*I95/60 -> 7015.05 | AB95: =IFERROR(VLOOKUP(H95,[2]New!$B:$G,6,0),)*I95/60 -> 3451 | AC95: =VLOOKUP(A95,'[4]PO PTCA (2)'!$A:$L,12,0) -> 46255 | AD95: =IFERROR(VLOOKUP(H95,[3]Sheet1!$E:$H,4,0),) -> B | AE95: 3570 | AF95: FINISH | AG95: 3 | AH95: 16 | AI95: M2-1 | AL95: AVPE-8633 | AM95: #N/A | AN95: 2 | AO95: 2 | AP95: 2 | AQ95: 2
A96: PT-H2606-PC-019 | B96: Aug04-03 | C96: 12120774 | D96: 2332192-0-C-CN | E96: 1001921496 | F96: 11134235 | G96: 1036068-S-AK | H96: AHW14R001S CN | I96: 2370 | J96: 46238 | K96: 0103563262 | L96: 260720A17A | M96: 2386 | N96: 16 | O96: 0 | P96: China | Q96: 46227 | R96: 0 | S96: 46230 | T96: 46230 | U96: M3 | V96: F3 | X96: 0 | Y96: 0 | Z96: =IFERROR(VLOOKUP(H96,[2]New!$B:$G,3,0),)*I96/60 -> 1674.8 | AA96: =IFERROR(VLOOKUP(H96,[2]New!$B:$G,4,0),)*I96/60 -> 4657.05 | AB96: =IFERROR(VLOOKUP(H96,[2]New!$B:$G,6,0),)*I96/60 -> 2291 | AC96: =VLOOKUP(A96,'[4]PO PTCA (2)'!$A:$L,12,0) -> 46255 | AD96: =IFERROR(VLOOKUP(H96,[3]Sheet1!$E:$H,4,0),) -> B | AE96: 2370 | AF96: FINISH | AG96: 3 | AH96: 16 | AI96: M3-1 | AL96: AVPE-8633 | AM96: #N/A | AN96: 2 | AO96: 2 | AP96: 2 | AQ96: 2
A97: PT-H2607-PC-008 | B97: Aug04-04 | C97: 12125116 | D97: 2332542-0-C-CN | E97: 1001921497 | F97: 11134110 | G97: 1236016-L-AK | H97: AHW14S003S CN | I97: 2620 | J97: 46238 | K97: 0103563263 | L97: 260720A18A | M97: 2620 | N97: 0 | O97: 0 | P97: China | Q97: 46227 | R97: 0 | S97: 46230 | T97: 46230 | U97: M4 | V97: F3 | X97: 0 | Y97: 0 | Z97: =IFERROR(VLOOKUP(H97,[2]New!$B:$G,3,0),)*I97/60 -> 1851.4667 | AA97: =IFERROR(VLOOKUP(H97,[2]New!$B:$G,4,0),)*I97/60 -> 4043.5333 | AB97: =IFERROR(VLOOKUP(H97,[2]New!$B:$G,6,0),)*I97/60 -> 2532.6667 | AC97: =VLOOKUP(A97,'[4]PO PTCA (2)'!$A:$L,12,0) -> 46268 | AD97: =IFERROR(VLOOKUP(H97,[3]Sheet1!$E:$H,4,0),) -> B | AE97: 2620 | AF97: FINISH | AG97: 2 | AH97: 0 | AI97: M4-1 | AL97: AVPE-8632 | AM97: #N/A | AN97: 2 | AO97: 2 | AP97: 2 | AQ97: 2
A98: PT-H2605-PC-011-2 | B98: Aug04-05 | C98: 12125075 | D98: 2332501-0-C-CN | E98: 1001921498 | F98: 11134106 | G98: 1236001-N-AK | H98: AGH143090 CN | I98: 310 | J98: 46238 | K98: 0103563264 | L98: 260720A19A | M98: 310 | N98: 0 | O98: 0 | P98: China | Q98: 46227 | R98: 0 | S98: 46230 | T98: 46230 | U98: M4 | V98: F3 | X98: 0 | Y98: 0 | Z98: =IFERROR(VLOOKUP(H98,[2]New!$B:$G,3,0),)*I98/60 -> 219.06667 | AA98: =IFERROR(VLOOKUP(H98,[2]New!$B:$G,4,0),)*I98/60 -> 478.43333 | AB98: =IFERROR(VLOOKUP(H98,[2]New!$B:$G,6,0),)*I98/60 -> 299.66667 | AC98: =VLOOKUP(A98,'[4]PO PTCA (2)'!$A:$L,12,0) -> 46268 | AD98: =IFERROR(VLOOKUP(H98,[3]Sheet1!$E:$H,4,0),) -> B | AE98: 310 | AF98: FINISH | AG98: 2 | AH98: 0 | AI98: M4-1 | AL98: AVPE-11105 | AM98: #N/A | AN98: 2 | AO98: 2 | AP98: 2 | AQ98: 2
A99: PT-H2605-PC-015-2 | B99: Aug04-06 | C99: 12125080 | D99: 2332506-0-C-CN | E99: 1001921499 | F99: 11134107 | G99: 1236005-N-AK | H99: AGH143091 CN | I99: 120 | J99: 46238 | K99: 0103563265 | L99: 260720A20A | M99: 120 | N99: 0 | O99: 0 | P99: China | Q99: 46227 | R99: 0 | S99: 46230 | T99: 46230 | U99: M4 | V99: F3 | X99: 0 | Y99: 0 | Z99: =IFERROR(VLOOKUP(H99,[2]New!$B:$G,3,0),)*I99/60 -> 84.8 | AA99: =IFERROR(VLOOKUP(H99,[2]New!$B:$G,4,0),)*I99/60 -> 185.2 | AB99: =IFERROR(VLOOKUP(H99,[2]New!$B:$G,6,0),)*I99/60 -> 116 | AC99: =VLOOKUP(A99,'[4]PO PTCA (2)'!$A:$L,12,0) -> 46268 | AD99: =IFERROR(VLOOKUP(H99,[3]Sheet1!$E:$H,4,0),) -> B | AE99: 120 | AF99: FINISH | AG99: 2 | AH99: 0 | AI99: M4-1 | AL99: AVPE-8702 | AM99: #N/A | AN99: 2 | AO99: 2 | AP99: 2 | AQ99: 2
A100: PT-H2605-PC-016-2 | B100: Aug04-07 | C100: 12125079 | D100: 2332505-0-C-CN | E100: 1001921500 | F100: 11134108 | G100: 1236007-N-AK | H100: AGH143092 CN | I100: 120 | J100: 46238 | K100: 0103563266 | L100: 260720A21A | M100: 123 | N100: 0 | O100: 0 | P100: China | Q100: 46227 | R100: 0 | S100: 46230 | T100: 46230 | U100: M4 | V100: F3 | X100: 3 | Y100: 0 | Z100: =IFERROR(VLOOKUP(H100,[2]New!$B:$G,3,0),)*I100/60 -> 84.8 | AA100: =IFERROR(VLOOKUP(H100,[2]New!$B:$G,4,0),)*I100/60 -> 185.2 | AB100: =IFERROR(VLOOKUP(H100,[2]New!$B:$G,6,0),)*I100/60 -> 116 | AC100: =VLOOKUP(A100,'[4]PO PTCA (2)'!$A:$L,12,0) -> 46268 | AD100: =IFERROR(VLOOKUP(H100,[3]Sheet1!$E:$H,4,0),) -> B | AE100: 120 | AF100: FINISH | AG100: 2 | AH100: 3 | AI100: M4-1 | AL100: AVPE-8702 | AM100: #N/A | AN100: 2 | AO100: 2 | AP100: 2 | AQ100: 2
...

Sheet Sheet2
S1: List RC-2607015
L2: Kho type C | M2: Kho FN | S2: Productiom | T2: Code Sap | U2: D.W | V2: Item name | W2: Internal Lot | X2: External Lot Ster | Y2: q'ty | Z2: Remark
C3: 1001930165 | D3: 11127226 | E3: 2351005-0-A | F3: TES0018S US | G3: 21 | H3: 46248 | I3: 0103580105 | J3: 260727G01A | K3: 26 | L3: MA07 | M3: MA09 | N3: 12126472 | S3: 4000017403 | T3: 11134977 | U3: 1931204-K-A | V3: E0018450AG-2 JP | W3: 0103580099 | X3: 260409S02B | Y3: 1 | Z3: Đã sửa Instruction
C4: 4000017403 | D4: 11134977 | E4: 1931204-K-A | F4: E0018450AG-2 JP | G4: 1 | H4: 46248 | I4: 0103580099 | J4: 260409S02B | K4: 1 | L4: ML07 | M4: ML09 | N4: 11122028 | S4: 4000017404 | T4: 11134977 | U4: 1931204-K-A | V4: E0018450AG-2 JP | W4: 0103580100 | X4: 260428S02B | Y4: 1 | Z4: Đã sửa Instruction
C5: 4000017404 | D5: 11134977 | E5: 1931204-K-A | F5: E0018450AG-2 JP | G5: 1 | H5: 46248 | I5: 0103580100 | J5: 260428S02B | K5: 1 | M5: ML09 | N5: 11122028 | S5: 4000017405 | T5: 11134978 | U5: 2051001-D-A | V5: TES0025S JP | W5: 0103580101 | X5: 260415G03B | Y5: 251 | Z5: Đã sửa Instruction
C6: 4000017405 | D6: 11134978 | E6: 2051001-D-A | F6: TES0025S JP | G6: 251 | H6: 46248 | I6: 0103580101 | J6: 260415G03B | K6: 251 | M6: MA09 | N6: 11123531 | S6: 4000017406 | T6: 11134978 | U6: 2051001-D-A | V6: TES0025S JP | W6: 0103580102 | X6: 260428G02B | Y6: 26 | Z6: Đã sửa Instruction
C7: 4000017406 | D7: 11134978 | E7: 2051001-D-A | F7: TES0025S JP | G7: 26 | H7: 46248 | I7: 0103580102 | J7: 260428G02B | K7: 26 | M7: MA09 | N7: 11123531 | S7: 4000017407 | T7: 11134979 | U7: 2051002-D-A | V7: TES0018S JP | W7: 0103580103 | X7: 260209G02B | Y7: 1 | Z7: Đã sửa Instruction
C8: 4000017407 | D8: 11134979 | E8: 2051002-D-A | F8: TES0018S JP | G8: 1 | H8: 46248 | I8: 0103580103 | J8: 260209G02B | K8: 1 | M8: MA09 | N8: 11123532 | S8: 4000017408 | T8: 11134979 | U8: 2051002-D-A | V8: TES0018S JP | W8: 0103580104 | X8: 260415G01B | Y8: 8 | Z8: Đã sửa Instruction
C9: 4000017408 | D9: 11134979 | E9: 2051002-D-A | F9: TES0018S JP | G9: 8 | H9: 46248 | I9: 0103580104 | J9: 260415G01B | K9: 8 | M9: MA09 | N9: 11123532
C10: 1001930166 | D10: 11122032 | E10: 2051047-E-A | F10: MTS0025N45S JP | G10: 7 | H10: 46248 | I10: 0103580106 | J10: 260727S01A | K10: 9 | M10: ML09 | N10: 12120940
C11: 1001930167 | D11: 11134977 | E11: 1931204-K-A | F11: E0018450AG-2 JP | G11: 230 | H11: 46248 | I11: 0103580107 | J11: 260727S02A | K11: 232 | M11: ML09 | N11: 12120936
Q25: PldOrd | R25: Material No | S25: Item code | T25: Item name | U25: Q'ty | V25: Complete Date | W25: Internal Lot | X25: External Lot Ster | Y25: Q'ty Input | Z25: Test Endotoxin ( pcs) | AA25: Test Particle ( pcs)
Q26: 1001931991 | R26: 11132336 | S26: 1731162-F-A | T26: AHW14R313S US | U26: 65 | V26: 46251 | W26: 0103584121 | X26: 260729A57A | Y26: 65 | Z26: 0 | AA26: 0
Q27: 1001931992 | R27: 11132337 | S27: 1731163-F-A | T27: AHW14R313P US | U27: 135 | V27: 46251 | W27: 0103584122 | X27: 260729A58A | Y27: 135 | Z27: 10 | AA27: 0
W41: Seal date | X41: KT date | Z41: ETD | AA41: Test Endotoxin ( pcs) | AB41: Test Particle ( pcs)
Q42: 1001930872 | R42: 11126857 | S42: 2231010-B-AK | T42: 0103582069 | U42: 260729A13A | V42: 135 | W42: 46241 | X42: 46241 | Y42: M11 | Z42: 46252 | AA42: 0 | AB42: 0
Q43: 1001931985 | R43: 11113866 | S43: 1831227-B-AK | T43: 0103584114 | U43: 260729A52A | V43: 10 | W43: 46241 | X43: 46241 | Y43: M8 | Z43: 46251 | AA43: 0 | AB43: 0
L44: 11134526 | Q44: 1001933345 | R44: 11135012 | S44: 2431136-0-A | T44: 0103586850 | U44: 260731A08A | V44: 23 | W44: 46240 | X44: 46240 | Y44: M6 | Z44: 46254 | AA44: 3 | AB44: 0
L45: 11133755 | Q45: 1001933346 | R45: 11135013 | S45: 2431137-0-A | T45: 0103586852 | U45: 260731A09A | V45: 20 | W45: 46240 | X45: 46240 | Y45: M6 | Z45: 46254 | AA45: 0 | AB45: 0
Q46: 1001933347 | R46: 11135014 | S46: 2431138-0-A | T46: 0103586853 | U46: 260731A10A | V46: 40 | W46: 46240 | X46: 46240 | Y46: M6 | Z46: 46254 | AA46: 0 | AB46: 0
Q47: 1001935075 | R47: 11134340 | S47: 2331156-A-A | T47: 0103589880 | U47: 260731A11A | V47: 60 | W47: 46240 | X47: 46240 | Y47: M8 | Z47: 46258 | AA47: 0 | AB47: 0
Q48: 1001935076 | R48: 11134339 | S48: 2331167-A-A | T48: 0103589881 | U48: 260731A44A | V48: 10 | W48: 46240 | X48: 46240 | Y48: M8 | Z48: 46258 | AA48: 0 | AB48: 0
Q62: 2631199-0-B | R62: có giông OHP ko? | S62: 2631199-0-A
Q63: 2631201-0-B | R63: có giông OHP ko? | S63: 2631201-0-A
Q64: 2631200-0-B | R64: có giông OHP ko? | S64: 2631200-0-A

Sheet Label new
A1: DIV/ SECTION | C1: DAILY PLAN AND IN-OUT LABEL CONTROL LIST ( Kế hoạch sản xuất hàng ngày và quản lý việc In-Out Label) | N1: F-1469 Ver 1.07
A2: GPC/ Order control | N2: Page : / 1
A4: PLAN DATE : | C4: 46258
A5: No | B5: Material | C5: Drawing List No | D5: Item name/Description | E5: Plnd order / PO | F5: Schuled Finish Date | G5: Internal Lot (SAP Lot) | H5: External Lot (Hanoi Lot) | I5: Q'ty | J5: Sterilize | L5: Finish | M5: Out label control | O5: Remark
J6: Date | K6: Batch | M6: Bag | N6: Box
A7: Jul22-11 | B7: =VLOOKUP(A7,PLAN!B:T,5,0) -> 11111223 | C7: =VLOOKUP(A7,PLAN!B:T,6,0) -> 1631042-F-A | D7: =VLOOKUP(A7,PLAN!B:T,7,0) -> AMS-180-1445 JP | E7: =VLOOKUP(A7,PLAN!B:T,4,0) -> 1001907448 | F7: =VLOOKUP(A7,PLAN!B:T,9,0) -> 46236 | G7: =VLOOKUP(A7,PLAN!B:T,10,0) -> 0103536427 | H7: =VLOOKUP(A7,PLAN!B:T,11,0) -> 260707A14A | I7: =VLOOKUP(A7,PLAN!B:T,12,0) -> 380 | J7: =VLOOKUP(A7,PLAN!B:AB,19,0) -> 46238 | K7: =VLOOKUP(A7,PLAN!B:AB,20,0) -> M7 | O7: =VLOOKUP(A7,PLAN!B:AB,21,0) -> CAG | Q7: =VLOOKUP(A7,PLAN!B:AB,16,0) -> 46217
A8: Jul23-04 | B8: =VLOOKUP(A8,PLAN!B:T,5,0) -> 11134237 | C8: =VLOOKUP(A8,PLAN!B:T,6,0) -> 1436196-Q-A | D8: =VLOOKUP(A8,PLAN!B:T,7,0) -> AHW14R004S CN | E8: =VLOOKUP(A8,PLAN!B:T,4,0) -> 1001907463 | F8: =VLOOKUP(A8,PLAN!B:T,9,0) -> 46226 | G8: =VLOOKUP(A8,PLAN!B:T,10,0) -> 0103536442 | H8: =VLOOKUP(A8,PLAN!B:T,11,0) -> 260707A29A | I8: =VLOOKUP(A8,PLAN!B:T,12,0) -> 2389 | J8: =VLOOKUP(A8,PLAN!B:AB,19,0) -> 46217 | K8: =VLOOKUP(A8,PLAN!B:AB,20,0) -> M3 | O8: =VLOOKUP(A8,PLAN!B:AB,21,0) -> F3 | Q8: =VLOOKUP(A8,PLAN!B:AB,16,0) -> 46216
A9: Jul24-40 | B9: =VLOOKUP(A9,PLAN!B:T,5,0) -> 11133759 | C9: =VLOOKUP(A9,PLAN!B:T,6,0) -> 1456045-Q-A | D9: =VLOOKUP(A9,PLAN!B:T,7,0) -> STM180-14S CN | E9: =VLOOKUP(A9,PLAN!B:T,4,0) -> 1001912046 | F9: =VLOOKUP(A9,PLAN!B:T,9,0) -> 46227 | G9: =VLOOKUP(A9,PLAN!B:T,10,0) -> 0103544302 | H9: =VLOOKUP(A9,PLAN!B:T,11,0) -> 260709A36A | I9: =VLOOKUP(A9,PLAN!B:T,12,0) -> 5 | J9: =VLOOKUP(A9,PLAN!B:AB,19,0) -> 46218 | K9: =VLOOKUP(A9,PLAN!B:AB,20,0) -> M5 | O9: =VLOOKUP(A9,PLAN!B:AB,21,0) -> F3 | Q9: =VLOOKUP(A9,PLAN!B:AB,16,0) -> 46217
A10: Jul24-41 | B10: =VLOOKUP(A10,PLAN!B:T,5,0) -> 11133759 | C10: =VLOOKUP(A10,PLAN!B:T,6,0) -> 1456045-Q-A | D10: =VLOOKUP(A10,PLAN!B:T,7,0) -> STM180-14S CN | E10: =VLOOKUP(A10,PLAN!B:T,4,0) -> 1001912047 | F10: =VLOOKUP(A10,PLAN!B:T,9,0) -> 46227 | G10: =VLOOKUP(A10,PLAN!B:T,10,0) -> 0103544305 | H10: =VLOOKUP(A10,PLAN!B:T,11,0) -> 260709A37A | I10: =VLOOKUP(A10,PLAN!B:T,12,0) -> 5 | J10: =VLOOKUP(A10,PLAN!B:AB,19,0) -> 46218 | K10: =VLOOKUP(A10,PLAN!B:AB,20,0) -> M5 | O10: =VLOOKUP(A10,PLAN!B:AB,21,0) -> F3 | Q10: =VLOOKUP(A10,PLAN!B:AB,16,0) -> 46217
A11: Jul24-42 | B11: =VLOOKUP(A11,PLAN!B:T,5,0) -> 11133759 | C11: =VLOOKUP(A11,PLAN!B:T,6,0) -> 1456045-Q-A | D11: =VLOOKUP(A11,PLAN!B:T,7,0) -> STM180-14S CN | E11: =VLOOKUP(A11,PLAN!B:T,4,0) -> 1001912048 | F11: =VLOOKUP(A11,PLAN!B:T,9,0) -> 46227 | G11: =VLOOKUP(A11,PLAN!B:T,10,0) -> 0103544306 | H11: =VLOOKUP(A11,PLAN!B:T,11,0) -> 260709A38A | I11: =VLOOKUP(A11,PLAN!B:T,12,0) -> 5 | J11: =VLOOKUP(A11,PLAN!B:AB,19,0) -> 46218 | K11: =VLOOKUP(A11,PLAN!B:AB,20,0) -> M5 | O11: =VLOOKUP(A11,PLAN!B:AB,21,0) -> F3 | Q11: =VLOOKUP(A11,PLAN!B:AB,16,0) -> 46217
A12: Jul24-43 | B12: =VLOOKUP(A12,PLAN!B:T,5,0) -> 11133759 | C12: =VLOOKUP(A12,PLAN!B:T,6,0) -> 1456045-Q-A | D12: =VLOOKUP(A12,PLAN!B:T,7,0) -> STM180-14S CN | E12: =VLOOKUP(A12,PLAN!B:T,4,0) -> 1001912049 | F12: =VLOOKUP(A12,PLAN!B:T,9,0) -> 46227 | G12: =VLOOKUP(A12,PLAN!B:T,10,0) -> 0103544307 | H12: =VLOOKUP(A12,PLAN!B:T,11,0) -> 260709A39A | I12: =VLOOKUP(A12,PLAN!B:T,12,0) -> 5 | J12: =VLOOKUP(A12,PLAN!B:AB,19,0) -> 46218 | K12: =VLOOKUP(A12,PLAN!B:AB,20,0) -> M5 | O12: =VLOOKUP(A12,PLAN!B:AB,21,0) -> F3 | Q12: =VLOOKUP(A12,PLAN!B:AB,16,0) -> 46217
A13: Jul24-44 | B13: =VLOOKUP(A13,PLAN!B:T,5,0) -> 11133759 | C13: =VLOOKUP(A13,PLAN!B:T,6,0) -> 1456045-Q-A | D13: =VLOOKUP(A13,PLAN!B:T,7,0) -> STM180-14S CN | E13: =VLOOKUP(A13,PLAN!B:T,4,0) -> 1001912051 | F13: =VLOOKUP(A13,PLAN!B:T,9,0) -> 46227 | G13: =VLOOKUP(A13,PLAN!B:T,10,0) -> 0103544308 | H13: =VLOOKUP(A13,PLAN!B:T,11,0) -> 260709A40A | I13: =VLOOKUP(A13,PLAN!B:T,12,0) -> 5 | J13: =VLOOKUP(A13,PLAN!B:AB,19,0) -> 46218 | K13: =VLOOKUP(A13,PLAN!B:AB,20,0) -> M5 | O13: =VLOOKUP(A13,PLAN!B:AB,21,0) -> F3 | Q13: =VLOOKUP(A13,PLAN!B:AB,16,0) -> 46217
A14: Jul24-45 | B14: =VLOOKUP(A14,PLAN!B:T,5,0) -> 11133759 | C14: =VLOOKUP(A14,PLAN!B:T,6,0) -> 1456045-Q-A | D14: =VLOOKUP(A14,PLAN!B:T,7,0) -> STM180-14S CN | E14: =VLOOKUP(A14,PLAN!B:T,4,0) -> 1001912052 | F14: =VLOOKUP(A14,PLAN!B:T,9,0) -> 46227 | G14: =VLOOKUP(A14,PLAN!B:T,10,0) -> 0103544309 | H14: =VLOOKUP(A14,PLAN!B:T,11,0) -> 260709A41A | I14: =VLOOKUP(A14,PLAN!B:T,12,0) -> 5 | J14: =VLOOKUP(A14,PLAN!B:AB,19,0) -> 46218 | K14: =VLOOKUP(A14,PLAN!B:AB,20,0) -> M5 | O14: =VLOOKUP(A14,PLAN!B:AB,21,0) -> F3 | Q14: =VLOOKUP(A14,PLAN!B:AB,16,0) -> 46217
A15: Jul24-46 | B15: =VLOOKUP(A15,PLAN!B:T,5,0) -> 11133759 | C15: =VLOOKUP(A15,PLAN!B:T,6,0) -> 1456045-Q-A | D15: =VLOOKUP(A15,PLAN!B:T,7,0) -> STM180-14S CN | E15: =VLOOKUP(A15,PLAN!B:T,4,0) -> 1001912053 | F15: =VLOOKUP(A15,PLAN!B:T,9,0) -> 46227 | G15: =VLOOKUP(A15,PLAN!B:T,10,0) -> 0103544311 | H15: =VLOOKUP(A15,PLAN!B:T,11,0) -> 260709A42A | I15: =VLOOKUP(A15,PLAN!B:T,12,0) -> 5 | J15: =VLOOKUP(A15,PLAN!B:AB,19,0) -> 46218 | K15: =VLOOKUP(A15,PLAN!B:AB,20,0) -> M5 | O15: =VLOOKUP(A15,PLAN!B:AB,21,0) -> F3 | Q15: =VLOOKUP(A15,PLAN!B:AB,16,0) -> 46217
A16: Jul24-47 | B16: =VLOOKUP(A16,PLAN!B:T,5,0) -> 11133759 | C16: =VLOOKUP(A16,PLAN!B:T,6,0) -> 1456045-Q-A | D16: =VLOOKUP(A16,PLAN!B:T,7,0) -> STM180-14S CN | E16: =VLOOKUP(A16,PLAN!B:T,4,0) -> 1001912054 | F16: =VLOOKUP(A16,PLAN!B:T,9,0) -> 46227 | G16: =VLOOKUP(A16,PLAN!B:T,10,0) -> 0103544312 | H16: =VLOOKUP(A16,PLAN!B:T,11,0) -> 260709A43A | I16: =VLOOKUP(A16,PLAN!B:T,12,0) -> 5 | J16: =VLOOKUP(A16,PLAN!B:AB,19,0) -> 46218 | K16: =VLOOKUP(A16,PLAN!B:AB,20,0) -> M5 | O16: =VLOOKUP(A16,PLAN!B:AB,21,0) -> F3 | Q16: =VLOOKUP(A16,PLAN!B:AB,16,0) -> 46217
A17: Jul24-48 | B17: =VLOOKUP(A17,PLAN!B:T,5,0) -> 11133759 | C17: =VLOOKUP(A17,PLAN!B:T,6,0) -> 1456045-Q-A | D17: =VLOOKUP(A17,PLAN!B:T,7,0) -> STM180-14S CN | E17: =VLOOKUP(A17,PLAN!B:T,4,0) -> 1001912055 | F17: =VLOOKUP(A17,PLAN!B:T,9,0) -> 46227 | G17: =VLOOKUP(A17,PLAN!B:T,10,0) -> 0103544313 | H17: =VLOOKUP(A17,PLAN!B:T,11,0) -> 260709A44A | I17: =VLOOKUP(A17,PLAN!B:T,12,0) -> 5 | J17: =VLOOKUP(A17,PLAN!B:AB,19,0) -> 46218 | K17: =VLOOKUP(A17,PLAN!B:AB,20,0) -> M5 | O17: =VLOOKUP(A17,PLAN!B:AB,21,0) -> F3 | Q17: =VLOOKUP(A17,PLAN!B:AB,16,0) -> 46217
A18: Jul24-49 | B18: =VLOOKUP(A18,PLAN!B:T,5,0) -> 11133759 | C18: =VLOOKUP(A18,PLAN!B:T,6,0) -> 1456045-Q-A | D18: =VLOOKUP(A18,PLAN!B:T,7,0) -> STM180-14S CN | E18: =VLOOKUP(A18,PLAN!B:T,4,0) -> 1001912056 | F18: =VLOOKUP(A18,PLAN!B:T,9,0) -> 46227 | G18: =VLOOKUP(A18,PLAN!B:T,10,0) -> 0103544314 | H18: =VLOOKUP(A18,PLAN!B:T,11,0) -> 260709A45A | I18: =VLOOKUP(A18,PLAN!B:T,12,0) -> 5 | J18: =VLOOKUP(A18,PLAN!B:AB,19,0) -> 46218 | K18: =VLOOKUP(A18,PLAN!B:AB,20,0) -> M5 | O18: =VLOOKUP(A18,PLAN!B:AB,21,0) -> F3 | Q18: =VLOOKUP(A18,PLAN!B:AB,16,0) -> 46217
... A103: Aug04-10 | B103: =VLOOKUP(A103,PLAN!B:T,5,0) -> 11134235 | C103: =VLOOKUP(A103,PLAN!B:T,6,0) -> 1036068-S-AK | D103: =VLOOKUP(A103,PLAN!B:T,7,0) -> AHW14R001S CN | E103: =VLOOKUP(A103,PLAN!B:T,4,0) -> 1001921504 | F103: =VLOOKUP(A103,PLAN!B:T,9,0) -> 46238 | G103: =VLOOKUP(A103,PLAN!B:T,10,0) -> 0103563270 | H103: =VLOOKUP(A103,PLAN!B:T,11,0) -> 260720A25A | I103: =VLOOKUP(A103,PLAN!B:T,12,0) -> 2386 | J103: =VLOOKUP(A103,PLAN!B:AB,19,0) -> 46230 | K103: =VLOOKUP(A103,PLAN!B:AB,20,0) -> M8 | O103: =VLOOKUP(A103,PLAN!B:AB,21,0) -> CAG | Q103: =VLOOKUP(A103,PLAN!B:AB,16,0) -> 46227
A104: QA-260025-01 | B104: =VLOOKUP(A104,PLAN!B:T,5,0) -> 11105841 | C104: =VLOOKUP(A104,PLAN!B:T,6,0) -> AJ2401173-01-A | D104: =VLOOKUP(A104,PLAN!B:T,7,0) -> WAIN-CKI-300-RC CN | E104: =VLOOKUP(A104,PLAN!B:T,4,0) -> 2000127641 | F104: =VLOOKUP(A104,PLAN!B:T,9,0) -> 46234 | G104: =VLOOKUP(A104,PLAN!B:T,10,0) -> 0103565404 | H104: =VLOOKUP(A104,PLAN!B:T,11,0) -> 260720Y08A | I104: =VLOOKUP(A104,PLAN!B:T,12,0) -> 3 | J104: =VLOOKUP(A104,PLAN!B:AB,19,0) -> N/A | K104: =VLOOKUP(A104,PLAN!B:AB,20,0) -> 0 | O104: =VLOOKUP(A104,PLAN!B:AB,21,0) -> F2 | Q104: Bio-1
A105: QA-260025-02 | B105: =VLOOKUP(A105,PLAN!B:T,5,0) -> 11105841 | C105: =VLOOKUP(A105,PLAN!B:T,6,0) -> AJ2401173-01-A | D105: =VLOOKUP(A105,PLAN!B:T,7,0) -> WAIN-CKI-300-RC CN | E105: =VLOOKUP(A105,PLAN!B:T,4,0) -> 2000127642 | F105: =VLOOKUP(A105,PLAN!B:T,9,0) -> 46234 | G105: =VLOOKUP(A105,PLAN!B:T,10,0) -> 0103565406 | H105: =VLOOKUP(A105,PLAN!B:T,11,0) -> 260720Y08D | I105: =VLOOKUP(A105,PLAN!B:T,12,0) -> 9 | J105: =VLOOKUP(A105,PLAN!B:AB,19,0) -> 46241 | K105: =VLOOKUP(A105,PLAN!B:AB,20,0) -> 0 | O105: =VLOOKUP(A105,PLAN!B:AB,21,0) -> F2 | Q105: Bio-1
A106: QA-260025-03 | B106: =VLOOKUP(A106,PLAN!B:T,5,0) -> 11105841 | C106: =VLOOKUP(A106,PLAN!B:T,6,0) -> AJ2401173-01-A | D106: =VLOOKUP(A106,PLAN!B:T,7,0) -> WAIN-CKI-300-RC CN | E106: =VLOOKUP(A106,PLAN!B:T,4,0) -> 2000127643 | F106: =VLOOKUP(A106,PLAN!B:T,9,0) -> 46234 | G106: =VLOOKUP(A106,PLAN!B:T,10,0) -> 0103565408 | H106: =VLOOKUP(A106,PLAN!B:T,11,0) -> 260720Y09A | I106: =VLOOKUP(A106,PLAN!B:T,12,0) -> 16 | J106: =VLOOKUP(A106,PLAN!B:AB,19,0) -> 46241 | K106: =VLOOKUP(A106,PLAN!B:AB,20,0) -> 0 | O106: =VLOOKUP(A106,PLAN!B:AB,21,0) -> F2 | Q106: Bio-1
A107: QA-260025-04 | B107: =VLOOKUP(A107,PLAN!B:T,5,0) -> 11105842 | C107: =VLOOKUP(A107,PLAN!B:T,6,0) -> AJ2401170-01-A | D107: =VLOOKUP(A107,PLAN!B:T,7,0) -> WAIN-CKI-300-RC MDR | E107: =VLOOKUP(A107,PLAN!B:T,4,0) -> 2000127644 | F107: =VLOOKUP(A107,PLAN!B:T,9,0) -> 46234 | G107: =VLOOKUP(A107,PLAN!B:T,10,0) -> 0103565410 | H107: =VLOOKUP(A107,PLAN!B:T,11,0) -> 260720Y10A | I107: =VLOOKUP(A107,PLAN!B:T,12,0) -> 40 | J107: =VLOOKUP(A107,PLAN!B:AB,19,0) -> 46241 | K107: =VLOOKUP(A107,PLAN!B:AB,20,0) -> 0 | O107: =VLOOKUP(A107,PLAN!B:AB,21,0) -> F2 | Q107: Bio-1
A108: QA-260025-05 | B108: =VLOOKUP(A108,PLAN!B:T,5,0) -> 11105842 | C108: =VLOOKUP(A108,PLAN!B:T,6,0) -> AJ2401170-01-A | D108: =VLOOKUP(A108,PLAN!B:T,7,0) -> WAIN-CKI-300-RC MDR | E108: =VLOOKUP(A108,PLAN!B:T,4,0) -> 2000127645 | F108: =VLOOKUP(A108,PLAN!B:T,9,0) -> 46234 | G108: =VLOOKUP(A108,PLAN!B:T,10,0) -> 0103565412 | H108: =VLOOKUP(A108,PLAN!B:T,11,0) -> 260720Y11A | I108: =VLOOKUP(A108,PLAN!B:T,12,0) -> 20 | J108: =VLOOKUP(A108,PLAN!B:AB,19,0) -> 46241 | K108: =VLOOKUP(A108,PLAN!B:AB,20,0) -> 0 | O108: =VLOOKUP(A108,PLAN!B:AB,21,0) -> F2 | Q108: Bio-1
A109: QA-260025-06 | B109: =VLOOKUP(A109,PLAN!B:T,5,0) -> 11105842 | C109: =VLOOKUP(A109,PLAN!B:T,6,0) -> AJ2401170-01-A | D109: =VLOOKUP(A109,PLAN!B:T,7,0) -> WAIN-CKI-300-RC MDR | E109: =VLOOKUP(A109,PLAN!B:T,4,0) -> 2000127646 | F109: =VLOOKUP(A109,PLAN!B:T,9,0) -> 46234 | G109: =VLOOKUP(A109,PLAN!B:T,10,0) -> 0103565414 | H109: =VLOOKUP(A109,PLAN!B:T,11,0) -> 260720Y12A | I109: =VLOOKUP(A109,PLAN!B:T,12,0) -> 3 | J109: =VLOOKUP(A109,PLAN!B:AB,19,0) -> N/A | K109: =VLOOKUP(A109,PLAN!B:AB,20,0) -> 0 | O109: =VLOOKUP(A109,PLAN!B:AB,21,0) -> F2 | Q109: Bio-1
A110: QA-260025-07 | B110: =VLOOKUP(A110,PLAN!B:T,5,0) -> 11105842 | C110: =VLOOKUP(A110,PLAN!B:T,6,0) -> AJ2401170-01-A | D110: =VLOOKUP(A110,PLAN!B:T,7,0) -> WAIN-CKI-300-RC MDR | E110: =VLOOKUP(A110,PLAN!B:T,4,0) -> 2000127647 | F110: =VLOOKUP(A110,PLAN!B:T,9,0) -> 46234 | G110: =VLOOKUP(A110,PLAN!B:T,10,0) -> 0103565416 | H110: =VLOOKUP(A110,PLAN!B:T,11,0) -> 260720Y13A | I110: =VLOOKUP(A110,PLAN!B:T,12,0) -> 10 | J110: =VLOOKUP(A110,PLAN!B:AB,19,0) -> 46241 | K110: =VLOOKUP(A110,PLAN!B:AB,20,0) -> 0 | O110: =VLOOKUP(A110,PLAN!B:AB,21,0) -> F2 | Q110: Bio-1
A111: QA-260025-08 | B111: =VLOOKUP(A111,PLAN!B:T,5,0) -> 11105842 | C111: =VLOOKUP(A111,PLAN!B:T,6,0) -> AJ2401170-01-A | D111: =VLOOKUP(A111,PLAN!B:T,7,0) -> WAIN-CKI-300-RC MDR | E111: =VLOOKUP(A111,PLAN!B:T,4,0) -> 2000127648 | F111: =VLOOKUP(A111,PLAN!B:T,9,0) -> 46234 | G111: =VLOOKUP(A111,PLAN!B:T,10,0) -> 0103565418 | H111: =VLOOKUP(A111,PLAN!B:T,11,0) -> 260720Y14A | I111: =VLOOKUP(A111,PLAN!B:T,12,0) -> 3 | J111: =VLOOKUP(A111,PLAN!B:AB,19,0) -> N/A | K111: =VLOOKUP(A111,PLAN!B:AB,20,0) -> 0 | O111: =VLOOKUP(A111,PLAN!B:AB,21,0) -> F2 | Q111: Bio-1
A112: QA-260025-09 | B112: =VLOOKUP(A112,PLAN!B:T,5,0) -> 11105842 | C112: =VLOOKUP(A112,PLAN!B:T,6,0) -> AJ2401170-01-A | D112: =VLOOKUP(A112,PLAN!B:T,7,0) -> WAIN-CKI-300-RC MDR | E112: =VLOOKUP(A112,PLAN!B:T,4,0) -> 2000127649 | F112: =VLOOKUP(A112,PLAN!B:T,9,0) -> 46234 | G112: =VLOOKUP(A112,PLAN!B:T,10,0) -> 0103565420 | H112: =VLOOKUP(A112,PLAN!B:T,11,0) -> 260720Y14D | I112: =VLOOKUP(A112,PLAN!B:T,12,0) -> 9 | J112: =VLOOKUP(A112,PLAN!B:AB,19,0) -> 46241 | K112: =VLOOKUP(A112,PLAN!B:AB,20,0) -> 0 | O112: =VLOOKUP(A112,PLAN!B:AB,21,0) -> F2 | Q112: Bio-1
A113: QA-260025-10 | B113: =VLOOKUP(A113,PLAN!B:T,5,0) -> 11105842 | C113: =VLOOKUP(A113,PLAN!B:T,6,0) -> AJ2401170-01-A | D113: =VLOOKUP(A113,PLAN!B:T,7,0) -> WAIN-CKI-300-RC MDR | E113: =VLOOKUP(A113,PLAN!B:T,4,0) -> 2000127650 | F113: =VLOOKUP(A113,PLAN!B:T,9,0) -> 46234 | G113: =VLOOKUP(A113,PLAN!B:T,10,0) -> 0103565422 | H113: =VLOOKUP(A113,PLAN!B:T,11,0) -> 260720Y15A | I113: =VLOOKUP(A113,PLAN!B:T,12,0) -> 15 | J113: =VLOOKUP(A113,PLAN!B:AB,19,0) -> 46241 | K113: =VLOOKUP(A113,PLAN!B:AB,20,0) -> 0 | O113: =VLOOKUP(A113,PLAN!B:AB,21,0) -> F2 | Q113: Bio-1
A114: QA-260025-11 | B114: =VLOOKUP(A114,PLAN!B:T,5,0) -> 11105843 | C114: =VLOOKUP(A114,PLAN!B:T,6,0) -> AJ2401189-01-A | D114: =VLOOKUP(A114,PLAN!B:T,7,0) -> WAIN-CKI-200-BS CN | E114: =VLOOKUP(A114,PLAN!B:T,4,0) -> 2000127651 | F114: =VLOOKUP(A114,PLAN!B:T,9,0) -> 46234 | G114: =VLOOKUP(A114,PLAN!B:T,10,0) -> 0103565424 | H114: =VLOOKUP(A114,PLAN!B:T,11,0) -> 260720Y16A | I114: =VLOOKUP(A114,PLAN!B:T,12,0) -> 3 | J114: =VLOOKUP(A114,PLAN!B:AB,19,0) -> N/A | K114: =VLOOKUP(A114,PLAN!B:AB,20,0) -> 0 | O114: =VLOOKUP(A114,PLAN!B:AB,21,0) -> F2 | Q114: Bio-1
A115: QA-260025-12 | B115: =VLOOKUP(A115,PLAN!B:T,5,0) -> 11105843 | C115: =VLOOKUP(A115,PLAN!B:T,6,0) -> AJ2401189-01-A | D115: =VLOOKUP(A115,PLAN!B:T,7,0) -> WAIN-CKI-200-BS CN | E115: =VLOOKUP(A115,PLAN!B:T,4,0) -> 2000127652 | F115: =VLOOKUP(A115,PLAN!B:T,9,0) -> 46234 | G115: =VLOOKUP(A115,PLAN!B:T,10,0) -> 0103565426 | H115: =VLOOKUP(A115,PLAN!B:T,11,0) -> 260720Y16B | I115: =VLOOKUP(A115,PLAN!B:T,12,0) -> 6 | J115: =VLOOKUP(A115,PLAN!B:AB,19,0) -> 46241 | K115: =VLOOKUP(A115,PLAN!B:AB,20,0) -> 0 | O115: =VLOOKUP(A115,PLAN!B:AB,21,0) -> F2 | Q115: Bio-1
A116: QA-260025-13 | B116: =VLOOKUP(A116,PLAN!B:T,5,0) -> 11105843 | C116: =VLOOKUP(A116,PLAN!B:T,6,0) -> AJ2401189-01-A | D116: =VLOOKUP(A116,PLAN!B:T,7,0) -> WAIN-CKI-200-BS CN | E116: =VLOOKUP(A116,PLAN!B:T,4,0) -> 2000127653 | F116: =VLOOKUP(A116,PLAN!B:T,9,0) -> 46234 | G116: =VLOOKUP(A116,PLAN!B:T,10,0) -> 0103565428 | H116: =VLOOKUP(A116,PLAN!B:T,11,0) -> 260720Y16D | I116: =VLOOKUP(A116,PLAN!B:T,12,0) -> 9 | J116: =VLOOKUP(A116,PLAN!B:AB,19,0) -> 46241 | K116: =VLOOKUP(A116,PLAN!B:AB,20,0) -> 0 | O116: =VLOOKUP(A116,PLAN!B:AB,21,0) -> F2 | Q116: Bio-1
A117: Aug05-01 | B117: =VLOOKUP(A117,PLAN!B:T,5,0) -> 11134235 | C117: =VLOOKUP(A117,PLAN!B:T,6,0) -> 1036068-S-AK | D117: =VLOOKUP(A117,PLAN!B:T,7,0) -> AHW14R001S CN | E117: =VLOOKUP(A117,PLAN!B:T,4,0) -> 1001923820 | F117: =VLOOKUP(A117,PLAN!B:T,9,0) -> 46239 | G117: =VLOOKUP(A117,PLAN!B:T,10,0) -> 0103567533 | H117: =VLOOKUP(A117,PLAN!B:T,11,0) -> 260721A01A | I117: =VLOOKUP(A117,PLAN!B:T,12,0) -> 3586 | J117: =VLOOKUP(A117,PLAN!B:AB,19,0) -> 46231 | K117: =VLOOKUP(A117,PLAN!B:AB,20,0) -> M1 | O117: =VLOOKUP(A117,PLAN!B:AB,21,0) -> F3 | Q117: =VLOOKUP(A117,PLAN!B:AB,16,0) -> 46230
A118: Aug05-02 | B118: =VLOOKUP(A118,PLAN!B:T,5,0) -> 11134235 | C118: =VLOOKUP(A118,PLAN!B:T,6,0) -> 1036068-S-AK | D118: =VLOOKUP(A118,PLAN!B:T,7,0) -> AHW14R001S CN | E118: =VLOOKUP(A118,PLAN!B:T,4,0) -> 1001923821 | F118: =VLOOKUP(A118,PLAN!B:T,9,0) -> 46239 | G118: =VLOOKUP(A118,PLAN!B:T,10,0) -> 0103567534 | H118: =VLOOKUP(A118,PLAN!B:T,11,0) -> 260721A02A | I118: =VLOOKUP(A118,PLAN!B:T,12,0) -> 3586 | J118: =VLOOKUP(A118,PLAN!B:AB,19,0) -> 46231 | K118: =VLOOKUP(A118,PLAN!B:AB,20,0) -> M2 | O118: =VLOOKUP(A118,PLAN!B:AB,21,0) -> F3 | Q118: =VLOOKUP(A118,PLAN!B:AB,16,0) -> 46230
A119: Aug05-03 | B119: =VLOOKUP(A119,PLAN!B:T,5,0) -> 11134237 | C119: =VLOOKUP(A119,PLAN!B:T,6,0) -> 1436196-Q-A | D119: =VLOOKUP(A119,PLAN!B:T,7,0) -> AHW14R004S CN | E119: =VLOOKUP(A119,PLAN!B:T,4,0) -> 1001923822 | F119: =VLOOKUP(A119,PLAN!B:T,9,0) -> 46239 | G119: =VLOOKUP(A119,PLAN!B:T,10,0) -> 0103567535 | H119: =VLOOKUP(A119,PLAN!B:T,11,0) -> 260721A03A | I119: =VLOOKUP(A119,PLAN!B:T,12,0) -> 2389 | J119: =VLOOKUP(A119,PLAN!B:AB,19,0) -> 46231 | K119: =VLOOKUP(A119,PLAN!B:AB,20,0) -> M3 | O119: =VLOOKUP(A119,PLAN!B:AB,21,0) -> F3 | Q119: =VLOOKUP(A119,PLAN!B:AB,16,0) -> 46230
A120: Auh15-01 | B120: =VLOOKUP(A120,PLAN!B:T,5,0) -> 11133764 | C120: =VLOOKUP(A120,PLAN!B:T,6,0) -> 1456050-Q-A | D120: =VLOOKUP(A120,PLAN!B:T,7,0) -> STM180-18S CN | E120: =VLOOKUP(A120,PLAN!B:T,4,0) -> 1001923823 | F120: =VLOOKUP(A120,PLAN!B:T,9,0) -> 46249 | G120: =VLOOKUP(A120,PLAN!B:T,10,0) -> 0103567536 | H120: =VLOOKUP(A120,PLAN!B:T,11,0) -> 260721A04A | I120: =VLOOKUP(A120,PLAN!B:T,12,0) -> 482 | J120: =VLOOKUP(A120,PLAN!B:AB,19,0) -> 46231 | K120: =VLOOKUP(A120,PLAN!B:AB,20,0) -> M4 | O120: =VLOOKUP(A120,PLAN!B:AB,21,0) -> F3 | Q120: =VLOOKUP(A120,PLAN!B:AB,16,0) -> 46230
A121: Auh15-02 | B121: =VLOOKUP(A121,PLAN!B:T,5,0) -> 11133764 | C121: =VLOOKUP(A121,PLAN!B:T,6,0) -> 1456050-Q-A | D121: =VLOOKUP(A121,PLAN!B:T,7,0) -> STM180-18S CN | E121: =VLOOKUP(A121,PLAN!B:T,4,0) -> 1001923824 | F121: =VLOOKUP(A121,PLAN!B:T,9,0) -> 46249 | G121: =VLOOKUP(A121,PLAN!B:T,10,0) -> 0103567537 | H121: =VLOOKUP(A121,PLAN!B:T,11,0) -> 260721A05A | I121: =VLOOKUP(A121,PLAN!B:T,12,0) -> 1659 | J121: =VLOOKUP(A121,PLAN!B:AB,19,0) -> 46231 | K121: =VLOOKUP(A121,PLAN!B:AB,20,0) -> M4 | O121: =VLOOKUP(A121,PLAN!B:AB,21,0) -> F3 | Q121: =VLOOKUP(A121,PLAN!B:AB,16,0) -> 46230
A122: Aug05-04 | B122: =VLOOKUP(A122,PLAN!B:T,5,0) -> 11134241 | C122: =VLOOKUP(A122,PLAN!B:T,6,0) -> 1436298-J-AK | D122: =VLOOKUP(A122,PLAN!B:T,7,0) -> APW14R005S CN | E122: =VLOOKUP(A122,PLAN!B:T,4,0) -> 1001923825 | F122: =VLOOKUP(A122,PLAN!B:T,9,0) -> 46239 | G122: =VLOOKUP(A122,PLAN!B:T,10,0) -> 0103567538 | H122: =VLOOKUP(A122,PLAN!B:T,11,0) -> 260721A06A | I122: =VLOOKUP(A122,PLAN!B:T,12,0) -> 124 | J122: =VLOOKUP(A122,PLAN!B:AB,19,0) -> 46231 | K122: =VLOOKUP(A122,PLAN!B:AB,20,0) -> M5 | O122: =VLOOKUP(A122,PLAN!B:AB,21,0) -> F3 | Q122: =VLOOKUP(A122,PLAN!B:AB,16,0) -> 46230
A123: Aug05-05 | B123: =VLOOKUP(A123,PLAN!B:T,5,0) -> 11134241 | C123: =VLOOKUP(A123,PLAN!B:T,6,0) -> 1436298-J-AK | D123: =VLOOKUP(A123,PLAN!B:T,7,0) -> APW14R005S CN | E123: =VLOOKUP(A123,PLAN!B:T,4,0) -> 1001923826 | F123: =VLOOKUP(A123,PLAN!B:T,9,0) -> 46239 | G123: =VLOOKUP(A123,PLAN!B:T,10,0) -> 0103567539 | H123: =VLOOKUP(A123,PLAN!B:T,11,0) -> 260721A07A | I123: =VLOOKUP(A123,PLAN!B:T,12,0) -> 3469 | J123: =VLOOKUP(A123,PLAN!B:AB,19,0) -> 46231 | K123: =VLOOKUP(A123,PLAN!B:AB,20,0) -> M5 | O123: =VLOOKUP(A123,PLAN!B:AB,21,0) -> F3 | Q123: =VLOOKUP(A123,PLAN!B:AB,16,0) -> 46230
A124: Aug05-06 | B124: =VLOOKUP(A124,PLAN!B:T,5,0) -> 11134236 | C124: =VLOOKUP(A124,PLAN!B:T,6,0) -> 1136431-Q-AK | D124: =VLOOKUP(A124,PLAN!B:T,7,0) -> AHW14R007P CN | E124: =VLOOKUP(A124,PLAN!B:T,4,0) -> 1001923827 | F124: =VLOOKUP(A124,PLAN!B:T,9,0) -> 46239 | G124: =VLOOKUP(A124,PLAN!B:T,10,0) -> 0103567540 | H124: =VLOOKUP(A124,PLAN!B:T,11,0) -> 260721A08A | I124: =VLOOKUP(A124,PLAN!B:T,12,0) -> 190 | J124: =VLOOKUP(A124,PLAN!B:AB,19,0) -> 46231 | K124: =VLOOKUP(A124,PLAN!B:AB,20,0) -> M6 | O124: =VLOOKUP(A124,PLAN!B:AB,21,0) -> F2 | Q124: =VLOOKUP(A124,PLAN!B:AB,16,0) -> 46230
A125: Aug05-07 | B125: =VLOOKUP(A125,PLAN!B:T,5,0) -> 11134236 | C125: =VLOOKUP(A125,PLAN!B:T,6,0) -> 1136431-Q-AK | D125: =VLOOKUP(A125,PLAN!B:T,7,0) -> AHW14R007P CN | E125: =VLOOKUP(A125,PLAN!B:T,4,0) -> 1001923829 | F125: =VLOOKUP(A125,PLAN!B:T,9,0) -> 46239 | G125: =VLOOKUP(A125,PLAN!B:T,10,0) -> 0103567541 | H125: =VLOOKUP(A125,PLAN!B:T,11,0) -> 260721A09A | I125: =VLOOKUP(A125,PLAN!B:T,12,0) -> 3380 | J125: =VLOOKUP(A125,PLAN!B:AB,19,0) -> 46231 | K125: =VLOOKUP(A125,PLAN!B:AB,20,0) -> M6 | O125: =VLOOKUP(A125,PLAN!B:AB,21,0) -> F2 | Q125: =VLOOKUP(A125,PLAN!B:AB,16,0) -> 46230
A126: Aug05-08 | B126: =VLOOKUP(A126,PLAN!B:T,5,0) -> 11111223 | C126: =VLOOKUP(A126,PLAN!B:T,6,0) -> 1631042-F-A | D126: =VLOOKUP(A126,PLAN!B:T,7,0) -> AMS-180-1445 JP | E126: =VLOOKUP(A126,PLAN!B:T,4,0) -> 1001923831 | F126: =VLOOKUP(A126,PLAN!B:T,9,0) -> 46236 | G126: =VLOOKUP(A126,PLAN!B:T,10,0) -> 0103567543 | H126: =VLOOKUP(A126,PLAN!B:T,11,0) -> 260721A10A | I126: =VLOOKUP(A126,PLAN!B:T,12,0) -> 196 | J126: =VLOOKUP(A126,PLAN!B:AB,19,0) -> 46233 | K126: =VLOOKUP(A126,PLAN!B:AB,20,0) -> M8 | O126: =VLOOKUP(A126,PLAN!B:AB,21,0) -> F2 | Q126: =VLOOKUP(A126,PLAN!B:AB,16,0) -> 46230
A127: Aug05-09 | B127: =VLOOKUP(A127,PLAN!B:T,5,0) -> 11134329 | C127: =VLOOKUP(A127,PLAN!B:T,6,0) -> 2331157-A-A | D127: =VLOOKUP(A127,PLAN!B:T,7,0) -> WAIN-CKI-200 CE4 | E127: =VLOOKUP(A127,PLAN!B:T,4,0) -> 1001923834 | F127: =VLOOKUP(A127,PLAN!B:T,9,0) -> 46239 | G127: =VLOOKUP(A127,PLAN!B:T,10,0) -> 0103567545 | H127: =VLOOKUP(A127,PLAN!B:T,11,0) -> 260721A11A | I127: =VLOOKUP(A127,PLAN!B:T,12,0) -> 200 | J127: =VLOOKUP(A127,PLAN!B:AB,19,0) -> 46231 | K127: =VLOOKUP(A127,PLAN!B:AB,20,0) -> M7 | O127: =VLOOKUP(A127,PLAN!B:AB,21,0) -> F2 | Q127: =VLOOKUP(A127,PLAN!B:AB,16,0) -> 46230
A128: Aug05-10 | B128: =VLOOKUP(A128,PLAN!B:T,5,0) -> 11125004 | C128: =VLOOKUP(A128,PLAN!B:T,6,0) -> 1831221-C-AK | D128: =VLOOKUP(A128,PLAN!B:T,7,0) -> AH14R008PR JP | E128: =VLOOKUP(A128,PLAN!B:T,4,0) -> 1001923836 | F128: =VLOOKUP(A128,PLAN!B:T,9,0) -> 46239 | G128: =VLOOKUP(A128,PLAN!B:T,10,0) -> 0103567547 | H128: =VLOOKUP(A128,PLAN!B:T,11,0) -> 260721A12A | I128: =VLOOKUP(A128,PLAN!B:T,12,0) -> 5 | J128: =VLOOKUP(A128,PLAN!B:AB,19,0) -> 46231 | K128: =VLOOKUP(A128,PLAN!B:AB,20,0) -> M7 | O128: =VLOOKUP(A128,PLAN!B:AB,21,0) -> F2 | Q128: =VLOOKUP(A128,PLAN!B:AB,16,0) -> 46230
... A306: Aug14-23 | B306: =VLOOKUP(A306,PLAN!B:T,5,0) -> 11134239 | C306: =VLOOKUP(A306,PLAN!B:T,6,0) -> 1436292-K-AK | D306: =VLOOKUP(A306,PLAN!B:T,7,0) -> AHW14R011P CN | E306: =VLOOKUP(A306,PLAN!B:T,4,0) -> 1001930164 | F306: =VLOOKUP(A306,PLAN!B:T,9,0) -> 46248 | G306: =VLOOKUP(A306,PLAN!B:T,10,0) -> 0103580098 | H306: =VLOOKUP(A306,PLAN!B:T,11,0) -> 260727A62A | I306: =VLOOKUP(A306,PLAN!B:T,12,0) -> 600 | J306: =VLOOKUP(A306,PLAN!B:AB,19,0) -> 46237 | K306: =VLOOKUP(A306,PLAN!B:AB,20,0) -> M8 | O306: =VLOOKUP(A306,PLAN!B:AB,21,0) -> CAG | Q306: =VLOOKUP(A306,PLAN!B:AB,16,0) -> 46235
A307: Aug03-09 | B307: =VLOOKUP(A307,PLAN!B:T,5,0) -> 11132335 | C307: =VLOOKUP(A307,PLAN!B:T,6,0) -> 1731161-F-A | D307: =VLOOKUP(A307,PLAN!B:T,7,0) -> AHW14R013P US | E307: =VLOOKUP(A307,PLAN!B:T,4,0) -> 4000017424 | F307: =VLOOKUP(A307,PLAN!B:T,9,0) -> 46237 | G307: =VLOOKUP(A307,PLAN!B:T,10,0) -> 0103581484 | H307: =VLOOKUP(A307,PLAN!B:T,11,0) -> 260511A43B | I307: =VLOOKUP(A307,PLAN!B:T,12,0) -> 30 | J307: =VLOOKUP(A307,PLAN!B:AB,19,0) -> 46233 | K307: =VLOOKUP(A307,PLAN!B:AB,20,0) -> M6 | O307: =VLOOKUP(A307,PLAN!B:AB,21,0) -> F2 | Q307: M6-30
A308: Aug03-10 | B308: =VLOOKUP(A308,PLAN!B:T,5,0) -> 11132335 | C308: =VLOOKUP(A308,PLAN!B:T,6,0) -> 1731161-F-A | D308: =VLOOKUP(A308,PLAN!B:T,7,0) -> AHW14R013P US | E308: =VLOOKUP(A308,PLAN!B:T,4,0) -> 4000017425 | F308: =VLOOKUP(A308,PLAN!B:T,9,0) -> 46237 | G308: =VLOOKUP(A308,PLAN!B:T,10,0) -> 0103581487 | H308: =VLOOKUP(A308,PLAN!B:T,11,0) -> 260606A21B | I308: =VLOOKUP(A308,PLAN!B:T,12,0) -> 185 | J308: =VLOOKUP(A308,PLAN!B:AB,19,0) -> 46233 | K308: =VLOOKUP(A308,PLAN!B:AB,20,0) -> M6 | O308: =VLOOKUP(A308,PLAN!B:AB,21,0) -> F2 | Q308: M6-30
A309: Aug03-11 | B309: =VLOOKUP(A309,PLAN!B:T,5,0) -> 11132336 | C309: =VLOOKUP(A309,PLAN!B:T,6,0) -> 1731162-F-A | D309: =VLOOKUP(A309,PLAN!B:T,7,0) -> AHW14R313S US | E309: =VLOOKUP(A309,PLAN!B:T,4,0) -> 4000017426 | F309: =VLOOKUP(A309,PLAN!B:T,9,0) -> 46237 | G309: =VLOOKUP(A309,PLAN!B:T,10,0) -> 0103582012 | H309: =VLOOKUP(A309,PLAN!B:T,11,0) -> 260408A40B | I309: =VLOOKUP(A309,PLAN!B:T,12,0) -> 10 | J309: =VLOOKUP(A309,PLAN!B:AB,19,0) -> 46233 | K309: =VLOOKUP(A309,PLAN!B:AB,20,0) -> M6 | O309: =VLOOKUP(A309,PLAN!B:AB,21,0) -> F2 | Q309: M6-30
A310: Aug15-01 | B310: =VLOOKUP(A310,PLAN!B:T,5,0) -> 11134342 | C310: =VLOOKUP(A310,PLAN!B:T,6,0) -> 1036068-S-AK-P | D310: =VLOOKUP(A310,PLAN!B:T,7,0) -> AHW14R001S CN | E310: =VLOOKUP(A310,PLAN!B:T,4,0) -> 1001930860 | F310: =VLOOKUP(A310,PLAN!B:T,9,0) -> 46249 | G310: =VLOOKUP(A310,PLAN!B:T,10,0) -> 0103582057 | H310: =VLOOKUP(A310,PLAN!B:T,11,0) -> 260729A01A | I310: =VLOOKUP(A310,PLAN!B:T,12,0) -> 3586 | J310: =VLOOKUP(A310,PLAN!B:AB,19,0) -> 46238 | K310: =VLOOKUP(A310,PLAN!B:AB,20,0) -> M1 | O310: =VLOOKUP(A310,PLAN!B:AB,21,0) -> F3 | Q310: =VLOOKUP(A310,PLAN!B:AB,16,0) -> 46237
A311: Aug15-02 | B311: =VLOOKUP(A311,PLAN!B:T,5,0) -> 11134342 | C311: =VLOOKUP(A311,PLAN!B:T,6,0) -> 1036068-S-AK-P | D311: =VLOOKUP(A311,PLAN!B:T,7,0) -> AHW14R001S CN | E311: =VLOOKUP(A311,PLAN!B:T,4,0) -> 1001930861 | F311: =VLOOKUP(A311,PLAN!B:T,9,0) -> 46249 | G311: =VLOOKUP(A311,PLAN!B:T,10,0) -> 0103582058 | H311: =VLOOKUP(A311,PLAN!B:T,11,0) -> 260729A02A | I311: =VLOOKUP(A311,PLAN!B:T,12,0) -> 3586 | J311: =VLOOKUP(A311,PLAN!B:AB,19,0) -> 46238 | K311: =VLOOKUP(A311,PLAN!B:AB,20,0) -> M2 | O311: =VLOOKUP(A311,PLAN!B:AB,21,0) -> F3 | Q311: =VLOOKUP(A311,PLAN!B:AB,16,0) -> 46237
A312: Aug15-03 | B312: =VLOOKUP(A312,PLAN!B:T,5,0) -> 11134237 | C312: =VLOOKUP(A312,PLAN!B:T,6,0) -> 1436196-Q-A | D312: =VLOOKUP(A312,PLAN!B:T,7,0) -> AHW14R004S CN | E312: =VLOOKUP(A312,PLAN!B:T,4,0) -> 1001930862 | F312: =VLOOKUP(A312,PLAN!B:T,9,0) -> 46249 | G312: =VLOOKUP(A312,PLAN!B:T,10,0) -> 0103582059 | H312: =VLOOKUP(A312,PLAN!B:T,11,0) -> 260729A03A | I312: =VLOOKUP(A312,PLAN!B:T,12,0) -> 1411 | J312: =VLOOKUP(A312,PLAN!B:AB,19,0) -> 46238 | K312: =VLOOKUP(A312,PLAN!B:AB,20,0) -> M3 | O312: =VLOOKUP(A312,PLAN!B:AB,21,0) -> F3 | Q312: =VLOOKUP(A312,PLAN!B:AB,16,0) -> 46237
A313: Aug15-04 | B313: =VLOOKUP(A313,PLAN!B:T,5,0) -> 11134237 | C313: =VLOOKUP(A313,PLAN!B:T,6,0) -> 1436196-Q-A | D313: =VLOOKUP(A313,PLAN!B:T,7,0) -> AHW14R004S CN | E313: =VLOOKUP(A313,PLAN!B:T,4,0) -> 1001930863 | F313: =VLOOKUP(A313,PLAN!B:T,9,0) -> 46249 | G313: =VLOOKUP(A313,PLAN!B:T,10,0) -> 0103582060 | H313: =VLOOKUP(A313,PLAN!B:T,11,0) -> 260729A04A | I313: =VLOOKUP(A313,PLAN!B:T,12,0) -> 969 | J313: =VLOOKUP(A313,PLAN!B:AB,19,0) -> 46238 | K313: =VLOOKUP(A313,PLAN!B:AB,20,0) -> M3 | O313: =VLOOKUP(A313,PLAN!B:AB,21,0) -> F3 | Q313: =VLOOKUP(A313,PLAN!B:AB,16,0) -> 46237
A314: Aug15-05 | B314: =VLOOKUP(A314,PLAN!B:T,5,0) -> 11135699 | C314: =VLOOKUP(A314,PLAN!B:T,6,0) -> 1356018-N-AK | D314: =VLOOKUP(A314,PLAN!B:T,7,0) -> PAGH143392 CN | E314: =VLOOKUP(A314,PLAN!B:T,4,0) -> 1001930864 | F314: =VLOOKUP(A314,PLAN!B:T,9,0) -> 46249 | G314: =VLOOKUP(A314,PLAN!B:T,10,0) -> 0103582061 | H314: =VLOOKUP(A314,PLAN!B:T,11,0) -> 260729A05A | I314: =VLOOKUP(A314,PLAN!B:T,12,0) -> 160 | J314: =VLOOKUP(A314,PLAN!B:AB,19,0) -> 46238 | K314: =VLOOKUP(A314,PLAN!B:AB,20,0) -> M4 | O314: =VLOOKUP(A314,PLAN!B:AB,21,0) -> F3 | Q314: =VLOOKUP(A314,PLAN!B:AB,16,0) -> 46237
A315: Aug15-06 | B315: =VLOOKUP(A315,PLAN!B:T,5,0) -> 11135701 | C315: =VLOOKUP(A315,PLAN!B:T,6,0) -> 1356020-N-AK | D315: =VLOOKUP(A315,PLAN!B:T,7,0) -> PAGH18M372 CN | E315: =VLOOKUP(A315,PLAN!B:T,4,0) -> 1001930865 | F315: =VLOOKUP(A315,PLAN!B:T,9,0) -> 46249 | G315: =VLOOKUP(A315,PLAN!B:T,10,0) -> 0103582062 | H315: =VLOOKUP(A315,PLAN!B:T,11,0) -> 260729A06A | I315: =VLOOKUP(A315,PLAN!B:T,12,0) -> 240 | J315: =VLOOKUP(A315,PLAN!B:AB,19,0) -> 46238 | K315: =VLOOKUP(A315,PLAN!B:AB,20,0) -> M4 | O315: =VLOOKUP(A315,PLAN!B:AB,21,0) -> F3 | Q315: =VLOOKUP(A315,PLAN!B:AB,16,0) -> 46237
A316: Aug15-07 | B316: =VLOOKUP(A316,PLAN!B:T,5,0) -> 11134236 | C316: =VLOOKUP(A316,PLAN!B:T,6,0) -> 1136431-Q-AK | D316: =VLOOKUP(A316,PLAN!B:T,7,0) -> AHW14R007P CN | E316: =VLOOKUP(A316,PLAN!B:T,4,0) -> 1001930866 | F316: =VLOOKUP(A316,PLAN!B:T,9,0) -> 46249 | G316: =VLOOKUP(A316,PLAN!B:T,10,0) -> 0103582063 | H316: =VLOOKUP(A316,PLAN!B:T,11,0) -> 260729A07A | I316: =VLOOKUP(A316,PLAN!B:T,12,0) -> 1460 | J316: =VLOOKUP(A316,PLAN!B:AB,19,0) -> 46238 | K316: =VLOOKUP(A316,PLAN!B:AB,20,0) -> M4 | O316: =VLOOKUP(A316,PLAN!B:AB,21,0) -> F3 | Q316: =VLOOKUP(A316,PLAN!B:AB,16,0) -> 46237
A317: Aug15-08 | B317: =VLOOKUP(A317,PLAN!B:T,5,0) -> 11134239 | C317: =VLOOKUP(A317,PLAN!B:T,6,0) -> 1436292-K-AK | D317: =VLOOKUP(A317,PLAN!B:T,7,0) -> AHW14R011P CN | E317: =VLOOKUP(A317,PLAN!B:T,4,0) -> 1001930867 | F317: =VLOOKUP(A317,PLAN!B:T,9,0) -> 46249 | G317: =VLOOKUP(A317,PLAN!B:T,10,0) -> 0103582064 | H317: =VLOOKUP(A317,PLAN!B:T,11,0) -> 260729A08A | I317: =VLOOKUP(A317,PLAN!B:T,12,0) -> 500 | J317: =VLOOKUP(A317,PLAN!B:AB,19,0) -> 46238 | K317: =VLOOKUP(A317,PLAN!B:AB,20,0) -> M4 | O317: =VLOOKUP(A317,PLAN!B:AB,21,0) -> F3 | Q317: =VLOOKUP(A317,PLAN!B:AB,16,0) -> 46237
A318: Aug15-09 | B318: =VLOOKUP(A318,PLAN!B:T,5,0) -> 11134239 | C318: =VLOOKUP(A318,PLAN!B:T,6,0) -> 1436292-K-AK | D318: =VLOOKUP(A318,PLAN!B:T,7,0) -> AHW14R011P CN | E318: =VLOOKUP(A318,PLAN!B:T,4,0) -> 1001930868 | F318: =VLOOKUP(A318,PLAN!B:T,9,0) -> 46249 | G318: =VLOOKUP(A318,PLAN!B:T,10,0) -> 0103582065 | H318: =VLOOKUP(A318,PLAN!B:T,11,0) -> 260729A09A | I318: =VLOOKUP(A318,PLAN!B:T,12,0) -> 2395 | J318: =VLOOKUP(A318,PLAN!B:AB,19,0) -> 46238 | K318: =VLOOKUP(A318,PLAN!B:AB,20,0) -> M5 | O318: =VLOOKUP(A318,PLAN!B:AB,21,0) -> F2 | Q318: =VLOOKUP(A318,PLAN!B:AB,16,0) -> 46237
A319: Aug15-10 | B319: =VLOOKUP(A319,PLAN!B:T,5,0) -> 11134240 | C319: =VLOOKUP(A319,PLAN!B:T,6,0) -> 1436296-J-AK | D319: =VLOOKUP(A319,PLAN!B:T,7,0) -> APW14R009S CN | E319: =VLOOKUP(A319,PLAN!B:T,4,0) -> 1001930869 | F319: =VLOOKUP(A319,PLAN!B:T,9,0) -> 46249 | G319: =VLOOKUP(A319,PLAN!B:T,10,0) -> 0103582066 | H319: =VLOOKUP(A319,PLAN!B:T,11,0) -> 260729A10A | I319: =VLOOKUP(A319,PLAN!B:T,12,0) -> 225 | J319: =VLOOKUP(A319,PLAN!B:AB,19,0) -> 46238 | K319: =VLOOKUP(A319,PLAN!B:AB,20,0) -> M6 | O319: =VLOOKUP(A319,PLAN!B:AB,21,0) -> F2 | Q319: =VLOOKUP(A319,PLAN!B:AB,16,0) -> 46237
A320: Aug15-11 | B320: =VLOOKUP(A320,PLAN!B:T,5,0) -> 11134240 | C320: =VLOOKUP(A320,PLAN!B:T,6,0) -> 1436296-J-AK | D320: =VLOOKUP(A320,PLAN!B:T,7,0) -> APW14R009S CN | E320: =VLOOKUP(A320,PLAN!B:T,4,0) -> 1001930870 | F320: =VLOOKUP(A320,PLAN!B:T,9,0) -> 46249 | G320: =VLOOKUP(A320,PLAN!B:T,10,0) -> 0103582067 | H320: =VLOOKUP(A320,PLAN!B:T,11,0) -> 260729A11A | I320: =VLOOKUP(A320,PLAN!B:T,12,0) -> 1780 | J320: =VLOOKUP(A320,PLAN!B:AB,19,0) -> 46238 | K320: =VLOOKUP(A320,PLAN!B:AB,20,0) -> M6 | O320: =VLOOKUP(A320,PLAN!B:AB,21,0) -> F2 | Q320: =VLOOKUP(A320,PLAN!B:AB,16,0) -> 46237
A321: Aug15-12 | B321: =VLOOKUP(A321,PLAN!B:T,5,0) -> 11134241 | C321: =VLOOKUP(A321,PLAN!B:T,6,0) -> 1436298-J-AK | D321: =VLOOKUP(A321,PLAN!B:T,7,0) -> APW14R005S CN | E321: =VLOOKUP(A321,PLAN!B:T,4,0) -> 1001930871 | F321: =VLOOKUP(A321,PLAN!B:T,9,0) -> 46249 | G321: =VLOOKUP(A321,PLAN!B:T,10,0) -> 0103582068 | H321: =VLOOKUP(A321,PLAN!B:T,11,0) -> 260729A12A | I321: =VLOOKUP(A321,PLAN!B:T,12,0) -> 1569 | J321: =VLOOKUP(A321,PLAN!B:AB,19,0) -> 46238 | K321: =VLOOKUP(A321,PLAN!B:AB,20,0) -> M6 | O321: =VLOOKUP(A321,PLAN!B:AB,21,0) -> F2 | Q321: =VLOOKUP(A321,PLAN!B:AB,16,0) -> 46237
... A358: Aug17-08 | B358: =VLOOKUP(A358,PLAN!B:T,5,0) -> 11134237 | C358: =VLOOKUP(A358,PLAN!B:T,6,0) -> 1436196-Q-A | D358: =VLOOKUP(A358,PLAN!B:T,7,0) -> AHW14R004S CN | E358: =VLOOKUP(A358,PLAN!B:T,4,0) -> 1001931487 | F358: =VLOOKUP(A358,PLAN!B:T,9,0) -> 46251 | G358: =VLOOKUP(A358,PLAN!B:T,10,0) -> 0103583043 | H358: =VLOOKUP(A358,PLAN!B:T,11,0) -> 260729A50A | I358: =VLOOKUP(A358,PLAN!B:T,12,0) -> 1196 | J358: =VLOOKUP(A358,PLAN!B:AB,19,0) -> 46239 | K358: =VLOOKUP(A358,PLAN!B:AB,20,0) -> M9 | O358: =VLOOKUP(A358,PLAN!B:AB,21,0) -> CAG | Q358: =VLOOKUP(A358,PLAN!B:AB,16,0) -> 46238
A359: Aug03-12 | B359: =VLOOKUP(A359,PLAN!B:T,5,0) -> 11132335 | C359: =VLOOKUP(A359,PLAN!B:T,6,0) -> 1731161-F-A | D359: =VLOOKUP(A359,PLAN!B:T,7,0) -> AHW14R013P US | E359: =VLOOKUP(A359,PLAN!B:T,4,0) -> 1001931661 | F359: =VLOOKUP(A359,PLAN!B:T,9,0) -> 46237 | G359: =VLOOKUP(A359,PLAN!B:T,10,0) -> 0103583709 | H359: =VLOOKUP(A359,PLAN!B:T,11,0) -> 260729A51A | I359: =VLOOKUP(A359,PLAN!B:T,12,0) -> 150 | J359: =VLOOKUP(A359,PLAN!B:AB,19,0) -> 46233 | K359: =VLOOKUP(A359,PLAN!B:AB,20,0) -> M6 | O359: =VLOOKUP(A359,PLAN!B:AB,21,0) -> F2 | Q359: M6-30-1
A360: Aug17-09 | B360: =VLOOKUP(A360,PLAN!B:T,5,0) -> 11113866 | C360: =VLOOKUP(A360,PLAN!B:T,6,0) -> 1831227-B-AK | D360: =VLOOKUP(A360,PLAN!B:T,7,0) -> AGH146010R JP | E360: =VLOOKUP(A360,PLAN!B:T,4,0) -> 1001931985 | F360: =VLOOKUP(A360,PLAN!B:T,9,0) -> 46248 | G360: =VLOOKUP(A360,PLAN!B:T,10,0) -> 0103584114 | H360: =VLOOKUP(A360,PLAN!B:T,11,0) -> 260729A52A | I360: =VLOOKUP(A360,PLAN!B:T,12,0) -> 10 | J360: =VLOOKUP(A360,PLAN!B:AB,19,0) -> 46241 | K360: =VLOOKUP(A360,PLAN!B:AB,20,0) -> M8 | O360: =VLOOKUP(A360,PLAN!B:AB,21,0) -> CAG | Q360: =VLOOKUP(A360,PLAN!B:AB,16,0) -> 46238
A361: Aug17-10 | B361: =VLOOKUP(A361,PLAN!B:T,5,0) -> 11124966 | C361: =VLOOKUP(A361,PLAN!B:T,6,0) -> 1831180-C-A | D361: =VLOOKUP(A361,PLAN!B:T,7,0) -> AH10S302SR JP | E361: =VLOOKUP(A361,PLAN!B:T,4,0) -> 1001931987 | F361: =VLOOKUP(A361,PLAN!B:T,9,0) -> 46251 | G361: =VLOOKUP(A361,PLAN!B:T,10,0) -> 0103584116 | H361: =VLOOKUP(A361,PLAN!B:T,11,0) -> 260729A53A | I361: =VLOOKUP(A361,PLAN!B:T,12,0) -> 5 | J361: =VLOOKUP(A361,PLAN!B:AB,19,0) -> 46239 | K361: =VLOOKUP(A361,PLAN!B:AB,20,0) -> M6 | O361: =VLOOKUP(A361,PLAN!B:AB,21,0) -> F2 | Q361: =VLOOKUP(A361,PLAN!B:AB,16,0) -> 46238
A362: Aug17-11 | B362: =VLOOKUP(A362,PLAN!B:T,5,0) -> 11125044 | C362: =VLOOKUP(A362,PLAN!B:T,6,0) -> 1831261-C-AK | D362: =VLOOKUP(A362,PLAN!B:T,7,0) -> PAGH18M072R JP | E362: =VLOOKUP(A362,PLAN!B:T,4,0) -> 1001931988 | F362: =VLOOKUP(A362,PLAN!B:T,9,0) -> 46251 | G362: =VLOOKUP(A362,PLAN!B:T,10,0) -> 0103584118 | H362: =VLOOKUP(A362,PLAN!B:T,11,0) -> 260729A54A | I362: =VLOOKUP(A362,PLAN!B:T,12,0) -> 5 | J362: =VLOOKUP(A362,PLAN!B:AB,19,0) -> 46239 | K362: =VLOOKUP(A362,PLAN!B:AB,20,0) -> M6 | O362: =VLOOKUP(A362,PLAN!B:AB,21,0) -> F2 | Q362: =VLOOKUP(A362,PLAN!B:AB,16,0) -> 46238
A363: Aug17-12 | B363: =VLOOKUP(A363,PLAN!B:T,5,0) -> 11125017 | C363: =VLOOKUP(A363,PLAN!B:T,6,0) -> 1831234-C-AK | D363: =VLOOKUP(A363,PLAN!B:T,7,0) -> PAGH18M071R JP | E363: =VLOOKUP(A363,PLAN!B:T,4,0) -> 1001931989 | F363: =VLOOKUP(A363,PLAN!B:T,9,0) -> 46251 | G363: =VLOOKUP(A363,PLAN!B:T,10,0) -> 0103584119 | H363: =VLOOKUP(A363,PLAN!B:T,11,0) -> 260729A55A | I363: =VLOOKUP(A363,PLAN!B:T,12,0) -> 5 | J363: =VLOOKUP(A363,PLAN!B:AB,19,0) -> 46239 | K363: =VLOOKUP(A363,PLAN!B:AB,20,0) -> M6 | O363: =VLOOKUP(A363,PLAN!B:AB,21,0) -> F2 | Q363: =VLOOKUP(A363,PLAN!B:AB,16,0) -> 46238
A364: Aug17-13 | B364: =VLOOKUP(A364,PLAN!B:T,5,0) -> 11132335 | C364: =VLOOKUP(A364,PLAN!B:T,6,0) -> 1731161-F-A | D364: =VLOOKUP(A364,PLAN!B:T,7,0) -> AHW14R013P US | E364: =VLOOKUP(A364,PLAN!B:T,4,0) -> 1001931990 | F364: =VLOOKUP(A364,PLAN!B:T,9,0) -> 46251 | G364: =VLOOKUP(A364,PLAN!B:T,10,0) -> 0103584120 | H364: =VLOOKUP(A364,PLAN!B:T,11,0) -> 260729A56A | I364: =VLOOKUP(A364,PLAN!B:T,12,0) -> 895 | J364: =VLOOKUP(A364,PLAN!B:AB,19,0) -> 46241 | K364: =VLOOKUP(A364,PLAN!B:AB,20,0) -> M11 | O364: =VLOOKUP(A364,PLAN!B:AB,21,0) -> F2 | Q364: =VLOOKUP(A364,PLAN!B:AB,16,0) -> 46238
A365: Aug17-14 | B365: =VLOOKUP(A365,PLAN!B:T,5,0) -> 11132336 | C365: =VLOOKUP(A365,PLAN!B:T,6,0) -> 1731162-F-A | D365: =VLOOKUP(A365,PLAN!B:T,7,0) -> AHW14R313S US | E365: =VLOOKUP(A365,PLAN!B:T,4,0) -> 1001931991 | F365: =VLOOKUP(A365,PLAN!B:T,9,0) -> 46251 | G365: =VLOOKUP(A365,PLAN!B:T,10,0) -> 0103584121 | H365: =VLOOKUP(A365,PLAN!B:T,11,0) -> 260729A57A | I365: =VLOOKUP(A365,PLAN!B:T,12,0) -> 65 | J365: =VLOOKUP(A365,PLAN!B:AB,19,0) -> 46241 | K365: =VLOOKUP(A365,PLAN!B:AB,20,0) -> M11 | O365: =VLOOKUP(A365,PLAN!B:AB,21,0) -> F2 | Q365: =VLOOKUP(A365,PLAN!B:AB,16,0) -> 46238
A366: Aug17-15 | B366: =VLOOKUP(A366,PLAN!B:T,5,0) -> 11132337 | C366: =VLOOKUP(A366,PLAN!B:T,6,0) -> 1731163-F-A | D366: =VLOOKUP(A366,PLAN!B:T,7,0) -> AHW14R313P US | E366: =VLOOKUP(A366,PLAN!B:T,4,0) -> 1001931992 | F366: =VLOOKUP(A366,PLAN!B:T,9,0) -> 46251 | G366: =VLOOKUP(A366,PLAN!B:T,10,0) -> 0103584122 | H366: =VLOOKUP(A366,PLAN!B:T,11,0) -> 260729A58A | I366: =VLOOKUP(A366,PLAN!B:T,12,0) -> 135 | J366: =VLOOKUP(A366,PLAN!B:AB,19,0) -> 46241 | K366: =VLOOKUP(A366,PLAN!B:AB,20,0) -> M11 | O366: =VLOOKUP(A366,PLAN!B:AB,21,0) -> F2 | Q366: =VLOOKUP(A366,PLAN!B:AB,16,0) -> 46238
A367: Aug17-16 | B367: =VLOOKUP(A367,PLAN!B:T,5,0) -> 11132334 | C367: =VLOOKUP(A367,PLAN!B:T,6,0) -> 1731160-F-A | D367: =VLOOKUP(A367,PLAN!B:T,7,0) -> AHW14R013S US | E367: =VLOOKUP(A367,PLAN!B:T,4,0) -> 1001931994 | F367: =VLOOKUP(A367,PLAN!B:T,9,0) -> 46251 | G367: =VLOOKUP(A367,PLAN!B:T,10,0) -> 0103584123 | H367: =VLOOKUP(A367,PLAN!B:T,11,0) -> 260729A59A | I367: =VLOOKUP(A367,PLAN!B:T,12,0) -> 595 | J367: =VLOOKUP(A367,PLAN!B:AB,19,0) -> 46241 | K367: =VLOOKUP(A367,PLAN!B:AB,20,0) -> M11 | O367: =VLOOKUP(A367,PLAN!B:AB,21,0) -> F2 | Q367: =VLOOKUP(A367,PLAN!B:AB,16,0) -> 46238
A368: Aug17-17 | B368: =VLOOKUP(A368,PLAN!B:T,5,0) -> 11127821 | C368: =VLOOKUP(A368,PLAN!B:T,6,0) -> 2131619-B-AK | D368: =VLOOKUP(A368,PLAN!B:T,7,0) -> WAIN-CKI-300 NO CE | E368: =VLOOKUP(A368,PLAN!B:T,4,0) -> 1001931995 | F368: =VLOOKUP(A368,PLAN!B:T,9,0) -> 46251 | G368: =VLOOKUP(A368,PLAN!B:T,10,0) -> 0103584124 | H368: =VLOOKUP(A368,PLAN!B:T,11,0) -> 260729A60A | I368: =VLOOKUP(A368,PLAN!B:T,12,0) -> 5 | J368: =VLOOKUP(A368,PLAN!B:AB,19,0) -> 46239 | K368: =VLOOKUP(A368,PLAN!B:AB,20,0) -> M6 | O368: =VLOOKUP(A368,PLAN!B:AB,21,0) -> F2 | Q368: =VLOOKUP(A368,PLAN!B:AB,16,0) -> 46238
A369: Aug17-18 | B369: =VLOOKUP(A369,PLAN!B:T,5,0) -> 11127822 | C369: =VLOOKUP(A369,PLAN!B:T,6,0) -> 2131620-B-A | D369: =VLOOKUP(A369,PLAN!B:T,7,0) -> WAIN-CKI-10-200 NO CE | E369: =VLOOKUP(A369,PLAN!B:T,4,0) -> 1001931996 | F369: =VLOOKUP(A369,PLAN!B:T,9,0) -> 46251 | G369: =VLOOKUP(A369,PLAN!B:T,10,0) -> 0103584125 | H369: =VLOOKUP(A369,PLAN!B:T,11,0) -> 260729A61A | I369: =VLOOKUP(A369,PLAN!B:T,12,0) -> 55 | J369: =VLOOKUP(A369,PLAN!B:AB,19,0) -> 46239 | K369: =VLOOKUP(A369,PLAN!B:AB,20,0) -> M6 | O369: =VLOOKUP(A369,PLAN!B:AB,21,0) -> F2 | Q369: =VLOOKUP(A369,PLAN!B:AB,16,0) -> 46238
A370: Aug17-19 | B370: =VLOOKUP(A370,PLAN!B:T,5,0) -> 11127824 | C370: =VLOOKUP(A370,PLAN!B:T,6,0) -> 2131622-B-A | D370: =VLOOKUP(A370,PLAN!B:T,7,0) -> WAIN-CKI-008-200 NO CE | E370: =VLOOKUP(A370,PLAN!B:T,4,0) -> 1001931997 | F370: =VLOOKUP(A370,PLAN!B:T,9,0) -> 46251 | G370: =VLOOKUP(A370,PLAN!B:T,10,0) -> 0103584126 | H370: =VLOOKUP(A370,PLAN!B:T,11,0) -> 260729A62A | I370: =VLOOKUP(A370,PLAN!B:T,12,0) -> 30 | J370: =VLOOKUP(A370,PLAN!B:AB,19,0) -> 46239 | K370: =VLOOKUP(A370,PLAN!B:AB,20,0) -> M6 | O370: =VLOOKUP(A370,PLAN!B:AB,21,0) -> F2 | Q370: =VLOOKUP(A370,PLAN!B:AB,16,0) -> 46238
A371: Aug17-20 | B371: =VLOOKUP(A371,PLAN!B:T,5,0) -> 11127825 | C371: =VLOOKUP(A371,PLAN!B:T,6,0) -> 2131623-B-A | D371: =VLOOKUP(A371,PLAN!B:T,7,0) -> WAIN-CKI-200-RC NO CE | E371: =VLOOKUP(A371,PLAN!B:T,4,0) -> 1001931998 | F371: =VLOOKUP(A371,PLAN!B:T,9,0) -> 46251 | G371: =VLOOKUP(A371,PLAN!B:T,10,0) -> 0103584128 | H371: =VLOOKUP(A371,PLAN!B:T,11,0) -> 260729A63A | I371: =VLOOKUP(A371,PLAN!B:T,12,0) -> 18 | J371: =VLOOKUP(A371,PLAN!B:AB,19,0) -> 46239 | K371: =VLOOKUP(A371,PLAN!B:AB,20,0) -> M6 | O371: =VLOOKUP(A371,PLAN!B:AB,21,0) -> F2 | Q371: =VLOOKUP(A371,PLAN!B:AB,16,0) -> 46238
... A422: Aug18-43 | B422: =VLOOKUP(A422,PLAN!B:T,5,0) -> 11134240 | C422: =VLOOKUP(A422,PLAN!B:T,6,0) -> 1436296-J-AK | D422: =VLOOKUP(A422,PLAN!B:T,7,0) -> APW14R009S CN | E422: =VLOOKUP(A422,PLAN!B:T,4,0) -> 1001933926 | F422: =VLOOKUP(A422,PLAN!B:T,9,0) -> 46252 | G422: =VLOOKUP(A422,PLAN!B:T,10,0) -> 0103587709 | H422: =VLOOKUP(A422,PLAN!B:T,11,0) -> 260731A43A | I422: =VLOOKUP(A422,PLAN!B:T,12,0) -> 683 | J422: =VLOOKUP(A422,PLAN!B:AB,19,0) -> 46240 | K422: =VLOOKUP(A422,PLAN!B:AB,20,0) -> M7 | O422: =VLOOKUP(A422,PLAN!B:AB,21,0) -> F2 | Q422: =VLOOKUP(A422,PLAN!B:AB,16,0) -> 46239
A423: Aug18-07 | B423: =VLOOKUP(A423,PLAN!B:T,5,0) -> 11111223 | C423: =VLOOKUP(A423,PLAN!B:T,6,0) -> 1631042-F-A | D423: =VLOOKUP(A423,PLAN!B:T,7,0) -> AMS-180-1445 JP | E423: =VLOOKUP(A423,PLAN!B:T,4,0) -> 1001933344 | F423: =VLOOKUP(A423,PLAN!B:T,9,0) -> 46249 | G423: =VLOOKUP(A423,PLAN!B:T,10,0) -> 0103586848 | H423: =VLOOKUP(A423,PLAN!B:T,11,0) -> 260731A07A | I423: =VLOOKUP(A423,PLAN!B:T,12,0) -> 34 | J423: =VLOOKUP(A423,PLAN!B:AB,19,0) -> 46234 | K423: =VLOOKUP(A423,PLAN!B:AB,20,0) -> M8 | O423: =VLOOKUP(A423,PLAN!B:AB,21,0) -> CAG | Q423: M8-1
A424: Aug15-35 | B424: =VLOOKUP(A424,PLAN!B:T,5,0) -> 11134340 | C424: =VLOOKUP(A424,PLAN!B:T,6,0) -> 2331156-A-A | D424: =VLOOKUP(A424,PLAN!B:T,7,0) -> AIN-CKI-200-B-SFT CE2 | E424: =VLOOKUP(A424,PLAN!B:T,4,0) -> 1001930894 | F424: =VLOOKUP(A424,PLAN!B:T,9,0) -> 46249 | G424: =VLOOKUP(A424,PLAN!B:T,10,0) -> 0103582091 | H424: =VLOOKUP(A424,PLAN!B:T,11,0) -> 260729A35A | I424: =VLOOKUP(A424,PLAN!B:T,12,0) -> 140 | J424: =VLOOKUP(A424,PLAN!B:AB,19,0) -> 46240 | K424: =VLOOKUP(A424,PLAN!B:AB,20,0) -> M8 | O424: =VLOOKUP(A424,PLAN!B:AB,21,0) -> CAG | Q424: =VLOOKUP(A424,PLAN!B:AB,16,0) -> 46239
A425: Aug15-41 | B425: =VLOOKUP(A425,PLAN!B:T,5,0) -> 11118080 | C425: =VLOOKUP(A425,PLAN!B:T,6,0) -> 2331070-A-A | D425: =VLOOKUP(A425,PLAN!B:T,7,0) -> WAMS-165-16ST CE3 | E425: =VLOOKUP(A425,PLAN!B:T,4,0) -> 1001930934 | F425: =VLOOKUP(A425,PLAN!B:T,9,0) -> 46249 | G425: =VLOOKUP(A425,PLAN!B:T,10,0) -> 0103582390 | H425: =VLOOKUP(A425,PLAN!B:T,11,0) -> 260729A41A | I425: =VLOOKUP(A425,PLAN!B:T,12,0) -> 40 | J425: =VLOOKUP(A425,PLAN!B:AB,19,0) -> 46240 | K425: =VLOOKUP(A425,PLAN!B:AB,20,0) -> M8 | O425: =VLOOKUP(A425,PLAN!B:AB,21,0) -> CAG | Q425: =VLOOKUP(A425,PLAN!B:AB,16,0) -> 46239
A426: Aug15-42 | B426: =VLOOKUP(A426,PLAN!B:T,5,0) -> 11118084 | C426: =VLOOKUP(A426,PLAN!B:T,6,0) -> 2331074-A-A | D426: =VLOOKUP(A426,PLAN!B:T,7,0) -> WAMS-180-16WA CE3 | E426: =VLOOKUP(A426,PLAN!B:T,4,0) -> 1001930935 | F426: =VLOOKUP(A426,PLAN!B:T,9,0) -> 46249 | G426: =VLOOKUP(A426,PLAN!B:T,10,0) -> 0103582391 | H426: =VLOOKUP(A426,PLAN!B:T,11,0) -> 260729A42A | I426: =VLOOKUP(A426,PLAN!B:T,12,0) -> 20 | J426: =VLOOKUP(A426,PLAN!B:AB,19,0) -> 46240 | K426: =VLOOKUP(A426,PLAN!B:AB,20,0) -> M8 | O426: =VLOOKUP(A426,PLAN!B:AB,21,0) -> CAG | Q426: =VLOOKUP(A426,PLAN!B:AB,16,0) -> 46239
A427: Aug18-11 | B427: =VLOOKUP(A427,PLAN!B:T,5,0) -> 11134340 | C427: =VLOOKUP(A427,PLAN!B:T,6,0) -> 2331156-A-A | D427: =VLOOKUP(A427,PLAN!B:T,7,0) -> AIN-CKI-200-B-SFT CE2 | E427: =VLOOKUP(A427,PLAN!B:T,4,0) -> 1001935075 | F427: =VLOOKUP(A427,PLAN!B:T,9,0) -> 46252 | G427: =VLOOKUP(A427,PLAN!B:T,10,0) -> 0103589880 | H427: =VLOOKUP(A427,PLAN!B:T,11,0) -> 260731A11A | I427: =VLOOKUP(A427,PLAN!B:T,12,0) -> 60 | J427: =VLOOKUP(A427,PLAN!B:AB,19,0) -> 46240 | K427: =VLOOKUP(A427,PLAN!B:AB,20,0) -> M8 | O427: =VLOOKUP(A427,PLAN!B:AB,21,0) -> CAG | Q427: =VLOOKUP(A427,PLAN!B:AB,16,0) -> 46239
A428: Aug19-01 | B428: =VLOOKUP(A428,PLAN!B:T,5,0) -> 11134339 | C428: =VLOOKUP(A428,PLAN!B:T,6,0) -> 2331167-A-A | D428: =VLOOKUP(A428,PLAN!B:T,7,0) -> AIN-CKX-10-200-R CE2 | E428: =VLOOKUP(A428,PLAN!B:T,4,0) -> 1001935076 | F428: =VLOOKUP(A428,PLAN!B:T,9,0) -> 46252 | G428: =VLOOKUP(A428,PLAN!B:T,10,0) -> 0103589881 | H428: =VLOOKUP(A428,PLAN!B:T,11,0) -> 260731A44A | I428: =VLOOKUP(A428,PLAN!B:T,12,0) -> 10 | J428: =VLOOKUP(A428,PLAN!B:AB,19,0) -> 46240 | K428: =VLOOKUP(A428,PLAN!B:AB,20,0) -> M8 | O428: =VLOOKUP(A428,PLAN!B:AB,21,0) -> CAG | Q428: =VLOOKUP(A428,PLAN!B:AB,16,0) -> 46239
A429: Aug19-02 | B429: =VLOOKUP(A429,PLAN!B:T,5,0) -> 11134237 | C429: =VLOOKUP(A429,PLAN!B:T,6,0) -> 1436196-Q-A | D429: =VLOOKUP(A429,PLAN!B:T,7,0) -> AHW14R004S CN | E429: =VLOOKUP(A429,PLAN!B:T,4,0) -> 1001935077 | F429: =VLOOKUP(A429,PLAN!B:T,9,0) -> 46252 | G429: =VLOOKUP(A429,PLAN!B:T,10,0) -> 0103589882 | H429: =VLOOKUP(A429,PLAN!B:T,11,0) -> 260731A45A | I429: =VLOOKUP(A429,PLAN!B:T,12,0) -> 1746 | J429: =VLOOKUP(A429,PLAN!B:AB,19,0) -> 46240 | K429: =VLOOKUP(A429,PLAN!B:AB,20,0) -> M8 | O429: =VLOOKUP(A429,PLAN!B:AB,21,0) -> CAG | Q429: =VLOOKUP(A429,PLAN!B:AB,16,0) -> 46239
A430: Aug19-03 | B430: =VLOOKUP(A430,PLAN!B:T,5,0) -> 11134237 | C430: =VLOOKUP(A430,PLAN!B:T,6,0) -> 1436196-Q-A | D430: =VLOOKUP(A430,PLAN!B:T,7,0) -> AHW14R004S CN | E430: =VLOOKUP(A430,PLAN!B:T,4,0) -> 1001935078 | F430: =VLOOKUP(A430,PLAN!B:T,9,0) -> 46253 | G430: =VLOOKUP(A430,PLAN!B:T,10,0) -> 0103589883 | H430: =VLOOKUP(A430,PLAN!B:T,11,0) -> 260731A46A | I430: =VLOOKUP(A430,PLAN!B:T,12,0) -> 3586 | J430: =VLOOKUP(A430,PLAN!B:AB,19,0) -> 46240 | K430: =VLOOKUP(A430,PLAN!B:AB,20,0) -> M9 | O430: =VLOOKUP(A430,PLAN!B:AB,21,0) -> CAG | Q430: =VLOOKUP(A430,PLAN!B:AB,16,0) -> 46239
A431: Aug19-04 | B431: =VLOOKUP(A431,PLAN!B:T,5,0) -> 11134342 | C431: =VLOOKUP(A431,PLAN!B:T,6,0) -> 1036068-S-AK-P | D431: =VLOOKUP(A431,PLAN!B:T,7,0) -> AHW14R001S CN | E431: =VLOOKUP(A431,PLAN!B:T,4,0) -> 1001935079 | F431: =VLOOKUP(A431,PLAN!B:T,9,0) -> 46253 | G431: =VLOOKUP(A431,PLAN!B:T,10,0) -> 0103589884 | H431: =VLOOKUP(A431,PLAN!B:T,11,0) -> 260731A47A | I431: =VLOOKUP(A431,PLAN!B:T,12,0) -> 2981 | J431: =VLOOKUP(A431,PLAN!B:AB,19,0) -> 46241 | K431: =VLOOKUP(A431,PLAN!B:AB,20,0) -> M1 | O431: =VLOOKUP(A431,PLAN!B:AB,21,0) -> F3 | Q431: =VLOOKUP(A431,PLAN!B:AB,16,0) -> 46240
A432: Aug19-05 | B432: =VLOOKUP(A432,PLAN!B:T,5,0) -> 11134342 | C432: =VLOOKUP(A432,PLAN!B:T,6,0) -> 1036068-S-AK-P | D432: =VLOOKUP(A432,PLAN!B:T,7,0) -> AHW14R001S CN | E432: =VLOOKUP(A432,PLAN!B:T,4,0) -> 1001935080 | F432: =VLOOKUP(A432,PLAN!B:T,9,0) -> 46253 | G432: =VLOOKUP(A432,PLAN!B:T,10,0) -> 0103589885 | H432: =VLOOKUP(A432,PLAN!B:T,11,0) -> 260731A48A | I432: =VLOOKUP(A432,PLAN!B:T,12,0) -> 616 | J432: =VLOOKUP(A432,PLAN!B:AB,19,0) -> 46241 | K432: =VLOOKUP(A432,PLAN!B:AB,20,0) -> M1 | O432: =VLOOKUP(A432,PLAN!B:AB,21,0) -> F3 | Q432: =VLOOKUP(A432,PLAN!B:AB,16,0) -> 46240
A433: Aug19-06 | B433: =VLOOKUP(A433,PLAN!B:T,5,0) -> 11134342 | C433: =VLOOKUP(A433,PLAN!B:T,6,0) -> 1036068-S-AK-P | D433: =VLOOKUP(A433,PLAN!B:T,7,0) -> AHW14R001S CN | E433: =VLOOKUP(A433,PLAN!B:T,4,0) -> 1001935081 | F433: =VLOOKUP(A433,PLAN!B:T,9,0) -> 46253 | G433: =VLOOKUP(A433,PLAN!B:T,10,0) -> 0103589886 | H433: =VLOOKUP(A433,PLAN!B:T,11,0) -> 260731A49A | I433: =VLOOKUP(A433,PLAN!B:T,12,0) -> 2386 | J433: =VLOOKUP(A433,PLAN!B:AB,19,0) -> 46241 | K433: =VLOOKUP(A433,PLAN!B:AB,20,0) -> M2 | O433: =VLOOKUP(A433,PLAN!B:AB,21,0) -> F3 | Q433: =VLOOKUP(A433,PLAN!B:AB,16,0) -> 46240
A434: Aug19-07 | B434: =VLOOKUP(A434,PLAN!B:T,5,0) -> 11134237 | C434: =VLOOKUP(A434,PLAN!B:T,6,0) -> 1436196-Q-A | D434: =VLOOKUP(A434,PLAN!B:T,7,0) -> AHW14R004S CN | E434: =VLOOKUP(A434,PLAN!B:T,4,0) -> 1001935082 | F434: =VLOOKUP(A434,PLAN!B:T,9,0) -> 46253 | G434: =VLOOKUP(A434,PLAN!B:T,10,0) -> 0103589887 | H434: =VLOOKUP(A434,PLAN!B:T,11,0) -> 260731A50A | I434: =VLOOKUP(A434,PLAN!B:T,12,0) -> 3589 | J434: =VLOOKUP(A434,PLAN!B:AB,19,0) -> 46241 | K434: =VLOOKUP(A434,PLAN!B:AB,20,0) -> M3 | O434: =VLOOKUP(A434,PLAN!B:AB,21,0) -> F3 | Q434: =VLOOKUP(A434,PLAN!B:AB,16,0) -> 46240
A435: Aug19-08 | B435: =VLOOKUP(A435,PLAN!B:T,5,0) -> 11134237 | C435: =VLOOKUP(A435,PLAN!B:T,6,0) -> 1436196-Q-A | D435: =VLOOKUP(A435,PLAN!B:T,7,0) -> AHW14R004S CN | E435: =VLOOKUP(A435,PLAN!B:T,4,0) -> 1001935715 | F435: =VLOOKUP(A435,PLAN!B:T,9,0) -> 46253 | G435: =VLOOKUP(A435,PLAN!B:T,10,0) -> 0103590880 | H435: =VLOOKUP(A435,PLAN!B:T,11,0) -> 260731A51A | I435: =VLOOKUP(A435,PLAN!B:T,12,0) -> 2386 | J435: =VLOOKUP(A435,PLAN!B:AB,19,0) -> 46241 | K435: =VLOOKUP(A435,PLAN!B:AB,20,0) -> M4 | O435: =VLOOKUP(A435,PLAN!B:AB,21,0) -> F3 | Q435: =VLOOKUP(A435,PLAN!B:AB,16,0) -> 46240
... A440: Aug19-13 | B440: =VLOOKUP(A440,PLAN!B:T,5,0) -> 11134234 | C440: =VLOOKUP(A440,PLAN!B:T,6,0) -> 1036066-R-AK | D440: =VLOOKUP(A440,PLAN!B:T,7,0) -> AGP140002 CN | E440: =VLOOKUP(A440,PLAN!B:T,4,0) -> 1001935720 | F440: =VLOOKUP(A440,PLAN!B:T,9,0) -> 46253 | G440: =VLOOKUP(A440,PLAN!B:T,10,0) -> 0103590885 | H440: =VLOOKUP(A440,PLAN!B:T,11,0) -> 260731A56A | I440: =VLOOKUP(A440,PLAN!B:T,12,0) -> 2370 | J440: =VLOOKUP(A440,PLAN!B:AB,19,0) -> 46241 | K440: =VLOOKUP(A440,PLAN!B:AB,20,0) -> M7 | O440: =VLOOKUP(A440,PLAN!B:AB,21,0) -> F2 | Q440: =VLOOKUP(A440,PLAN!B:AB,16,0) -> 46240
A441: Aug19-14 | B441: =VLOOKUP(A441,PLAN!B:T,5,0) -> 11132334 | C441: =VLOOKUP(A441,PLAN!B:T,6,0) -> 1731160-F-A | D441: =VLOOKUP(A441,PLAN!B:T,7,0) -> AHW14R013S US | E441: =VLOOKUP(A441,PLAN!B:T,4,0) -> 1001935721 | F441: =VLOOKUP(A441,PLAN!B:T,9,0) -> 46253 | G441: =VLOOKUP(A441,PLAN!B:T,10,0) -> 0103590886 | H441: =VLOOKUP(A441,PLAN!B:T,11,0) -> 260731A57A | I441: =VLOOKUP(A441,PLAN!B:T,12,0) -> 455 | J441: =VLOOKUP(A441,PLAN!B:AB,19,0) -> 46241 | K441: =VLOOKUP(A441,PLAN!B:AB,20,0) -> M11 | O441: =VLOOKUP(A441,PLAN!B:AB,21,0) -> F2 | Q441: M11
A442: Aug19-15 | B442: =VLOOKUP(A442,PLAN!B:T,5,0) -> 11134960 | C442: =VLOOKUP(A442,PLAN!B:T,6,0) -> 2431046-0-A | D442: =VLOOKUP(A442,PLAN!B:T,7,0) -> AIN-CNX-006-220 US | E442: =VLOOKUP(A442,PLAN!B:T,4,0) -> 1001935722 | F442: =VLOOKUP(A442,PLAN!B:T,9,0) -> 46253 | G442: =VLOOKUP(A442,PLAN!B:T,10,0) -> 0103590887 | H442: =VLOOKUP(A442,PLAN!B:T,11,0) -> 260731A58A | I442: =VLOOKUP(A442,PLAN!B:T,12,0) -> 5 | J442: =VLOOKUP(A442,PLAN!B:AB,19,0) -> 46241 | K442: =VLOOKUP(A442,PLAN!B:AB,20,0) -> M8 | O442: =VLOOKUP(A442,PLAN!B:AB,21,0) -> CAG | Q442: =VLOOKUP(A442,PLAN!B:AB,16,0) -> 46240
A443: Aug19-16 | B443: =VLOOKUP(A443,PLAN!B:T,5,0) -> 11134961 | C443: =VLOOKUP(A443,PLAN!B:T,6,0) -> 2431048-0-A | D443: =VLOOKUP(A443,PLAN!B:T,7,0) -> AIN-CNX-006-220RC US | E443: =VLOOKUP(A443,PLAN!B:T,4,0) -> 1001935723 | F443: =VLOOKUP(A443,PLAN!B:T,9,0) -> 46253 | G443: =VLOOKUP(A443,PLAN!B:T,10,0) -> 0103590888 | H443: =VLOOKUP(A443,PLAN!B:T,11,0) -> 260731A59A | I443: =VLOOKUP(A443,PLAN!B:T,12,0) -> 5 | J443: =VLOOKUP(A443,PLAN!B:AB,19,0) -> 46241 | K443: =VLOOKUP(A443,PLAN!B:AB,20,0) -> M8 | O443: =VLOOKUP(A443,PLAN!B:AB,21,0) -> CAG | Q443: =VLOOKUP(A443,PLAN!B:AB,16,0) -> 46240
A444: Aug19-17 | B444: =VLOOKUP(A444,PLAN!B:T,5,0) -> 11134962 | C444: =VLOOKUP(A444,PLAN!B:T,6,0) -> 2431050-0-A | D444: =VLOOKUP(A444,PLAN!B:T,7,0) -> AIN-CNX-006-220J US | E444: =VLOOKUP(A444,PLAN!B:T,4,0) -> 1001935724 | F444: =VLOOKUP(A444,PLAN!B:T,9,0) -> 46253 | G444: =VLOOKUP(A444,PLAN!B:T,10,0) -> 0103590889 | H444: =VLOOKUP(A444,PLAN!B:T,11,0) -> 260731A60A | I444: =VLOOKUP(A444,PLAN!B:T,12,0) -> 7 | J444: =VLOOKUP(A444,PLAN!B:AB,19,0) -> 46241 | K444: =VLOOKUP(A444,PLAN!B:AB,20,0) -> M8 | O444: =VLOOKUP(A444,PLAN!B:AB,21,0) -> CAG | Q444: =VLOOKUP(A444,PLAN!B:AB,16,0) -> 46240
A445: Aug19-18 | B445: =VLOOKUP(A445,PLAN!B:T,5,0) -> 11117355 | C445: =VLOOKUP(A445,PLAN!B:T,6,0) -> 2131727-B-A | D445: =VLOOKUP(A445,PLAN!B:T,7,0) -> AHW14R013P NO CE | E445: =VLOOKUP(A445,PLAN!B:T,4,0) -> 1001935725 | F445: =VLOOKUP(A445,PLAN!B:T,9,0) -> 46253 | G445: =VLOOKUP(A445,PLAN!B:T,10,0) -> 0103590891 | H445: =VLOOKUP(A445,PLAN!B:T,11,0) -> 260731A61A | I445: =VLOOKUP(A445,PLAN!B:T,12,0) -> 75 | J445: =VLOOKUP(A445,PLAN!B:AB,19,0) -> 46241 | K445: =VLOOKUP(A445,PLAN!B:AB,20,0) -> M8 | O445: =VLOOKUP(A445,PLAN!B:AB,21,0) -> CAG | Q445: =VLOOKUP(A445,PLAN!B:AB,16,0) -> 46240
A446: Aug19-19 | B446: =VLOOKUP(A446,PLAN!B:T,5,0) -> 11117086 | C446: =VLOOKUP(A446,PLAN!B:T,6,0) -> 2331044-0-A | D446: =VLOOKUP(A446,PLAN!B:T,7,0) -> AHW14R013P CE5 | E446: =VLOOKUP(A446,PLAN!B:T,4,0) -> 1001935726 | F446: =VLOOKUP(A446,PLAN!B:T,9,0) -> 46253 | G446: =VLOOKUP(A446,PLAN!B:T,10,0) -> 0103590892 | H446: =VLOOKUP(A446,PLAN!B:T,11,0) -> 260731A62A | I446: =VLOOKUP(A446,PLAN!B:T,12,0) -> 90 | J446: =VLOOKUP(A446,PLAN!B:AB,19,0) -> 46241 | K446: =VLOOKUP(A446,PLAN!B:AB,20,0) -> M8 | O446: =VLOOKUP(A446,PLAN!B:AB,21,0) -> CAG | Q446: =VLOOKUP(A446,PLAN!B:AB,16,0) -> 46240
A447: Aug19-20 | B447: =VLOOKUP(A447,PLAN!B:T,5,0) -> 11117355 | C447: =VLOOKUP(A447,PLAN!B:T,6,0) -> 2131727-B-A | D447: =VLOOKUP(A447,PLAN!B:T,7,0) -> AHW14R013P NO CE | E447: =VLOOKUP(A447,PLAN!B:T,4,0) -> 1001935727 | F447: =VLOOKUP(A447,PLAN!B:T,9,0) -> 46253 | G447: =VLOOKUP(A447,PLAN!B:T,10,0) -> 0103590893 | H447: =VLOOKUP(A447,PLAN!B:T,11,0) -> 260731A63A | I447: =VLOOKUP(A447,PLAN!B:T,12,0) -> 230 | J447: =VLOOKUP(A447,PLAN!B:AB,19,0) -> 46241 | K447: =VLOOKUP(A447,PLAN!B:AB,20,0) -> M8 | O447: =VLOOKUP(A447,PLAN!B:AB,21,0) -> CAG | Q447: =VLOOKUP(A447,PLAN!B:AB,16,0) -> 46240
A448: Aug19-21 | B448: =VLOOKUP(A448,PLAN!B:T,5,0) -> 11125723 | C448: =VLOOKUP(A448,PLAN!B:T,6,0) -> 2131695-D-A | D448: =VLOOKUP(A448,PLAN!B:T,7,0) -> AHW14R004S NO CE | E448: =VLOOKUP(A448,PLAN!B:T,4,0) -> 1001935728 | F448: =VLOOKUP(A448,PLAN!B:T,9,0) -> 46253 | G448: =VLOOKUP(A448,PLAN!B:T,10,0) -> 0103590894 | H448: =VLOOKUP(A448,PLAN!B:T,11,0) -> 260731A64A | I448: =VLOOKUP(A448,PLAN!B:T,12,0) -> 257 | J448: =VLOOKUP(A448,PLAN!B:AB,19,0) -> 46241 | K448: =VLOOKUP(A448,PLAN!B:AB,20,0) -> M8 | O448: =VLOOKUP(A448,PLAN!B:AB,21,0) -> CAG | Q448: =VLOOKUP(A448,PLAN!B:AB,16,0) -> 46240
A449: Aug19-22 | B449: =VLOOKUP(A449,PLAN!B:T,5,0) -> 11126777 | C449: =VLOOKUP(A449,PLAN!B:T,6,0) -> 2131639-D-AK | D449: =VLOOKUP(A449,PLAN!B:T,7,0) -> AGH146000 R NOCE | E449: =VLOOKUP(A449,PLAN!B:T,4,0) -> 1001935729 | F449: =VLOOKUP(A449,PLAN!B:T,9,0) -> 46253 | G449: =VLOOKUP(A449,PLAN!B:T,10,0) -> 0103590895 | H449: =VLOOKUP(A449,PLAN!B:T,11,0) -> 260731A65A | I449: =VLOOKUP(A449,PLAN!B:T,12,0) -> 170 | J449: =VLOOKUP(A449,PLAN!B:AB,19,0) -> 46241 | K449: =VLOOKUP(A449,PLAN!B:AB,20,0) -> M8 | O449: =VLOOKUP(A449,PLAN!B:AB,21,0) -> CAG | Q449: =VLOOKUP(A449,PLAN!B:AB,16,0) -> 46240
A450: Aug19-23 | B450: =VLOOKUP(A450,PLAN!B:T,5,0) -> 11131246 | C450: =VLOOKUP(A450,PLAN!B:T,6,0) -> 2331231-A-A | D450: =VLOOKUP(A450,PLAN!B:T,7,0) -> WAMS-180-1645 NOCE | E450: =VLOOKUP(A450,PLAN!B:T,4,0) -> 1001935730 | F450: =VLOOKUP(A450,PLAN!B:T,9,0) -> 46253 | G450: =VLOOKUP(A450,PLAN!B:T,10,0) -> 0103590897 | H450: =VLOOKUP(A450,PLAN!B:T,11,0) -> 260731A66A | I450: =VLOOKUP(A450,PLAN!B:T,12,0) -> 125 | J450: =VLOOKUP(A450,PLAN!B:AB,19,0) -> 46241 | K450: =VLOOKUP(A450,PLAN!B:AB,20,0) -> M8 | O450: =VLOOKUP(A450,PLAN!B:AB,21,0) -> CAG | Q450: =VLOOKUP(A450,PLAN!B:AB,16,0) -> 46240
A451: Aug19-24 | B451: =VLOOKUP(A451,PLAN!B:T,5,0) -> 11125051 | C451: =VLOOKUP(A451,PLAN!B:T,6,0) -> 1831268-C-AK | D451: =VLOOKUP(A451,PLAN!B:T,7,0) -> AIN-CKI-300R JP | E451: =VLOOKUP(A451,PLAN!B:T,4,0) -> 1001935731 | F451: =VLOOKUP(A451,PLAN!B:T,9,0) -> 46253 | G451: =VLOOKUP(A451,PLAN!B:T,10,0) -> 0103590898 | H451: =VLOOKUP(A451,PLAN!B:T,11,0) -> 260731A67A | I451: =VLOOKUP(A451,PLAN!B:T,12,0) -> 30 | J451: =VLOOKUP(A451,PLAN!B:AB,19,0) -> 46241 | K451: =VLOOKUP(A451,PLAN!B:AB,20,0) -> M8 | O451: =VLOOKUP(A451,PLAN!B:AB,21,0) -> CAG | Q451: =VLOOKUP(A451,PLAN!B:AB,16,0) -> 46240
A452: Aug19-25 | B452: =VLOOKUP(A452,PLAN!B:T,5,0) -> 11134335 | C452: =VLOOKUP(A452,PLAN!B:T,6,0) -> 2331161-A-A | D452: =VLOOKUP(A452,PLAN!B:T,7,0) -> WAIN-CKI-008-200 CE3 | E452: =VLOOKUP(A452,PLAN!B:T,4,0) -> 1001935732 | F452: =VLOOKUP(A452,PLAN!B:T,9,0) -> 46253 | G452: =VLOOKUP(A452,PLAN!B:T,10,0) -> 0103590899 | H452: =VLOOKUP(A452,PLAN!B:T,11,0) -> 260731A68A | I452: =VLOOKUP(A452,PLAN!B:T,12,0) -> 25 | J452: =VLOOKUP(A452,PLAN!B:AB,19,0) -> 46241 | K452: =VLOOKUP(A452,PLAN!B:AB,20,0) -> M8 | O452: =VLOOKUP(A452,PLAN!B:AB,21,0) -> CAG | Q452: =VLOOKUP(A452,PLAN!B:AB,16,0) -> 46240
...

Sheet seal
A1: DIV/ SECTION | C1: PRODUCTION PLAN FOR STERILIZE (KẾ HOẠCH SẢN XUẤT CỦA PHÒNG STERILIZE) | U1: F- 5740 Ver: 2
A2: GPC/ Order control | U2: Page: / 2
A4: Plan date: | C4: 46258
A5: No | B5: Material | C5: Drawing list No | D5: Item name/ Description | E5: Plnd order / PO | F5: Scheduled Finish Date | G5: Internal Lot (SAP Lot) | H5: External Lot (Hanoi Lot) | I5: Q`ty | J5: Destination | K5: Test Endotoxin ( pcs) | L5: Test Particle ( pcs) | M5: Wip request infomation | S5: Sterilize | U5: Start date (Sealing) | W5: Remark
M6: Item code Type C | N6: Material Type C | O6: Internal Lot (SAP Lot) | P6: External Lot | Q6: Q`ty | R6: Sheft | S6: Date | T6: No | U6: Date | V6: Time | AB6: 2
A7: =Y7 -> Jul23-04 | B7: =IFERROR(VLOOKUP(A7,PLAN!B:AA,5,0),"") -> 11134237 | C7: =IFERROR(VLOOKUP(A7,PLAN!B:AA,6,0),"") -> 1436196-Q-A | D7: =IFERROR(VLOOKUP(A7,PLAN!B:AA,7,0),"") -> AHW14R004S CN | E7: =IFERROR(VLOOKUP(A7,PLAN!B:AA,4,0),"") -> 1001907463 | F7: =IFERROR(VLOOKUP(A7,PLAN!B:AA,9,0),"") -> 46226 | G7: =IFERROR(VLOOKUP(A7,PLAN!B:AA,10,0),"") -> 0103536442 | H7: =IFERROR(VLOOKUP(A7,PLAN!B:AA,11,0),"") -> 260707A29A | I7: =IFERROR(VLOOKUP(A7,PLAN!B:AA,12,0),"") -> 2389 | J7: =IFERROR(VLOOKUP(A7,PLAN!B:AA,15,0),"") -> China | K7: =IFERROR(VLOOKUP(A7,PLAN!B:AA,23,0),"") -> 3 | L7: =IFERROR(VLOOKUP(A7,PLAN!B:AA,24,0),"") -> 0 | M7: =IFERROR(VLOOKUP(A7,PLAN!B:AA,3,0),"") -> 2332200-0-C-CN | N7: =IFERROR(VLOOKUP(A7,PLAN!B:AA,2,0),"") -> 12125012 | O7: 0103443955 | P7: VD26622AAT6 | Q7: 1260 | R7: =IFERROR(VLOOKUP(P7,[6]Sheet1!$F:$I,4,),"") | S7: =IFERROR(VLOOKUP(A7,PLAN!B:AA,19,0),"") -> 46217 | T7: =IFERROR(VLOOKUP(A7,PLAN!B:AA,20,0),"") -> M3 | W7: =IFERROR(VLOOKUP(A7,PLAN!B:AB,21,),"") -> F3 | Y7: Jul23-04 | Z7: =VLOOKUP(Y7,PLAN!B:AI,19,0) -> 46217
O8: 0103452653 | P8: VD26623AAT9 | Q8: =I7-Q7 -> 1129 | W8: F3 | Z8: 46217
A9: =Y9 -> Jul24-40 | B9: =IFERROR(VLOOKUP(A9,PLAN!B:AA,5,0),"") -> 11133759 | C9: =IFERROR(VLOOKUP(A9,PLAN!B:AA,6,0),"") -> 1456045-Q-A | D9: =IFERROR(VLOOKUP(A9,PLAN!B:AA,7,0),"") -> STM180-14S CN | E9: =IFERROR(VLOOKUP(A9,PLAN!B:AA,4,0),"") -> 1001912046 | F9: =IFERROR(VLOOKUP(A9,PLAN!B:AA,9,0),"") -> 46227 | G9: =IFERROR(VLOOKUP(A9,PLAN!B:AA,10,0),"") -> 0103544302 | H9: =IFERROR(VLOOKUP(A9,PLAN!B:AA,11,0),"") -> 260709A36A | I9: =IFERROR(VLOOKUP(A9,PLAN!B:AA,12,0),"") -> 5 | J9: =IFERROR(VLOOKUP(A9,PLAN!B:AA,15,0),"") -> China | K9: =IFERROR(VLOOKUP(A9,PLAN!B:AA,23,0),"") -> 0 | L9: =IFERROR(VLOOKUP(A9,PLAN!B:AA,24,0),"") -> 0 | M9: =IFERROR(VLOOKUP(A9,PLAN!B:AA,3,0),"") -> 2332447-0-C-CN | N9: =IFERROR(VLOOKUP(A9,PLAN!B:AA,2,0),"") -> 12125021 | O9: 0103510415 | P9: VD26622A8-NU | Q9: =I9 -> 5 | R9: =IFERROR(VLOOKUP(P9,[6]Sheet1!$F:$I,4,),"") -> N1-15 | S9: =IFERROR(VLOOKUP(A9,PLAN!B:AA,19,0),"") -> 46218 | T9: =IFERROR(VLOOKUP(A9,PLAN!B:AA,20,0),"") -> M5 | W9: =IFERROR(VLOOKUP(A9,PLAN!B:AB,21,),"") -> F3 | Y9: Jul24-40 | Z9: =VLOOKUP(Y9,PLAN!B:AI,19,0) -> 46218
A10: =Y10 -> Jul24-41 | B10: =IFERROR(VLOOKUP(A10,PLAN!B:AA,5,0),"") -> 11133759 | C10: =IFERROR(VLOOKUP(A10,PLAN!B:AA,6,0),"") -> 1456045-Q-A | D10: =IFERROR(VLOOKUP(A10,PLAN!B:AA,7,0),"") -> STM180-14S CN | E10: =IFERROR(VLOOKUP(A10,PLAN!B:AA,4,0),"") -> 1001912047 | F10: =IFERROR(VLOOKUP(A10,PLAN!B:AA,9,0),"") -> 46227 | G10: =IFERROR(VLOOKUP(A10,PLAN!B:AA,10,0),"") -> 0103544305 | H10: =IFERROR(VLOOKUP(A10,PLAN!B:AA,11,0),"") -> 260709A37A | I10: =IFERROR(VLOOKUP(A10,PLAN!B:AA,12,0),"") -> 5 | J10: =IFERROR(VLOOKUP(A10,PLAN!B:AA,15,0),"") -> China | K10: =IFERROR(VLOOKUP(A10,PLAN!B:AA,23,0),"") -> 0 | L10: =IFERROR(VLOOKUP(A10,PLAN!B:AA,24,0),"") -> 0 | M10: =IFERROR(VLOOKUP(A10,PLAN!B:AA,3,0),"") -> 2332447-0-C-CN | N10: =IFERROR(VLOOKUP(A10,PLAN!B:AA,2,0),"") -> 12125021 | O10: 0103510415 | P10: VD26622A8-NU | Q10: =I10 -> 5 | R10: =IFERROR(VLOOKUP(P10,[6]Sheet1!$F:$I,4,),"") -> N1-15 | S10: =IFERROR(VLOOKUP(A10,PLAN!B:AA,19,0),"") -> 46218 | T10: =IFERROR(VLOOKUP(A10,PLAN!B:AA,20,0),"") -> M5 | W10: =IFERROR(VLOOKUP(A10,PLAN!B:AB,21,),"") -> F3 | Y10: Jul24-41 | Z10: =VLOOKUP(Y10,PLAN!B:AI,19,0) -> 46218
A11: =Y11 -> Jul24-42 | B11: =IFERROR(VLOOKUP(A11,PLAN!B:AA,5,0),"") -> 11133759 | C11: =IFERROR(VLOOKUP(A11,PLAN!B:AA,6,0),"") -> 1456045-Q-A | D11: =IFERROR(VLOOKUP(A11,PLAN!B:AA,7,0),"") -> STM180-14S CN | E11: =IFERROR(VLOOKUP(A11,PLAN!B:AA,4,0),"") -> 1001912048 | F11: =IFERROR(VLOOKUP(A11,PLAN!B:AA,9,0),"") -> 46227 | G11: =IFERROR(VLOOKUP(A11,PLAN!B:AA,10,0),"") -> 0103544306 | H11: =IFERROR(VLOOKUP(A11,PLAN!B:AA,11,0),"") -> 260709A38A | I11: =IFERROR(VLOOKUP(A11,PLAN!B:AA,12,0),"") -> 5 | J11: =IFERROR(VLOOKUP(A11,PLAN!B:AA,15,0),"") -> China | K11: =IFERROR(VLOOKUP(A11,PLAN!B:AA,23,0),"") -> 0 | L11: =IFERROR(VLOOKUP(A11,PLAN!B:AA,24,0),"") -> 0 | M11: =IFERROR(VLOOKUP(A11,PLAN!B:AA,3,0),"") -> 2332447-0-C-CN | N11: =IFERROR(VLOOKUP(A11,PLAN!B:AA,2,0),"") -> 12125021 | O11: 0103510415 | P11: VD26622A8-NU | Q11: =I11 -> 5 | R11: =IFERROR(VLOOKUP(P11,[6]Sheet1!$F:$I,4,),"") -> N1-15 | S11: =IFERROR(VLOOKUP(A11,PLAN!B:AA,19,0),"") -> 46218 | T11: =IFERROR(VLOOKUP(A11,PLAN!B:AA,20,0),"") -> M5 | W11: =IFERROR(VLOOKUP(A11,PLAN!B:AB,21,),"") -> F3 | Y11: Jul24-42 | Z11: =VLOOKUP(Y11,PLAN!B:AI,19,0) -> 46218
A12: =Y12 -> Jul24-43 | B12: =IFERROR(VLOOKUP(A12,PLAN!B:AA,5,0),"") -> 11133759 | C12: =IFERROR(VLOOKUP(A12,PLAN!B:AA,6,0),"") -> 1456045-Q-A | D12: =IFERROR(VLOOKUP(A12,PLAN!B:AA,7,0),"") -> STM180-14S CN | E12: =IFERROR(VLOOKUP(A12,PLAN!B:AA,4,0),"") -> 1001912049 | F12: =IFERROR(VLOOKUP(A12,PLAN!B:AA,9,0),"") -> 46227 | G12: =IFERROR(VLOOKUP(A12,PLAN!B:AA,10,0),"") -> 0103544307 | H12: =IFERROR(VLOOKUP(A12,PLAN!B:AA,11,0),"") -> 260709A39A | I12: =IFERROR(VLOOKUP(A12,PLAN!B:AA,12,0),"") -> 5 | J12: =IFERROR(VLOOKUP(A12,PLAN!B:AA,15,0),"") -> China | K12: =IFERROR(VLOOKUP(A12,PLAN!B:AA,23,0),"") -> 0 | L12: =IFERROR(VLOOKUP(A12,PLAN!B:AA,24,0),"") -> 0 | M12: =IFERROR(VLOOKUP(A12,PLAN!B:AA,3,0),"") -> 2332447-0-C-CN | N12: =IFERROR(VLOOKUP(A12,PLAN!B:AA,2,0),"") -> 12125021 | O12: 0103510415 | P12: VD26622A8-NU | Q12: =I12 -> 5 | R12: =IFERROR(VLOOKUP(P12,[6]Sheet1!$F:$I,4,),"") -> N1-15 | S12: =IFERROR(VLOOKUP(A12,PLAN!B:AA,19,0),"") -> 46218 | T12: =IFERROR(VLOOKUP(A12,PLAN!B:AA,20,0),"") -> M5 | W12: =IFERROR(VLOOKUP(A12,PLAN!B:AB,21,),"") -> F3 | Y12: Jul24-43 | Z12: =VLOOKUP(Y12,PLAN!B:AI,19,0) -> 46218
A13: =Y13 -> Jul24-44 | B13: =IFERROR(VLOOKUP(A13,PLAN!B:AA,5,0),"") -> 11133759 | C13: =IFERROR(VLOOKUP(A13,PLAN!B:AA,6,0),"") -> 1456045-Q-A | D13: =IFERROR(VLOOKUP(A13,PLAN!B:AA,7,0),"") -> STM180-14S CN | E13: =IFERROR(VLOOKUP(A13,PLAN!B:AA,4,0),"") -> 1001912051 | F13: =IFERROR(VLOOKUP(A13,PLAN!B:AA,9,0),"") -> 46227 | G13: =IFERROR(VLOOKUP(A13,PLAN!B:AA,10,0),"") -> 0103544308 | H13: =IFERROR(VLOOKUP(A13,PLAN!B:AA,11,0),"") -> 260709A40A | I13: =IFERROR(VLOOKUP(A13,PLAN!B:AA,12,0),"") -> 5 | J13: =IFERROR(VLOOKUP(A13,PLAN!B:AA,15,0),"") -> China | K13: =IFERROR(VLOOKUP(A13,PLAN!B:AA,23,0),"") -> 0 | L13: =IFERROR(VLOOKUP(A13,PLAN!B:AA,24,0),"") -> 0 | M13: =IFERROR(VLOOKUP(A13,PLAN!B:AA,3,0),"") -> 2332447-0-C-CN | N13: =IFERROR(VLOOKUP(A13,PLAN!B:AA,2,0),"") -> 12125021 | O13: 0103510415 | P13: VD26622A8-NU | Q13: =I13 -> 5 | R13: =IFERROR(VLOOKUP(P13,[6]Sheet1!$F:$I,4,),"") -> N1-15 | S13: =IFERROR(VLOOKUP(A13,PLAN!B:AA,19,0),"") -> 46218 | T13: =IFERROR(VLOOKUP(A13,PLAN!B:AA,20,0),"") -> M5 | W13: =IFERROR(VLOOKUP(A13,PLAN!B:AB,21,),"") -> F3 | Y13: Jul24-44 | Z13: =VLOOKUP(Y13,PLAN!B:AI,19,0) -> 46218
A14: =Y14 -> Jul24-45 | B14: =IFERROR(VLOOKUP(A14,PLAN!B:AA,5,0),"") -> 11133759 | C14: =IFERROR(VLOOKUP(A14,PLAN!B:AA,6,0),"") -> 1456045-Q-A | D14: =IFERROR(VLOOKUP(A14,PLAN!B:AA,7,0),"") -> STM180-14S CN | E14: =IFERROR(VLOOKUP(A14,PLAN!B:AA,4,0),"") -> 1001912052 | F14: =IFERROR(VLOOKUP(A14,PLAN!B:AA,9,0),"") -> 46227 | G14: =IFERROR(VLOOKUP(A14,PLAN!B:AA,10,0),"") -> 0103544309 | H14: =IFERROR(VLOOKUP(A14,PLAN!B:AA,11,0),"") -> 260709A41A | I14: =IFERROR(VLOOKUP(A14,PLAN!B:AA,12,0),"") -> 5 | J14: =IFERROR(VLOOKUP(A14,PLAN!B:AA,15,0),"") -> China | K14: =IFERROR(VLOOKUP(A14,PLAN!B:AA,23,0),"") -> 0 | L14: =IFERROR(VLOOKUP(A14,PLAN!B:AA,24,0),"") -> 0 | M14: =IFERROR(VLOOKUP(A14,PLAN!B:AA,3,0),"") -> 2332447-0-C-CN | N14: =IFERROR(VLOOKUP(A14,PLAN!B:AA,2,0),"") -> 12125021 | O14: 0103510415 | P14: VD26622A8-NU | Q14: =I14 -> 5 | R14: =IFERROR(VLOOKUP(P14,[6]Sheet1!$F:$I,4,),"") -> N1-15 | S14: =IFERROR(VLOOKUP(A14,PLAN!B:AA,19,0),"") -> 46218 | T14: =IFERROR(VLOOKUP(A14,PLAN!B:AA,20,0),"") -> M5 | W14: =IFERROR(VLOOKUP(A14,PLAN!B:AB,21,),"") -> F3 | Y14: Jul24-45 | Z14: =VLOOKUP(Y14,PLAN!B:AI,19,0) -> 46218
A15: =Y15 -> Jul24-46 | B15: =IFERROR(VLOOKUP(A15,PLAN!B:AA,5,0),"") -> 11133759 | C15: =IFERROR(VLOOKUP(A15,PLAN!B:AA,6,0),"") -> 1456045-Q-A | D15: =IFERROR(VLOOKUP(A15,PLAN!B:AA,7,0),"") -> STM180-14S CN | E15: =IFERROR(VLOOKUP(A15,PLAN!B:AA,4,0),"") -> 1001912053 | F15: =IFERROR(VLOOKUP(A15,PLAN!B:AA,9,0),"") -> 46227 | G15: =IFERROR(VLOOKUP(A15,PLAN!B:AA,10,0),"") -> 0103544311 | H15: =IFERROR(VLOOKUP(A15,PLAN!B:AA,11,0),"") -> 260709A42A | I15: =IFERROR(VLOOKUP(A15,PLAN!B:AA,12,0),"") -> 5 | J15: =IFERROR(VLOOKUP(A15,PLAN!B:AA,15,0),"") -> China | K15: =IFERROR(VLOOKUP(A15,PLAN!B:AA,23,0),"") -> 0 | L15: =IFERROR(VLOOKUP(A15,PLAN!B:AA,24,0),"") -> 0 | M15: =IFERROR(VLOOKUP(A15,PLAN!B:AA,3,0),"") -> 2332447-0-C-CN | N15: =IFERROR(VLOOKUP(A15,PLAN!B:AA,2,0),"") -> 12125021 | O15: 0103510415 | P15: VD26622A8-NU | Q15: =I15 -> 5 | R15: =IFERROR(VLOOKUP(P15,[6]Sheet1!$F:$I,4,),"") -> N1-15 | S15: =IFERROR(VLOOKUP(A15,PLAN!B:AA,19,0),"") -> 46218 | T15: =IFERROR(VLOOKUP(A15,PLAN!B:AA,20,0),"") -> M5 | W15: =IFERROR(VLOOKUP(A15,PLAN!B:AB,21,),"") -> F3 | Y15: Jul24-46 | Z15: =VLOOKUP(Y15,PLAN!B:AI,19,0) -> 46218
A16: =Y16 -> Jul24-47 | B16: =IFERROR(VLOOKUP(A16,PLAN!B:AA,5,0),"") -> 11133759 | C16: =IFERROR(VLOOKUP(A16,PLAN!B:AA,6,0),"") -> 1456045-Q-A | D16: =IFERROR(VLOOKUP(A16,PLAN!B:AA,7,0),"") -> STM180-14S CN | E16: =IFERROR(VLOOKUP(A16,PLAN!B:AA,4,0),"") -> 1001912054 | F16: =IFERROR(VLOOKUP(A16,PLAN!B:AA,9,0),"") -> 46227 | G16: =IFERROR(VLOOKUP(A16,PLAN!B:AA,10,0),"") -> 0103544312 | H16: =IFERROR(VLOOKUP(A16,PLAN!B:AA,11,0),"") -> 260709A43A | I16: =IFERROR(VLOOKUP(A16,PLAN!B:AA,12,0),"") -> 5 | J16: =IFERROR(VLOOKUP(A16,PLAN!B:AA,15,0),"") -> China | K16: =IFERROR(VLOOKUP(A16,PLAN!B:AA,23,0),"") -> 0 | L16: =IFERROR(VLOOKUP(A16,PLAN!B:AA,24,0),"") -> 0 | M16: =IFERROR(VLOOKUP(A16,PLAN!B:AA,3,0),"") -> 2332447-0-C-CN | N16: =IFERROR(VLOOKUP(A16,PLAN!B:AA,2,0),"") -> 12125021 | O16: 0103510415 | P16: VD26622A8-NU | Q16: =I16 -> 5 | R16: =IFERROR(VLOOKUP(P16,[6]Sheet1!$F:$I,4,),"") -> N1-15 | S16: =IFERROR(VLOOKUP(A16,PLAN!B:AA,19,0),"") -> 46218 | T16: =IFERROR(VLOOKUP(A16,PLAN!B:AA,20,0),"") -> M5 | W16: =IFERROR(VLOOKUP(A16,PLAN!B:AB,21,),"") -> F3 | Y16: Jul24-47 | Z16: =VLOOKUP(Y16,PLAN!B:AI,19,0) -> 46218
A17: =Y17 -> Jul24-48 | B17: =IFERROR(VLOOKUP(A17,PLAN!B:AA,5,0),"") -> 11133759 | C17: =IFERROR(VLOOKUP(A17,PLAN!B:AA,6,0),"") -> 1456045-Q-A | D17: =IFERROR(VLOOKUP(A17,PLAN!B:AA,7,0),"") -> STM180-14S CN | E17: =IFERROR(VLOOKUP(A17,PLAN!B:AA,4,0),"") -> 1001912055 | F17: =IFERROR(VLOOKUP(A17,PLAN!B:AA,9,0),"") -> 46227 | G17: =IFERROR(VLOOKUP(A17,PLAN!B:AA,10,0),"") -> 0103544313 | H17: =IFERROR(VLOOKUP(A17,PLAN!B:AA,11,0),"") -> 260709A44A | I17: =IFERROR(VLOOKUP(A17,PLAN!B:AA,12,0),"") -> 5 | J17: =IFERROR(VLOOKUP(A17,PLAN!B:AA,15,0),"") -> China | K17: =IFERROR(VLOOKUP(A17,PLAN!B:AA,23,0),"") -> 0 | L17: =IFERROR(VLOOKUP(A17,PLAN!B:AA,24,0),"") -> 0 | M17: =IFERROR(VLOOKUP(A17,PLAN!B:AA,3,0),"") -> 2332447-0-C-CN | N17: =IFERROR(VLOOKUP(A17,PLAN!B:AA,2,0),"") -> 12125021 | O17: 0103510415 | P17: VD26622A8-NU | Q17: =I17 -> 5 | R17: =IFERROR(VLOOKUP(P17,[6]Sheet1!$F:$I,4,),"") -> N1-15 | S17: =IFERROR(VLOOKUP(A17,PLAN!B:AA,19,0),"") -> 46218 | T17: =IFERROR(VLOOKUP(A17,PLAN!B:AA,20,0),"") -> M5 | W17: =IFERROR(VLOOKUP(A17,PLAN!B:AB,21,),"") -> F3 | Y17: Jul24-48 | Z17: =VLOOKUP(Y17,PLAN!B:AI,19,0) -> 46218
A18: =Y18 -> Jul24-49 | B18: =IFERROR(VLOOKUP(A18,PLAN!B:AA,5,0),"") -> 11133759 | C18: =IFERROR(VLOOKUP(A18,PLAN!B:AA,6,0),"") -> 1456045-Q-A | D18: =IFERROR(VLOOKUP(A18,PLAN!B:AA,7,0),"") -> STM180-14S CN | E18: =IFERROR(VLOOKUP(A18,PLAN!B:AA,4,0),"") -> 1001912056 | F18: =IFERROR(VLOOKUP(A18,PLAN!B:AA,9,0),"") -> 46227 | G18: =IFERROR(VLOOKUP(A18,PLAN!B:AA,10,0),"") -> 0103544314 | H18: =IFERROR(VLOOKUP(A18,PLAN!B:AA,11,0),"") -> 260709A45A | I18: =IFERROR(VLOOKUP(A18,PLAN!B:AA,12,0),"") -> 5 | J18: =IFERROR(VLOOKUP(A18,PLAN!B:AA,15,0),"") -> China | K18: =IFERROR(VLOOKUP(A18,PLAN!B:AA,23,0),"") -> 0 | L18: =IFERROR(VLOOKUP(A18,PLAN!B:AA,24,0),"") -> 0 | M18: =IFERROR(VLOOKUP(A18,PLAN!B:AA,3,0),"") -> 2332447-0-C-CN | N18: =IFERROR(VLOOKUP(A18,PLAN!B:AA,2,0),"") -> 12125021 | O18: 0103510415 | P18: VD26622A8-NU | Q18: =I18 -> 5 | R18: =IFERROR(VLOOKUP(P18,[6]Sheet1!$F:$I,4,),"") -> N1-15 | S18: =IFERROR(VLOOKUP(A18,PLAN!B:AA,19,0),"") -> 46218 | T18: =IFERROR(VLOOKUP(A18,PLAN!B:AA,20,0),"") -> M5 | W18: =IFERROR(VLOOKUP(A18,PLAN!B:AB,21,),"") -> F3 | Y18: Jul24-49 | Z18: =VLOOKUP(Y18,PLAN!B:AI,19,0) -> 46218
A19: =Y19 -> Jul28-24 | B19: =IFERROR(VLOOKUP(A19,PLAN!B:AA,5,0),"") -> 11134235 | C19: =IFERROR(VLOOKUP(A19,PLAN!B:AA,6,0),"") -> 1036068-S-AK | D19: =IFERROR(VLOOKUP(A19,PLAN!B:AA,7,0),"") -> AHW14R001S CN | E19: =IFERROR(VLOOKUP(A19,PLAN!B:AA,4,0),"") -> 1001913437 | F19: =IFERROR(VLOOKUP(A19,PLAN!B:AA,9,0),"") -> 46231 | G19: =IFERROR(VLOOKUP(A19,PLAN!B:AA,10,0),"") -> 0103547147 | H19: =IFERROR(VLOOKUP(A19,PLAN!B:AA,11,0),"") -> 260713A04A | I19: =IFERROR(VLOOKUP(A19,PLAN!B:AA,12,0),"") -> 2386 | J19: =IFERROR(VLOOKUP(A19,PLAN!B:AA,15,0),"") -> China | K19: =IFERROR(VLOOKUP(A19,PLAN!B:AA,23,0),"") -> 0 | L19: =IFERROR(VLOOKUP(A19,PLAN!B:AA,24,0),"") -> 0 | M19: =IFERROR(VLOOKUP(A19,PLAN!B:AA,3,0),"") -> 2332192-0-C-CN | N19: =IFERROR(VLOOKUP(A19,PLAN!B:AA,2,0),"") -> 12120774 | O19: 0103463844 | P19: VD26601B3 | Q19: 37 | R19: =IFERROR(VLOOKUP(P19,[6]Sheet1!$F:$I,4,),"") | S19: =IFERROR(VLOOKUP(A19,PLAN!B:AA,19,0),"") -> 46220 | T19: =IFERROR(VLOOKUP(A19,PLAN!B:AA,20,0),"") -> M3 | W19: =IFERROR(VLOOKUP(A19,PLAN!B:AB,21,),"") -> F3 | Y19: Jul28-24 | Z19: =VLOOKUP(Y19,PLAN!B:AI,19,0) -> 46220
O20: 0103467703 | P20: VD26603A7 | Q20: 902 | W20: F3 | Z20: 46220
O21: 0103467704 | P21: VD26603A8 | Q21: 1275 | W21: F3 | Z21: 46220
O22: 0103467705 | P22: VD26603A9 | Q22: =I19-Q19-Q20-Q21 -> 172 | W22: F3 | Z22: 46220
A23: =Y23 -> Jul28-46 | B23: =IFERROR(VLOOKUP(A23,PLAN!B:AA,5,0),"") -> 11134235 | C23: =IFERROR(VLOOKUP(A23,PLAN!B:AA,6,0),"") -> 1036068-S-AK | D23: =IFERROR(VLOOKUP(A23,PLAN!B:AA,7,0),"") -> AHW14R001S CN | E23: =IFERROR(VLOOKUP(A23,PLAN!B:AA,4,0),"") -> 1001914292 | F23: =IFERROR(VLOOKUP(A23,PLAN!B:AA,9,0),"") -> 46231 | G23: =IFERROR(VLOOKUP(A23,PLAN!B:AA,10,0),"") -> 0103548546 | H23: =IFERROR(VLOOKUP(A23,PLAN!B:AA,11,0),"") -> 260625A40B | I23: =IFERROR(VLOOKUP(A23,PLAN!B:AA,12,0),"") -> 5 | J23: =IFERROR(VLOOKUP(A23,PLAN!B:AA,15,0),"") -> China | K23: =IFERROR(VLOOKUP(A23,PLAN!B:AA,23,0),"") -> 0 | L23: =IFERROR(VLOOKUP(A23,PLAN!B:AA,24,0),"") -> 0 | M23: =IFERROR(VLOOKUP(A23,PLAN!B:AA,3,0),"") -> 2332192-0-C-CN | N23: =IFERROR(VLOOKUP(A23,PLAN!B:AA,2,0),"") -> 12120774 | O23: 0103415997 | P23: VD26511B9 | Q23: =I23 -> 5 | R23: =IFERROR(VLOOKUP(P23,[6]Sheet1!$F:$I,4,),"") | S23: =IFERROR(VLOOKUP(A23,PLAN!B:AA,19,0),"") -> 46220 | T23: =IFERROR(VLOOKUP(A23,PLAN!B:AA,20,0),"") -> M3 | W23: =IFERROR(VLOOKUP(A23,PLAN!B:AB,21,),"") -> F3 | Y23: Jul28-46 | Z23: =VLOOKUP(Y23,PLAN!B:AI,19,0) -> 46220
A24: =Y24 -> Jul29-02 | B24: =IFERROR(VLOOKUP(A24,PLAN!B:AA,5,0),"") -> 11134237 | C24: =IFERROR(VLOOKUP(A24,PLAN!B:AA,6,0),"") -> 1436196-Q-A | D24: =IFERROR(VLOOKUP(A24,PLAN!B:AA,7,0),"") -> AHW14R004S CN | E24: =IFERROR(VLOOKUP(A24,PLAN!B:AA,4,0),"") -> 1001914917 | F24: =IFERROR(VLOOKUP(A24,PLAN!B:AA,9,0),"") -> 46232 | G24: =IFERROR(VLOOKUP(A24,PLAN!B:AA,10,0),"") -> 0103549428 | H24: =IFERROR(VLOOKUP(A24,PLAN!B:AA,11,0),"") -> 260713A46A | I24: =IFERROR(VLOOKUP(A24,PLAN!B:AA,12,0),"") -> 3586 | J24: =IFERROR(VLOOKUP(A24,PLAN!B:AA,15,0),"") -> China | K24: =IFERROR(VLOOKUP(A24,PLAN!B:AA,23,0),"") -> 0 | L24: =IFERROR(VLOOKUP(A24,PLAN!B:AA,24,0),"") -> 0 | M24: =IFERROR(VLOOKUP(A24,PLAN!B:AA,3,0),"") -> 2332200-0-C-CN | N24: =IFERROR(VLOOKUP(A24,PLAN!B:AA,2,0),"") -> 12125012 | O24: 0103463847 | P24: VD26703AAT2 | Q24: 433 | R24: =IFERROR(VLOOKUP(P24,[6]Sheet1!$F:$I,4,),"") | S24: =IFERROR(VLOOKUP(A24,PLAN!B:AA,19,0),"") -> 46221 | T24: =IFERROR(VLOOKUP(A24,PLAN!B:AA,20,0),"") -> M2 | W24: =IFERROR(VLOOKUP(A24,PLAN!B:AB,21,),"") -> F3 | Y24: Jul29-02 | Z24: =VLOOKUP(Y24,PLAN!B:AI,19,0) -> 46221
O25: 0103463848 | P25: VD26703AAT3 | Q25: 1272 | R25: =IFERROR(VLOOKUP(P25,[6]Sheet1!$F:$I,4,),"") | W25: F3 | Z25: 46221
O26: 0103463849 | P26: VD26703AAT4 | Q26: 1270 | R26: =IFERROR(VLOOKUP(P26,[6]Sheet1!$F:$I,4,),"") | W26: F3 | Z26: 46221
O27: 0103463870 | P27: VD26703AAT5 | Q27: =I24-Q24-Q25-Q26 -> 611 | R27: =IFERROR(VLOOKUP(P27,[6]Sheet1!$F:$I,4,),"") | W27: F3 | Z27: 46221
A28: =Y28 -> Jul29-19 | B28: =IFERROR(VLOOKUP(A28,PLAN!B:AA,5,0),"") -> 11134235 | C28: =IFERROR(VLOOKUP(A28,PLAN!B:AA,6,0),"") -> 1036068-S-AK | D28: =IFERROR(VLOOKUP(A28,PLAN!B:AA,7,0),"") -> AHW14R001S CN | E28: =IFERROR(VLOOKUP(A28,PLAN!B:AA,4,0),"") -> 1001915236 | F28: =IFERROR(VLOOKUP(A28,PLAN!B:AA,9,0),"") -> 46232 | G28: =IFERROR(VLOOKUP(A28,PLAN!B:AA,10,0),"") -> 0103550231 | H28: =IFERROR(VLOOKUP(A28,PLAN!B:AA,11,0),"") -> 260713A63A | I28: =IFERROR(VLOOKUP(A28,PLAN!B:AA,12,0),"") -> 3586 | J28: =IFERROR(VLOOKUP(A28,PLAN!B:AA,15,0),"") -> China | K28: =IFERROR(VLOOKUP(A28,PLAN!B:AA,23,0),"") -> 0 | L28: =IFERROR(VLOOKUP(A28,PLAN!B:AA,24,0),"") -> 0 | M28: =IFERROR(VLOOKUP(A28,PLAN!B:AA,3,0),"") -> 2332192-0-C-CN | N28: =IFERROR(VLOOKUP(A28,PLAN!B:AA,2,0),"") -> 12120774 | O28: 0103467724 | P28: VD26603C5 | Q28: 1222 | R28: =IFERROR(VLOOKUP(P28,[6]Sheet1!$F:$I,4,),"") | S28: =IFERROR(VLOOKUP(A28,PLAN!B:AA,19,0),"") -> 46221 | T28: =IFERROR(VLOOKUP(A28,PLAN!B:AA,20,0),"") -> M8 | W28: =IFERROR(VLOOKUP(A28,PLAN!B:AB,21,),"") -> CAG | Y28: Jul29-19 | Z28: =VLOOKUP(Y28,PLAN!B:AI,19,0) -> 46221
A29: =Y29 -> 0 | B29: =IFERROR(VLOOKUP(A29,PLAN!B:AA,5,0),"") | C29: =IFERROR(VLOOKUP(A29,PLAN!B:AA,6,0),"") | D29: =IFERROR(VLOOKUP(A29,PLAN!B:AA,7,0),"") | E29: =IFERROR(VLOOKUP(A29,PLAN!B:AA,4,0),"") | F29: =IFERROR(VLOOKUP(A29,PLAN!B:AA,9,0),"") | G29: =IFERROR(VLOOKUP(A29,PLAN!B:AA,10,0),"") | H29: =IFERROR(VLOOKUP(A29,PLAN!B:AA,11,0),"") | I29: =IFERROR(VLOOKUP(A29,PLAN!B:AA,12,0),"") | J29: =IFERROR(VLOOKUP(A29,PLAN!B:AA,15,0),"") | K29: =IFERROR(VLOOKUP(A29,PLAN!B:AA,23,0),"") | L29: =IFERROR(VLOOKUP(A29,PLAN!B:AA,24,0),"") | M29: =IFERROR(VLOOKUP(A29,PLAN!B:AA,3,0),"") | N29: =IFERROR(VLOOKUP(A29,PLAN!B:AA,2,0),"") | O29: 0103467725 | P29: VD26603C6 | Q29: 1260 | R29: =IFERROR(VLOOKUP(P29,[6]Sheet1!$F:$I,4,),"") | S29: =IFERROR(VLOOKUP(A29,PLAN!B:AA,19,0),"") | T29: =IFERROR(VLOOKUP(A29,PLAN!B:AA,20,0),"") | W29: CAG | Z29: 46221
A30: =Y30 -> 0 | B30: =IFERROR(VLOOKUP(A30,PLAN!B:AA,5,0),"") | C30: =IFERROR(VLOOKUP(A30,PLAN!B:AA,6,0),"") | D30: =IFERROR(VLOOKUP(A30,PLAN!B:AA,7,0),"") | E30: =IFERROR(VLOOKUP(A30,PLAN!B:AA,4,0),"") | F30: =IFERROR(VLOOKUP(A30,PLAN!B:AA,9,0),"") | G30: =IFERROR(VLOOKUP(A30,PLAN!B:AA,10,0),"") | H30: =IFERROR(VLOOKUP(A30,PLAN!B:AA,11,0),"") | I30: =IFERROR(VLOOKUP(A30,PLAN!B:AA,12,0),"") | J30: =IFERROR(VLOOKUP(A30,PLAN!B:AA,15,0),"") | K30: =IFERROR(VLOOKUP(A30,PLAN!B:AA,23,0),"") | L30: =IFERROR(VLOOKUP(A30,PLAN!B:AA,24,0),"") | M30: =IFERROR(VLOOKUP(A30,PLAN!B:AA,3,0),"") | N30: =IFERROR(VLOOKUP(A30,PLAN!B:AA,2,0),"") | O30: 0103467726 | P30: VD26603C7 | Q30: =I28-Q28-Q29 -> 1104 | R30: =IFERROR(VLOOKUP(P30,[6]Sheet1!$F:$I,4,),"") | S30: =IFERROR(VLOOKUP(A30,PLAN!B:AA,19,0),"") | T30: =IFERROR(VLOOKUP(A30,PLAN!B:AA,20,0),"") | W30: CAG | Z30: 46221
A31: =Y31 -> Jul29-21 | B31: =IFERROR(VLOOKUP(A31,PLAN!B:AA,5,0),"") -> 11134237 | C31: =IFERROR(VLOOKUP(A31,PLAN!B:AA,6,0),"") -> 1436196-Q-A | D31: =IFERROR(VLOOKUP(A31,PLAN!B:AA,7,0),"") -> AHW14R004S CN | E31: =IFERROR(VLOOKUP(A31,PLAN!B:AA,4,0),"") -> 1001916972 | F31: =IFERROR(VLOOKUP(A31,PLAN!B:AA,9,0),"") -> 46232 | G31: =IFERROR(VLOOKUP(A31,PLAN!B:AA,10,0),"") -> 0103553784 | H31: =IFERROR(VLOOKUP(A31,PLAN!B:AA,11,0),"") -> 260715A01A | I31: =IFERROR(VLOOKUP(A31,PLAN!B:AA,12,0),"") -> 3586 | J31: =IFERROR(VLOOKUP(A31,PLAN!B:AA,15,0),"") -> China | K31: =IFERROR(VLOOKUP(A31,PLAN!B:AA,23,0),"") -> 0 | L31: =IFERROR(VLOOKUP(A31,PLAN!B:AA,24,0),"") -> 0 | M31: =IFERROR(VLOOKUP(A31,PLAN!B:AA,3,0),"") -> 2332200-0-C-CN | N31: =IFERROR(VLOOKUP(A31,PLAN!B:AA,2,0),"") -> 12125012 | O31: 0103463873 | P31: VD26703AAT8 | Q31: 915 | R31: =IFERROR(VLOOKUP(P31,[6]Sheet1!$F:$I,4,),"") | S31: =IFERROR(VLOOKUP(A31,PLAN!B:AA,19,0),"") -> 46223 | T31: =IFERROR(VLOOKUP(A31,PLAN!B:AA,20,0),"") -> M1 | W31: =IFERROR(VLOOKUP(A31,PLAN!B:AB,21,),"") -> F3 | Y31: Jul29-21 | Z31: =VLOOKUP(Y31,PLAN!B:AI,19,0) -> 46223
O32: 0103467710 | P32: VD26703AAT9 | Q32: 1274 | R32: =IFERROR(VLOOKUP(P32,[6]Sheet1!$F:$I,4,),"") | W32: F3 | Z32: 46223
O33: 0103467711 | P33: VD26703BAT1 | Q33: 1279 | R33: =IFERROR(VLOOKUP(P33,[6]Sheet1!$F:$I,4,),"") | W33: F3 | Z33: 46223
O34: 0103467712 | P34: VD26703BAT2 | Q34: =I31-Q31-Q32-Q33 -> 118 | R34: =IFERROR(VLOOKUP(P34,[6]Sheet1!$F:$I,4,),"") | W34: F3 | Z34: 46223
A35: =Y35 -> Jul29-22 | B35: =IFERROR(VLOOKUP(A35,PLAN!B:AA,5,0),"") -> 11134237 | C35: =IFERROR(VLOOKUP(A35,PLAN!B:AA,6,0),"") -> 1436196-Q-A | D35: =IFERROR(VLOOKUP(A35,PLAN!B:AA,7,0),"") -> AHW14R004S CN | E35: =IFERROR(VLOOKUP(A35,PLAN!B:AA,4,0),"") -> 1001916973 | F35: =IFERROR(VLOOKUP(A35,PLAN!B:AA,9,0),"") -> 46232 | G35: =IFERROR(VLOOKUP(A35,PLAN!B:AA,10,0),"") -> 0103553785 | H35: =IFERROR(VLOOKUP(A35,PLAN!B:AA,11,0),"") -> 260715A02A | I35: =IFERROR(VLOOKUP(A35,PLAN!B:AA,12,0),"") -> 3586 | J35: =IFERROR(VLOOKUP(A35,PLAN!B:AA,15,0),"") -> China | K35: =IFERROR(VLOOKUP(A35,PLAN!B:AA,23,0),"") -> 0 | L35: =IFERROR(VLOOKUP(A35,PLAN!B:AA,24,0),"") -> 0 | M35: =IFERROR(VLOOKUP(A35,PLAN!B:AA,3,0),"") -> 2332200-0-C-CN | N35: =IFERROR(VLOOKUP(A35,PLAN!B:AA,2,0),"") -> 12125012 | O35: 0103467712 | P35: VD26703BAT2 | Q35: 1159 | R35: =IFERROR(VLOOKUP(P35,[6]Sheet1!$F:$I,4,),"") | S35: =IFERROR(VLOOKUP(A35,PLAN!B:AA,19,0),"") -> 46223 | T35: =IFERROR(VLOOKUP(A35,PLAN!B:AA,20,0),"") -> M2 | W35: =IFERROR(VLOOKUP(A35,PLAN!B:AB,21,),"") -> F3 | Y35: Jul29-22 | Z35: =VLOOKUP(Y35,PLAN!B:AI,19,0) -> 46223
O36: 0103467714 | P36: VD26703BAT3 | Q36: 1276 | R36: =IFERROR(VLOOKUP(P36,[6]Sheet1!$F:$I,4,),"") | W36: F3 | Z36: 46223
O37: 0103457997 | P37: VD26702AAT5 | Q37: =I35-Q35-Q36 -> 1151 | R37: =IFERROR(VLOOKUP(P37,[6]Sheet1!$F:$I,4,),"") | W37: F3 | Z37: 46223
A38: =Y38 -> Jul29-23 | B38: =IFERROR(VLOOKUP(A38,PLAN!B:AA,5,0),"") -> 11134237 | C38: =IFERROR(VLOOKUP(A38,PLAN!B:AA,6,0),"") -> 1436196-Q-A | D38: =IFERROR(VLOOKUP(A38,PLAN!B:AA,7,0),"") -> AHW14R004S CN | E38: =IFERROR(VLOOKUP(A38,PLAN!B:AA,4,0),"") -> 1001916974 | F38: =IFERROR(VLOOKUP(A38,PLAN!B:AA,9,0),"") -> 46232 | G38: =IFERROR(VLOOKUP(A38,PLAN!B:AA,10,0),"") -> 0103553786 | H38: =IFERROR(VLOOKUP(A38,PLAN!B:AA,11,0),"") -> 260715A03A | I38: =IFERROR(VLOOKUP(A38,PLAN!B:AA,12,0),"") -> 2384 | J38: =IFERROR(VLOOKUP(A38,PLAN!B:AA,15,0),"") -> China | K38: =IFERROR(VLOOKUP(A38,PLAN!B:AA,23,0),"") -> 3 | L38: =IFERROR(VLOOKUP(A38,PLAN!B:AA,24,0),"") -> 0 | M38: =IFERROR(VLOOKUP(A38,PLAN!B:AA,3,0),"") -> 2332200-0-C-CN | N38: =IFERROR(VLOOKUP(A38,PLAN!B:AA,2,0),"") -> 12125012 | O38: 0103473761 | P38: VD26604EAS7 | Q38: 3 | R38: =IFERROR(VLOOKUP(P38,[6]Sheet1!$F:$I,4,),"") | S38: =IFERROR(VLOOKUP(A38,PLAN!B:AA,19,0),"") -> 46223 | T38: =IFERROR(VLOOKUP(A38,PLAN!B:AA,20,0),"") -> M3 | W38: =IFERROR(VLOOKUP(A38,PLAN!B:AB,21,),"") -> F3 | Y38: Jul29-23 | Z38: =VLOOKUP(Y38,PLAN!B:AI,19,0) -> 46223
O39: 0103473762 | P39: VD26604EAS8 | Q39: 7 | R39: =IFERROR(VLOOKUP(P39,[6]Sheet1!$F:$I,4,),"") | W39: F3 | Z39: 46223
O40: 0103473777 | P40: VD26604GAS4 | Q40: 439 | R40: =IFERROR(VLOOKUP(P40,[6]Sheet1!$F:$I,4,),"") | W40: F3 | Z40: 46223
O41: 0103473848 | P41: VD26605AAS8 | Q41: 185 | R41: =IFERROR(VLOOKUP(P41,[6]Sheet1!$F:$I,4,),"") | W41: F3 | Z41: 46223
O42: 0103473849 | P42: VD26605AAS9 | Q42: 440 | R42: =IFERROR(VLOOKUP(P42,[6]Sheet1!$F:$I,4,),"") | W42: F3 | Z42: 46223
O43: 0103473850 | P43: VD26605BAS1 | Q43: 437 | R43: =IFERROR(VLOOKUP(P43,[6]Sheet1!$F:$I,4,),"") | W43: F3 | Z43: 46223
O44: 0103473768 | P44: VD26604FAS4 | Q44: 439 | R44: =IFERROR(VLOOKUP(P44,[6]Sheet1!$F:$I,4,),"") | W44: F3 | Z44: 46223
O45: 0103473854 | P45: VD26605BAS4 | Q45: =I38-Q38-Q39-Q40-Q41-Q42-Q43-Q44 -> 434 | R45: =IFERROR(VLOOKUP(P45,[6]Sheet1!$F:$I,4,),"") | W45: F3 | Z45: 46223
A46: =Y46 -> Jul29-24 | B46: =IFERROR(VLOOKUP(A46,PLAN!B:AA,5,0),"") -> 11134235 | C46: =IFERROR(VLOOKUP(A46,PLAN!B:AA,6,0),"") -> 1036068-S-AK | D46: =IFERROR(VLOOKUP(A46,PLAN!B:AA,7,0),"") -> AHW14R001S CN | E46: =IFERROR(VLOOKUP(A46,PLAN!B:AA,4,0),"") -> 1001916975 | F46: =IFERROR(VLOOKUP(A46,PLAN!B:AA,9,0),"") -> 46232 | G46: =IFERROR(VLOOKUP(A46,PLAN!B:AA,10,0),"") -> 0103553787 | H46: =IFERROR(VLOOKUP(A46,PLAN!B:AA,11,0),"") -> 260715A04A | I46: =IFERROR(VLOOKUP(A46,PLAN!B:AA,12,0),"") -> 2386 | J46: =IFERROR(VLOOKUP(A46,PLAN!B:AA,15,0),"") -> China | K46: =IFERROR(VLOOKUP(A46,PLAN!B:AA,23,0),"") -> 0 | L46: =IFERROR(VLOOKUP(A46,PLAN!B:AA,24,0),"") -> 0 | M46: =IFERROR(VLOOKUP(A46,PLAN!B:AA,3,0),"") -> 2332192-0-C-CN | N46: =IFERROR(VLOOKUP(A46,PLAN!B:AA,2,0),"") -> 12120774 | O46: 0103467705 | P46: VD26603A9 | Q46: 12 | R46: =IFERROR(VLOOKUP(P46,[6]Sheet1!$F:$I,4,),"") | S46: =IFERROR(VLOOKUP(A46,PLAN!B:AA,19,0),"") -> 46223 | T46: =IFERROR(VLOOKUP(A46,PLAN!B:AA,20,0),"") -> M4 | W46: =IFERROR(VLOOKUP(A46,PLAN!B:AB,21,),"") -> F3 | Y46: Jul29-24 | Z46: =VLOOKUP(Y46,PLAN!B:AI,19,0) -> 46223
O47: 0103467707 | P47: VD26603B1 | Q47: 14 | R47: =IFERROR(VLOOKUP(P47,[6]Sheet1!$F:$I,4,),"") | W47: F3 | Z47: 46223
A48: =Y48 -> 0 | B48: =IFERROR(VLOOKUP(A48,PLAN!B:AA,5,0),"") | C48: =IFERROR(VLOOKUP(A48,PLAN!B:AA,6,0),"") | D48: =IFERROR(VLOOKUP(A48,PLAN!B:AA,7,0),"") | E48: =IFERROR(VLOOKUP(A48,PLAN!B:AA,4,0),"") | F48: =IFERROR(VLOOKUP(A48,PLAN!B:AA,9,0),"") | G48: =IFERROR(VLOOKUP(A48,PLAN!B:AA,10,0),"") | H48: =IFERROR(VLOOKUP(A48,PLAN!B:AA,11,0),"") | I48: =IFERROR(VLOOKUP(A48,PLAN!B:AA,12,0),"") | J48: =IFERROR(VLOOKUP(A48,PLAN!B:AA,15,0),"") | K48: =IFERROR(VLOOKUP(A48,PLAN!B:AA,23,0),"") | L48: =IFERROR(VLOOKUP(A48,PLAN!B:AA,24,0),"") | M48: =IFERROR(VLOOKUP(A48,PLAN!B:AA,3,0),"") | N48: =IFERROR(VLOOKUP(A48,PLAN!B:AA,2,0),"") | O48: 0103467724 | P48: VD26603C5 | Q48: 20 | R48: =IFERROR(VLOOKUP(P48,[6]Sheet1!$F:$I,4,),"") | S48: =IFERROR(VLOOKUP(A48,PLAN!B:AA,19,0),"") | T48: =IFERROR(VLOOKUP(A48,PLAN!B:AA,20,0),"") | W48: F3 | Z48: 46223
A49: =Y49 -> 0 | B49: =IFERROR(VLOOKUP(A49,PLAN!B:AA,5,0),"") | C49: =IFERROR(VLOOKUP(A49,PLAN!B:AA,6,0),"") | D49: =IFERROR(VLOOKUP(A49,PLAN!B:AA,7,0),"") | E49: =IFERROR(VLOOKUP(A49,PLAN!B:AA,4,0),"") | F49: =IFERROR(VLOOKUP(A49,PLAN!B:AA,9,0),"") | G49: =IFERROR(VLOOKUP(A49,PLAN!B:AA,10,0),"") | H49: =IFERROR(VLOOKUP(A49,PLAN!B:AA,11,0),"") | I49: =IFERROR(VLOOKUP(A49,PLAN!B:AA,12,0),"") | J49: =IFERROR(VLOOKUP(A49,PLAN!B:AA,15,0),"") | K49: =IFERROR(VLOOKUP(A49,PLAN!B:AA,23,0),"") | L49: =IFERROR(VLOOKUP(A49,PLAN!B:AA,24,0),"") | M49: =IFERROR(VLOOKUP(A49,PLAN!B:AA,3,0),"") | N49: =IFERROR(VLOOKUP(A49,PLAN!B:AA,2,0),"") | O49: 0103467725 | P49: VD26603C6 | Q49: 14 | R49: =IFERROR(VLOOKUP(P49,[6]Sheet1!$F:$I,4,),"") | S49: =IFERROR(VLOOKUP(A49,PLAN!B:AA,19,0),"") | T49: =IFERROR(VLOOKUP(A49,PLAN!B:AA,20,0),"") | W49: F3 | Z49: 46223
A50: =Y50 -> 0 | B50: =IFERROR(VLOOKUP(A50,PLAN!B:AA,5,0),"") | C50: =IFERROR(VLOOKUP(A50,PLAN!B:AA,6,0),"") | D50: =IFERROR(VLOOKUP(A50,PLAN!B:AA,7,0),"") | E50: =IFERROR(VLOOKUP(A50,PLAN!B:AA,4,0),"") | F50: =IFERROR(VLOOKUP(A50,PLAN!B:AA,9,0),"") | G50: =IFERROR(VLOOKUP(A50,PLAN!B:AA,10,0),"") | H50: =IFERROR(VLOOKUP(A50,PLAN!B:AA,11,0),"") | I50: =IFERROR(VLOOKUP(A50,PLAN!B:AA,12,0),"") | J50: =IFERROR(VLOOKUP(A50,PLAN!B:AA,15,0),"") | K50: =IFERROR(VLOOKUP(A50,PLAN!B:AA,23,0),"") | L50: =IFERROR(VLOOKUP(A50,PLAN!B:AA,24,0),"") | M50: =IFERROR(VLOOKUP(A50,PLAN!B:AA,3,0),"") | N50: =IFERROR(VLOOKUP(A50,PLAN!B:AA,2,0),"") | O50: 0103467728 | P50: VD26603C8 | Q50: 1276 | R50: =IFERROR(VLOOKUP(P50,[6]Sheet1!$F:$I,4,),"") | S50: =IFERROR(VLOOKUP(A50,PLAN!B:AA,19,0),"") | T50: =IFERROR(VLOOKUP(A50,PLAN!B:AA,20,0),"") | W50: F3 | Z50: 46223
A51: =Y51 -> 0 | B51: =IFERROR(VLOOKUP(A51,PLAN!B:AA,5,0),"") | C51: =IFERROR(VLOOKUP(A51,PLAN!B:AA,6,0),"") | D51: =IFERROR(VLOOKUP(A51,PLAN!B:AA,7,0),"") | E51: =IFERROR(VLOOKUP(A51,PLAN!B:AA,4,0),"") | F51: =IFERROR(VLOOKUP(A51,PLAN!B:AA,9,0),"") | G51: =IFERROR(VLOOKUP(A51,PLAN!B:AA,10,0),"") | H51: =IFERROR(VLOOKUP(A51,PLAN!B:AA,11,0),"") | I51: =IFERROR(VLOOKUP(A51,PLAN!B:AA,12,0),"") | J51: =IFERROR(VLOOKUP(A51,PLAN!B:AA,15,0),"") | K51: =IFERROR(VLOOKUP(A51,PLAN!B:AA,23,0),"") | L51: =IFERROR(VLOOKUP(A51,PLAN!B:AA,24,0),"") | M51: =IFERROR(VLOOKUP(A51,PLAN!B:AA,3,0),"") | N51: =IFERROR(VLOOKUP(A51,PLAN!B:AA,2,0),"") | O51: 0103477423 | P51: VD26606A6 | Q51: =I46-Q46-Q47-Q48-Q49-Q50 -> 1050 | R51: =IFERROR(VLOOKUP(P51,[6]Sheet1!$F:$I,4,),"") | S51: =IFERROR(VLOOKUP(A51,PLAN!B:AA,19,0),"") | T51: =IFERROR(VLOOKUP(A51,PLAN!B:AA,20,0),"") | W51: F3 | Z51: 46223
A52: =Y52 -> Jul29-25 | B52: =IFERROR(VLOOKUP(A52,PLAN!B:AA,5,0),"") -> 11134235 | C52: =IFERROR(VLOOKUP(A52,PLAN!B:AA,6,0),"") -> 1036068-S-AK | D52: =IFERROR(VLOOKUP(A52,PLAN!B:AA,7,0),"") -> AHW14R001S CN | E52: =IFERROR(VLOOKUP(A52,PLAN!B:AA,4,0),"") -> 1001916976 | F52: =IFERROR(VLOOKUP(A52,PLAN!B:AA,9,0),"") -> 46232 | G52: =IFERROR(VLOOKUP(A52,PLAN!B:AA,10,0),"") -> 0103553788 | H52: =IFERROR(VLOOKUP(A52,PLAN!B:AA,11,0),"") -> 260715A05A | I52: =IFERROR(VLOOKUP(A52,PLAN!B:AA,12,0),"") -> 2386 | J52: =IFERROR(VLOOKUP(A52,PLAN!B:AA,15,0),"") -> China | K52: =IFERROR(VLOOKUP(A52,PLAN!B:AA,23,0),"") -> 0 | L52: =IFERROR(VLOOKUP(A52,PLAN!B:AA,24,0),"") -> 0 | M52: =IFERROR(VLOOKUP(A52,PLAN!B:AA,3,0),"") -> 2332192-0-C-CN | N52: =IFERROR(VLOOKUP(A52,PLAN!B:AA,2,0),"") -> 12120774 | O52: 0103467726 | P52: VD26603C7 | Q52: =I52-Q53-Q54-Q55 -> 161 | R52: =IFERROR(VLOOKUP(P52,[6]Sheet1!$F:$I,4,),"") | S52: =IFERROR(VLOOKUP(A52,PLAN!B:AA,19,0),"") -> 46223 | T52: =IFERROR(VLOOKUP(A52,PLAN!B:AA,20,0),"") -> M5 | W52: =IFERROR(VLOOKUP(A52,PLAN!B:AB,21,),"") -> F3 | Y52: Jul29-25 | Z52: =VLOOKUP(Y52,PLAN!B:AI,19,0) -> 46223
O53: 0103477423 | P53: VD26606A6 | Q53: 226 | R53: =IFERROR(VLOOKUP(P53,[6]Sheet1!$F:$I,4,),"") | W53: F3 | Z53: 46223
O54: 0103477426 | P54: VD26606A8 | Q54: 1277 | R54: =IFERROR(VLOOKUP(P54,[6]Sheet1!$F:$I,4,),"") | W54: F3 | Z54: 46223
O55: 0103477427 | P55: VD26606A9 | Q55: 722 | R55: =IFERROR(VLOOKUP(P55,[6]Sheet1!$F:$I,4,),"") | W55: F3 | Z55: 46223
A56: =Y56 -> Jul29-44 | B56: =IFERROR(VLOOKUP(A56,PLAN!B:AA,5,0),"") -> 11134235 | C56: =IFERROR(VLOOKUP(A56,PLAN!B:AA,6,0),"") -> 1036068-S-AK | D56: =IFERROR(VLOOKUP(A56,PLAN!B:AA,7,0),"") -> AHW14R001S CN | E56: =IFERROR(VLOOKUP(A56,PLAN!B:AA,4,0),"") -> 1001916995 | F56: =IFERROR(VLOOKUP(A56,PLAN!B:AA,9,0),"") -> 46232 | G56: =IFERROR(VLOOKUP(A56,PLAN!B:AA,10,0),"") -> 0103553807 | H56: =IFERROR(VLOOKUP(A56,PLAN!B:AA,11,0),"") -> 260715A24A | I56: =IFERROR(VLOOKUP(A56,PLAN!B:AA,12,0),"") -> 3586 | J56: =IFERROR(VLOOKUP(A56,PLAN!B:AA,15,0),"") -> China | K56: =IFERROR(VLOOKUP(A56,PLAN!B:AA,23,0),"") -> 0 | L56: =IFERROR(VLOOKUP(A56,PLAN!B:AA,24,0),"") -> 0 | M56: =IFERROR(VLOOKUP(A56,PLAN!B:AA,3,0),"") -> 2332192-0-C-CN | N56: =IFERROR(VLOOKUP(A56,PLAN!B:AA,2,0),"") -> 12120774 | O56: 0103477425 | P56: VD26606A7 | Q56: 1260 | R56: =IFERROR(VLOOKUP(P56,[6]Sheet1!$F:$I,4,),"") | S56: =IFERROR(VLOOKUP(A56,PLAN!B:AA,19,0),"") -> 46223 | T56: =IFERROR(VLOOKUP(A56,PLAN!B:AA,20,0),"") -> M8 | W56: =IFERROR(VLOOKUP(A56,PLAN!B:AB,21,),"") -> CAG | Y56: Jul29-44 | Z56: =VLOOKUP(Y56,PLAN!B:AI,19,0) -> 46223
O57: 0103477427 | P57: VD26606A9 | Q57: 554 | R57: =IFERROR(VLOOKUP(P57,[6]Sheet1!$F:$I,4,),"") | W57: CAG | Z57: 46223
O58: 0103477451 | P58: VD26606C4 | Q58: 1278 | R58: =IFERROR(VLOOKUP(P58,[6]Sheet1!$F:$I,4,),"") | W58: CAG | Z58: 46223
O59: 0103477454 | P59: VD26606C5 | Q59: =I56-Q56-Q57-Q58 -> 494 | R59: =IFERROR(VLOOKUP(P59,[6]Sheet1!$F:$I,4,),"") | W59: CAG | Z59: 46223
A60: =Y60 -> Jul30-01 | B60: =IFERROR(VLOOKUP(A60,PLAN!B:AA,5,0),"") -> 11134237 | C60: =IFERROR(VLOOKUP(A60,PLAN!B:AA,6,0),"") -> 1436196-Q-A | D60: =IFERROR(VLOOKUP(A60,PLAN!B:AA,7,0),"") -> AHW14R004S CN | E60: =IFERROR(VLOOKUP(A60,PLAN!B:AA,4,0),"") -> 1001916996 | F60: =IFERROR(VLOOKUP(A60,PLAN!B:AA,9,0),"") -> 46233 | G60: =IFERROR(VLOOKUP(A60,PLAN!B:AA,10,0),"") -> 0103553808 | H60: =IFERROR(VLOOKUP(A60,PLAN!B:AA,11,0),"") -> 260715A25A | I60: =IFERROR(VLOOKUP(A60,PLAN!B:AA,12,0),"") -> 354 | J60: =IFERROR(VLOOKUP(A60,PLAN!B:AA,15,0),"") -> China | K60: =IFERROR(VLOOKUP(A60,PLAN!B:AA,23,0),"") -> 0 | L60: =IFERROR(VLOOKUP(A60,PLAN!B:AA,24,0),"") -> 0 | M60: =IFERROR(VLOOKUP(A60,PLAN!B:AA,3,0),"") -> 2332200-0-C-CN | N60: =IFERROR(VLOOKUP(A60,PLAN!B:AA,2,0),"") -> 12125012 | O60: 0103473854 | P60: VD26605BAS4 | Q60: 4 | R60: =IFERROR(VLOOKUP(P60,[6]Sheet1!$F:$I,4,),"") | S60: =IFERROR(VLOOKUP(A60,PLAN!B:AA,19,0),"") -> 46224 | T60: =IFERROR(VLOOKUP(A60,PLAN!B:AA,20,0),"") -> M1 | W60: =IFERROR(VLOOKUP(A60,PLAN!B:AB,21,),"") -> F3 | Y60: Jul30-01 | Z60: =VLOOKUP(Y60,PLAN!B:AI,19,0) -> 46224
O61: 0103473856 | P61: VD26605BAS5 | Q61: =I60-Q60 -> 350 | R61: =IFERROR(VLOOKUP(P61,[6]Sheet1!$F:$I,4,),"") | W61: F3 | Z61: 46224
A62: =Y62 -> Jul30-02 | B62: =IFERROR(VLOOKUP(A62,PLAN!B:AA,5,0),"") -> 11134237 | C62: =IFERROR(VLOOKUP(A62,PLAN!B:AA,6,0),"") -> 1436196-Q-A | D62: =IFERROR(VLOOKUP(A62,PLAN!B:AA,7,0),"") -> AHW14R004S CN | E62: =IFERROR(VLOOKUP(A62,PLAN!B:AA,4,0),"") -> 1001916997 | F62: =IFERROR(VLOOKUP(A62,PLAN!B:AA,9,0),"") -> 46233 | G62: =IFERROR(VLOOKUP(A62,PLAN!B:AA,10,0),"") -> 0103553809 | H62: =IFERROR(VLOOKUP(A62,PLAN!B:AA,11,0),"") -> 260715A26A | I62: =IFERROR(VLOOKUP(A62,PLAN!B:AA,12,0),"") -> 3216 | J62: =IFERROR(VLOOKUP(A62,PLAN!B:AA,15,0),"") -> China | K62: =IFERROR(VLOOKUP(A62,PLAN!B:AA,23,0),"") -> 0 | L62: =IFERROR(VLOOKUP(A62,PLAN!B:AA,24,0),"") -> 0 | M62: =IFERROR(VLOOKUP(A62,PLAN!B:AA,3,0),"") -> 2332200-0-C-CN | N62: =IFERROR(VLOOKUP(A62,PLAN!B:AA,2,0),"") -> 12125012 | O62: 0103503136 | P62: VD26709AAT1 | Q62: 1260 | R62: =IFERROR(VLOOKUP(P62,[6]Sheet1!$F:$I,4,),"") | S62: =IFERROR(VLOOKUP(A62,PLAN!B:AA,19,0),"") -> 46224 | T62: =IFERROR(VLOOKUP(A62,PLAN!B:AA,20,0),"") -> M1 | W62: =IFERROR(VLOOKUP(A62,PLAN!B:AB,21,),"") -> F3 | Y62: Jul30-02 | Z62: =VLOOKUP(Y62,PLAN!B:AI,19,0) -> 46224
O63: 0103503137 | P63: VD26709AAT2 | Q63: =I62-Q62-Q64-Q65 -> 557 | R63: =IFERROR(VLOOKUP(P63,[6]Sheet1!$F:$I,4,),"") | W63: F3 | Z63: 46224
O64: 0103457997 | P64: VD26702AAT5 | Q64: 124 | R64: =IFERROR(VLOOKUP(P64,[6]Sheet1!$F:$I,4,),"") | W64: F3 | Z64: 46224
O65: 0103457998 | P65: VD26702AAT6 | Q65: 1275 | R65: =IFERROR(VLOOKUP(P65,[6]Sheet1!$F:$I,4,),"") | W65: F3 | Z65: 46224
A66: =Y66 -> Jul30-03 | B66: =IFERROR(VLOOKUP(A66,PLAN!B:AA,5,0),"") -> 11134237 | C66: =IFERROR(VLOOKUP(A66,PLAN!B:AA,6,0),"") -> 1436196-Q-A | D66: =IFERROR(VLOOKUP(A66,PLAN!B:AA,7,0),"") -> AHW14R004S CN | E66: =IFERROR(VLOOKUP(A66,PLAN!B:AA,4,0),"") -> 1001916998 | F66: =IFERROR(VLOOKUP(A66,PLAN!B:AA,9,0),"") -> 46233 | G66: =IFERROR(VLOOKUP(A66,PLAN!B:AA,10,0),"") -> 0103553810 | H66: =IFERROR(VLOOKUP(A66,PLAN!B:AA,11,0),"") -> 260715A27A | I66: =IFERROR(VLOOKUP(A66,PLAN!B:AA,12,0),"") -> 357 | J66: =IFERROR(VLOOKUP(A66,PLAN!B:AA,15,0),"") -> China | K66: =IFERROR(VLOOKUP(A66,PLAN!B:AA,23,0),"") -> 3 | L66: =IFERROR(VLOOKUP(A66,PLAN!B:AA,24,0),"") -> 0 | M66: =IFERROR(VLOOKUP(A66,PLAN!B:AA,3,0),"") -> 2332200-0-C-CN | N66: =IFERROR(VLOOKUP(A66,PLAN!B:AA,2,0),"") -> 12125012 | O66: 0103473856 | P66: VD26605BAS5 | Q66: 88 | R66: =IFERROR(VLOOKUP(P66,[6]Sheet1!$F:$I,4,),"") | S66: =IFERROR(VLOOKUP(A66,PLAN!B:AA,19,0),"") -> 46224 | T66: =IFERROR(VLOOKUP(A66,PLAN!B:AA,20,0),"") -> M2 | W66: =IFERROR(VLOOKUP(A66,PLAN!B:AB,21,),"") -> F3 | Y66: Jul30-03 | Z66: =VLOOKUP(Y66,PLAN!B:AI,19,0) -> 46224
O67: 0103473857 | P67: VD26605BAS6 | Q67: =I66-Q66 -> 269 | R67: =IFERROR(VLOOKUP(P67,[6]Sheet1!$F:$I,4,),"") | W67: F3 | Z67: 46224
A68: =Y68 -> Jul30-04 | B68: =IFERROR(VLOOKUP(A68,PLAN!B:AA,5,0),"") -> 11134237 | C68: =IFERROR(VLOOKUP(A68,PLAN!B:AA,6,0),"") -> 1436196-Q-A | D68: =IFERROR(VLOOKUP(A68,PLAN!B:AA,7,0),"") -> AHW14R004S CN | E68: =IFERROR(VLOOKUP(A68,PLAN!B:AA,4,0),"") -> 1001916999 | F68: =IFERROR(VLOOKUP(A68,PLAN!B:AA,9,0),"") -> 46233 | G68: =IFERROR(VLOOKUP(A68,PLAN!B:AA,10,0),"") -> 0103553811 | H68: =IFERROR(VLOOKUP(A68,PLAN!B:AA,11,0),"") -> 260715A28A | I68: =IFERROR(VLOOKUP(A68,PLAN!B:AA,12,0),"") -> 3216 | J68: =IFERROR(VLOOKUP(A68,PLAN!B:AA,15,0),"") -> China | K68: =IFERROR(VLOOKUP(A68,PLAN!B:AA,23,0),"") -> 0 | L68: =IFERROR(VLOOKUP(A68,PLAN!B:AA,24,0),"") -> 0 | M68: =IFERROR(VLOOKUP(A68,PLAN!B:AA,3,0),"") -> 2332200-0-C-CN | N68: =IFERROR(VLOOKUP(A68,PLAN!B:AA,2,0),"") -> 12125012 | O68: 0103473773 | P68: VD26604FAS9 | Q68: 437 | R68: =IFERROR(VLOOKUP(P68,[6]Sheet1!$F:$I,4,),"") | S68: =IFERROR(VLOOKUP(A68,PLAN!B:AA,19,0),"") -> 46224 | T68: =IFERROR(VLOOKUP(A68,PLAN!B:AA,20,0),"") -> M2 | W68: =IFERROR(VLOOKUP(A68,PLAN!B:AB,21,),"") -> F3 | Y68: Jul30-04 | Z68: =VLOOKUP(Y68,PLAN!B:AI,19,0) -> 46224
O69: 0103473776 | P69: VD26604GAS3 | Q69: 438 | R69: =IFERROR(VLOOKUP(P69,[6]Sheet1!$F:$I,4,),"") | W69: F3 | Z69: 46224
O70: 0103473778 | P70: VD26604GAS5 | Q70: 439 | R70: =IFERROR(VLOOKUP(P70,[6]Sheet1!$F:$I,4,),"") | W70: F3 | Z70: 46224
O71: 0103473840 | P71: VD26605AAS1 | Q71: 430 | R71: =IFERROR(VLOOKUP(P71,[6]Sheet1!$F:$I,4,),"") | W71: F3 | Z71: 46224
O72: 0103473841 | P72: VD26605AAS2 | Q72: 439 | R72: =IFERROR(VLOOKUP(P72,[6]Sheet1!$F:$I,4,),"") | W72: F3 | Z72: 46224
O73: 0103473842 | P73: VD26605AAS3 | Q73: 440 | R73: =IFERROR(VLOOKUP(P73,[6]Sheet1!$F:$I,4,),"") | W73: F3 | Z73: 46224
O74: 0103473843 | P74: VD26605AAS4 | Q74: 438 | R74: =IFERROR(VLOOKUP(P74,[6]Sheet1!$F:$I,4,),"") | W74: F3 | Z74: 46224
O75: 0103473844 | P75: VD26605AAS5 | Q75: =I68-Q68-Q69-Q70-Q71-Q72-Q73-Q74 -> 155 | R75: =IFERROR(VLOOKUP(P75,[6]Sheet1!$F:$I,4,),"") | W75: F3 | Z75: 46224
A76: =Y76 -> Jul30-05 | B76: =IFERROR(VLOOKUP(A76,PLAN!B:AA,5,0),"") -> 11134237 | C76: =IFERROR(VLOOKUP(A76,PLAN!B:AA,6,0),"") -> 1436196-Q-A | D76: =IFERROR(VLOOKUP(A76,PLAN!B:AA,7,0),"") -> AHW14R004S CN | E76: =IFERROR(VLOOKUP(A76,PLAN!B:AA,4,0),"") -> 1001917000 | F76: =IFERROR(VLOOKUP(A76,PLAN!B:AA,9,0),"") -> 46233 | G76: =IFERROR(VLOOKUP(A76,PLAN!B:AA,10,0),"") -> 0103553812 | H76: =IFERROR(VLOOKUP(A76,PLAN!B:AA,11,0),"") -> 260715A29A | I76: =IFERROR(VLOOKUP(A76,PLAN!B:AA,12,0),"") -> 2396 | J76: =IFERROR(VLOOKUP(A76,PLAN!B:AA,15,0),"") -> China | K76: =IFERROR(VLOOKUP(A76,PLAN!B:AA,23,0),"") -> 0 | L76: =IFERROR(VLOOKUP(A76,PLAN!B:AA,24,0),"") -> 0 | M76: =IFERROR(VLOOKUP(A76,PLAN!B:AA,3,0),"") -> 2332200-0-C-CN | N76: =IFERROR(VLOOKUP(A76,PLAN!B:AA,2,0),"") -> 12125012 | O76: 0103473846 | P76: VD26605AAS6 | Q76: 437 | R76: =IFERROR(VLOOKUP(P76,[6]Sheet1!$F:$I,4,),"") | S76: =IFERROR(VLOOKUP(A76,PLAN!B:AA,19,0),"") -> 46224 | T76: =IFERROR(VLOOKUP(A76,PLAN!B:AA,20,0),"") -> M3 | W76: =IFERROR(VLOOKUP(A76,PLAN!B:AB,21,),"") -> F3 | Y76: Jul30-05 | Z76: =VLOOKUP(Y76,PLAN!B:AI,19,0) -> 46224
O77: 0103473847 | P77: VD26605AAS7 | Q77: 440 | R77: =IFERROR(VLOOKUP(P77,[6]Sheet1!$F:$I,4,),"") | W77: F3 | Z77: 46224
O78: 0103473852 | P78: VD26605BAS3 | Q78: 430 | R78: =IFERROR(VLOOKUP(P78,[6]Sheet1!$F:$I,4,),"") | W78: F3 | Z78: 46224
O79: 0103473857 | P79: VD26605BAS6 | Q79: 170 | R79: =IFERROR(VLOOKUP(P79,[6]Sheet1!$F:$I,4,),"") | W79: F3 | Z79: 46224
O80: 0103473860 | P80: VD26605BAS7 | Q80: 436 | R80: =IFERROR(VLOOKUP(P80,[6]Sheet1!$F:$I,4,),"") | W80: F3 | Z80: 46224
O81: 0103473861 | P81: VD26605BAS8 | Q81: 435 | R81: =IFERROR(VLOOKUP(P81,[6]Sheet1!$F:$I,4,),"") | W81: F3 | Z81: 46224
O82: 0103473862 | P82: VD26605BAS9 | Q82: =I76-Q76-Q77-Q78-Q79-Q80-Q81 -> 48 | R82: =IFERROR(VLOOKUP(P82,[6]Sheet1!$F:$I,4,),"") | W82: F3 | Z82: 46224
A83: =Y83 -> Jul30-06 | B83: =IFERROR(VLOOKUP(A83,PLAN!B:AA,5,0),"") -> 11134235 | C83: =IFERROR(VLOOKUP(A83,PLAN!B:AA,6,0),"") -> 1036068-S-AK | D83: =IFERROR(VLOOKUP(A83,PLAN!B:AA,7,0),"") -> AHW14R001S CN | E83: =IFERROR(VLOOKUP(A83,PLAN!B:AA,4,0),"") -> 1001917001 | F83: =IFERROR(VLOOKUP(A83,PLAN!B:AA,9,0),"") -> 46233 | G83: =IFERROR(VLOOKUP(A83,PLAN!B:AA,10,0),"") -> 0103553813 | H83: =IFERROR(VLOOKUP(A83,PLAN!B:AA,11,0),"") -> 260715A30A | I83: =IFERROR(VLOOKUP(A83,PLAN!B:AA,12,0),"") -> 2386 | J83: =IFERROR(VLOOKUP(A83,PLAN!B:AA,15,0),"") -> China | K83: =IFERROR(VLOOKUP(A83,PLAN!B:AA,23,0),"") -> 0 | L83: =IFERROR(VLOOKUP(A83,PLAN!B:AA,24,0),"") -> 0 | M83: =IFERROR(VLOOKUP(A83,PLAN!B:AA,3,0),"") -> 2332192-0-C-CN | N83: =IFERROR(VLOOKUP(A83,PLAN!B:AA,2,0),"") -> 12120774 | O83: 0103477456 | P83: VD26606C6 | Q83: 1260 | R83: =IFERROR(VLOOKUP(P83,[6]Sheet1!$F:$I,4,),"") | S83: =IFERROR(VLOOKUP(A83,PLAN!B:AA,19,0),"") -> 46224 | T83: =IFERROR(VLOOKUP(A83,PLAN!B:AA,20,0),"") -> M4 | W83: =IFERROR(VLOOKUP(A83,PLAN!B:AB,21,),"") -> F3 | Y83: Jul30-06 | Z83: =VLOOKUP(Y83,PLAN!B:AI,19,0) -> 46224
O84: 0103477458 | P84: VD26606C7 | Q84: =I83-Q83 -> 1126 | R84: =IFERROR(VLOOKUP(P84,[6]Sheet1!$F:$I,4,),"") | W84: F3 | Z84: 46224
A85: =Y85 -> Jul30-07 | B85: =IFERROR(VLOOKUP(A85,PLAN!B:AA,5,0),"") -> 11134240 | C85: =IFERROR(VLOOKUP(A85,PLAN!B:AA,6,0),"") -> 1436296-J-AK | D85: =IFERROR(VLOOKUP(A85,PLAN!B:AA,7,0),"") -> APW14R009S CN | E85: =IFERROR(VLOOKUP(A85,PLAN!B:AA,4,0),"") -> 1001917002 | F85: =IFERROR(VLOOKUP(A85,PLAN!B:AA,9,0),"") -> 46233 | G85: =IFERROR(VLOOKUP(A85,PLAN!B:AA,10,0),"") -> 0103553814 | H85: =IFERROR(VLOOKUP(A85,PLAN!B:AA,11,0),"") -> 260715A31A | I85: =IFERROR(VLOOKUP(A85,PLAN!B:AA,12,0),"") -> 3533 | J85: =IFERROR(VLOOKUP(A85,PLAN!B:AA,15,0),"") -> China | K85: =IFERROR(VLOOKUP(A85,PLAN!B:AA,23,0),"") -> 3 | L85: =IFERROR(VLOOKUP(A85,PLAN!B:AA,24,0),"") -> 0 | M85: =IFERROR(VLOOKUP(A85,PLAN!B:AA,3,0),"") -> 2332495-0-C-CN | N85: =IFERROR(VLOOKUP(A85,PLAN!B:AA,2,0),"") -> 12125069 | O85: 0103480574 | P85: VD26608A4-NU | Q85: 100 | R85: =IFERROR(VLOOKUP(P85,[6]Sheet1!$F:$I,4,),"") | S85: =IFERROR(VLOOKUP(A85,PLAN!B:AA,19,0),"") -> 46224 | T85: =IFERROR(VLOOKUP(A85,PLAN!B:AA,20,0),"") -> M5 | W85: =IFERROR(VLOOKUP(A85,PLAN!B:AB,21,),"") -> F3 | Y85: Jul30-07 | Z85: =VLOOKUP(Y85,PLAN!B:AI,19,0) -> 46224
O86: 0103484699 | P86: VD26610A3-NU | Q86: 490 | W86: F3 | Z86: 46224
O87: 0103484715 | P87: VD26610B1-NU | Q87: 492 | W87: F3 | Z87: 46224
O88: 0103490579 | P88: VD26612A5-NU | Q88: 491 | W88: F3 | Z88: 46224
O89: 0103490591 | P89: VD26612B5-NU | Q89: 490 | W89: F3 | Z89: 46224
O90: 0103491455 | P90: VD26612C1-NU | Q90: 490 | W90: F3 | Z90: 46224
O91: 0103491456 | P91: VD26612C2-NU | Q91: 490 | W91: F3 | Z91: 46224
O92: 0103491458 | P92: VD26612C4-NU | Q92: =I85-Q85-Q86-Q87-Q88-Q89-Q90-Q91 -> 490 | W92: F3 | Z92: 46224
A93: =Y93 -> Jul30-09 | B93: =IFERROR(VLOOKUP(A93,PLAN!B:AA,5,0),"") -> 11125015 | C93: =IFERROR(VLOOKUP(A93,PLAN!B:AA,6,0),"") -> 1831232-C-AK | D93: =IFERROR(VLOOKUP(A93,PLAN!B:AA,7,0),"") -> AP14R010SR JP | E93: =IFERROR(VLOOKUP(A93,PLAN!B:AA,4,0),"") -> 1001917608 | F93: =IFERROR(VLOOKUP(A93,PLAN!B:AA,9,0),"") -> 46233 | G93: =IFERROR(VLOOKUP(A93,PLAN!B:AA,10,0),"") -> 0103555107 | H93: =IFERROR(VLOOKUP(A93,PLAN!B:AA,11,0),"") -> 260715A32A | I93: =IFERROR(VLOOKUP(A93,PLAN!B:AA,12,0),"") -> 5 | J93: =IFERROR(VLOOKUP(A93,PLAN!B:AA,15,0),"") -> Japan | K93: =IFERROR(VLOOKUP(A93,PLAN!B:AA,23,0),"") -> 0 | L93: =IFERROR(VLOOKUP(A93,PLAN!B:AA,24,0),"") -> 0 | M93: =IFERROR(VLOOKUP(A93,PLAN!B:AA,3,0),"") -> 1832278-A-CK | N93: =IFERROR(VLOOKUP(A93,PLAN!B:AA,2,0),"") -> 12110587 | O93: 0103365952 | P93: VD26415A1 | Q93: =I93 -> 5 | R93: =IFERROR(VLOOKUP(P93,[6]Sheet1!$F:$I,4,),"") | S93: =IFERROR(VLOOKUP(A93,PLAN!B:AA,19,0),"") -> 46224 | T93: =IFERROR(VLOOKUP(A93,PLAN!B:AA,20,0),"") -> M6 | W93: =IFERROR(VLOOKUP(A93,PLAN!B:AB,21,),"") -> F2 | Y93: Jul30-09 | Z93: =VLOOKUP(Y93,PLAN!B:AI,19,0) -> 46224
A94: =Y94 -> Jul30-10 | B94: =IFERROR(VLOOKUP(A94,PLAN!B:AA,5,0),"") -> 11124975 | C94: =IFERROR(VLOOKUP(A94,PLAN!B:AA,6,0),"") -> 1831193-C-AK | D94: =IFERROR(VLOOKUP(A94,PLAN!B:AA,7,0),"") -> AH14S003SR JP | E94: =IFERROR(VLOOKUP(A94,PLAN!B:AA,4,0),"") -> 1001917609 | F94: =IFERROR(VLOOKUP(A94,PLAN!B:AA,9,0),"") -> 46233 | G94: =IFERROR(VLOOKUP(A94,PLAN!B:AA,10,0),"") -> 0103555108 | H94: =IFERROR(VLOOKUP(A94,PLAN!B:AA,11,0),"") -> 260715A33A | I94: =IFERROR(VLOOKUP(A94,PLAN!B:AA,12,0),"") -> 5 | J94: =IFERROR(VLOOKUP(A94,PLAN!B:AA,15,0),"") -> Japan | K94: =IFERROR(VLOOKUP(A94,PLAN!B:AA,23,0),"") -> 0 | L94: =IFERROR(VLOOKUP(A94,PLAN!B:AA,24,0),"") -> 0 | M94: =IFERROR(VLOOKUP(A94,PLAN!B:AA,3,0),"") -> 1832202-A-CK | N94: =IFERROR(VLOOKUP(A94,PLAN!B:AA,2,0),"") -> 12111390 | O94: 0103484748 | P94: VD26610B9 | Q94: =I94 -> 5 | R94: =IFERROR(VLOOKUP(P94,[6]Sheet1!$F:$I,4,),"") | S94: =IFERROR(VLOOKUP(A94,PLAN!B:AA,19,0),"") -> 46224 | T94: =IFERROR(VLOOKUP(A94,PLAN!B:AA,20,0),"") -> M6 | W94: =IFERROR(VLOOKUP(A94,PLAN!B:AB,21,),"") -> F2 | Y94: Jul30-10 | Z94: =VLOOKUP(Y94,PLAN!B:AI,19,0) -> 46224
A95: =Y95 -> Jul30-11 | B95: =IFERROR(VLOOKUP(A95,PLAN!B:AA,5,0),"") -> 11118078 | C95: =IFERROR(VLOOKUP(A95,PLAN!B:AA,6,0),"") -> 2331068-A-A | D95: =IFERROR(VLOOKUP(A95,PLAN!B:AA,7,0),"") -> WAMS-180-1645 CE3 | E95: =IFERROR(VLOOKUP(A95,PLAN!B:AA,4,0),"") -> 1001917610 | F95: =IFERROR(VLOOKUP(A95,PLAN!B:AA,9,0),"") -> 46233 | G95: =IFERROR(VLOOKUP(A95,PLAN!B:AA,10,0),"") -> 0103555109 | H95: =IFERROR(VLOOKUP(A95,PLAN!B:AA,11,0),"") -> 260715A34A | I95: =IFERROR(VLOOKUP(A95,PLAN!B:AA,12,0),"") -> 300 | J95: =IFERROR(VLOOKUP(A95,PLAN!B:AA,15,0),"") -> Oversea | K95: =IFERROR(VLOOKUP(A95,PLAN!B:AA,23,0),"") -> 0 | L95: =IFERROR(VLOOKUP(A95,PLAN!B:AA,24,0),"") -> 0 | M95: =IFERROR(VLOOKUP(A95,PLAN!B:AA,3,0),"") -> 1832353-A-C | N95: =IFERROR(VLOOKUP(A95,PLAN!B:AA,2,0),"") -> 12111079 | O95: 0103477482 | P95: VD26606A1-NU | Q95: 207 | R95: =IFERROR(VLOOKUP(P95,[6]Sheet1!$F:$I,4,),"") | S95: =IFERROR(VLOOKUP(A95,PLAN!B:AA,19,0),"") -> 46224 | T95: =IFERROR(VLOOKUP(A95,PLAN!B:AA,20,0),"") -> M6 | W95: =IFERROR(VLOOKUP(A95,PLAN!B:AB,21,),"") -> F2 | Y95: Jul30-11 | Z95: =VLOOKUP(Y95,PLAN!B:AI,19,0) -> 46224
O96: 0103503170 | P96: VD26618A6-NU | Q96: =I95-Q95 -> 93 | W96: F2 | Z96: 46224
A97: =Y97 -> Jul30-12 | B97: =IFERROR(VLOOKUP(A97,PLAN!B:AA,5,0),"") -> 11125715 | C97: =IFERROR(VLOOKUP(A97,PLAN!B:AA,6,0),"") -> 2131687-C-AK | D97: =IFERROR(VLOOKUP(A97,PLAN!B:AA,7,0),"") -> AHW14R001S NOCE | E97: =IFERROR(VLOOKUP(A97,PLAN!B:AA,4,0),"") -> 1001917611 | F97: =IFERROR(VLOOKUP(A97,PLAN!B:AA,9,0),"") -> 46233 | G97: =IFERROR(VLOOKUP(A97,PLAN!B:AA,10,0),"") -> 0103555110 | H97: =IFERROR(VLOOKUP(A97,PLAN!B:AA,11,0),"") -> 260715A35A | I97: =IFERROR(VLOOKUP(A97,PLAN!B:AA,12,0),"") -> 658 | J97: =IFERROR(VLOOKUP(A97,PLAN!B:AA,15,0),"") -> Oversea | K97: =IFERROR(VLOOKUP(A97,PLAN!B:AA,23,0),"") -> 0 | L97: =IFERROR(VLOOKUP(A97,PLAN!B:AA,24,0),"") -> 0 | M97: =IFERROR(VLOOKUP(A97,PLAN!B:AA,3,0),"") -> 1832196-A-CK | N97: =IFERROR(VLOOKUP(A97,PLAN!B:AA,2,0),"") -> 12112517 | O97: 0103510463 | P97: VD26622A4 | Q97: =I97 -> 658 | R97: =IFERROR(VLOOKUP(P97,[6]Sheet1!$F:$I,4,),"") | S97: =IFERROR(VLOOKUP(A97,PLAN!B:AA,19,0),"") -> 46224 | T97: =IFERROR(VLOOKUP(A97,PLAN!B:AA,20,0),"") -> M6 | W97: =IFERROR(VLOOKUP(A97,PLAN!B:AB,21,),"") -> F2 | Y97: Jul30-12 | Z97: =VLOOKUP(Y97,PLAN!B:AI,19,0) -> 46224
A98: =Y98 -> Jul30-13 | B98: =IFERROR(VLOOKUP(A98,PLAN!B:AA,5,0),"") -> 11126890 | C98: =IFERROR(VLOOKUP(A98,PLAN!B:AA,6,0),"") -> 2331263-A-AK | D98: =IFERROR(VLOOKUP(A98,PLAN!B:AA,7,0),"") -> AG149001 NOCE | E98: =IFERROR(VLOOKUP(A98,PLAN!B:AA,4,0),"") -> 1001917612 | F98: =IFERROR(VLOOKUP(A98,PLAN!B:AA,9,0),"") -> 46233 | G98: =IFERROR(VLOOKUP(A98,PLAN!B:AA,10,0),"") -> 0103555111 | H98: =IFERROR(VLOOKUP(A98,PLAN!B:AA,11,0),"") -> 260715A36A | I98: =IFERROR(VLOOKUP(A98,PLAN!B:AA,12,0),"") -> 20 | J98: =IFERROR(VLOOKUP(A98,PLAN!B:AA,15,0),"") -> Oversea | K98: =IFERROR(VLOOKUP(A98,PLAN!B:AA,23,0),"") -> 0 | L98: =IFERROR(VLOOKUP(A98,PLAN!B:AA,24,0),"") -> 0 | M98: =IFERROR(VLOOKUP(A98,PLAN!B:AA,3,0),"") -> 1832373-0-CK | N98: =IFERROR(VLOOKUP(A98,PLAN!B:AA,2,0),"") -> 12001365 | O98: 0103443942 | P98: VD26522E1 | Q98: =I98 -> 20 | R98: =IFERROR(VLOOKUP(P98,[6]Sheet1!$F:$I,4,),"") | S98: =IFERROR(VLOOKUP(A98,PLAN!B:AA,19,0),"") -> 46224 | T98: =IFERROR(VLOOKUP(A98,PLAN!B:AA,20,0),"") -> M6 | W98: =IFERROR(VLOOKUP(A98,PLAN!B:AB,21,),"") -> F2 | Y98: Jul30-13 | Z98: =VLOOKUP(Y98,PLAN!B:AI,19,0) -> 46224
A99: =Y99 -> Jul30-14 | B99: =IFERROR(VLOOKUP(A99,PLAN!B:AA,5,0),"") -> 11117107 | C99: =IFERROR(VLOOKUP(A99,PLAN!B:AA,6,0),"") -> 2331065-0-A | D99: =IFERROR(VLOOKUP(A99,PLAN!B:AA,7,0),"") -> AHW10S302S CE4 | E99: =IFERROR(VLOOKUP(A99,PLAN!B:AA,4,0),"") -> 1001917613 | F99: =IFERROR(VLOOKUP(A99,PLAN!B:AA,9,0),"") -> 46233 | G99: =IFERROR(VLOOKUP(A99,PLAN!B:AA,10,0),"") -> 0103555112 | H99: =IFERROR(VLOOKUP(A99,PLAN!B:AA,11,0),"") -> 260715A37A | I99: =IFERROR(VLOOKUP(A99,PLAN!B:AA,12,0),"") -> 190 | J99: =IFERROR(VLOOKUP(A99,PLAN!B:AA,15,0),"") -> Oversea | K99: =IFERROR(VLOOKUP(A99,PLAN!B:AA,23,0),"") -> 0 | L99: =IFERROR(VLOOKUP(A99,PLAN!B:AA,24,0),"") -> 0 | M99: =IFERROR(VLOOKUP(A99,PLAN!B:AA,3,0),"") -> 1832175-A-C | N99: =IFERROR(VLOOKUP(A99,PLAN!B:AA,2,0),"") -> 12111377 | O99: 0103477419 | P99: VD26606A2 | Q99: 95 | R99: =IFERROR(VLOOKUP(P99,[6]Sheet1!$F:$I,4,),"") | S99: =IFERROR(VLOOKUP(A99,PLAN!B:AA,19,0),"") -> 46224 | T99: =IFERROR(VLOOKUP(A99,PLAN!B:AA,20,0),"") -> M6 | W99: =IFERROR(VLOOKUP(A99,PLAN!B:AB,21,),"") -> F2 | Y99: Jul30-14 | Z99: =VLOOKUP(Y99,PLAN!B:AI,19,0) -> 46224
O100: 0103477441 | P100: VD26606B9 | Q100: =I99-Q99 -> 95 | R100: =IFERROR(VLOOKUP(P100,[6]Sheet1!$F:$I,4,),"") | W100: F2 | Z100: 46224
A101: =Y101 -> Jul30-15 | B101: =IFERROR(VLOOKUP(A101,PLAN!B:AA,5,0),"") -> 11118080 | C101: =IFERROR(VLOOKUP(A101,PLAN!B:AA,6,0),"") -> 2331070-A-A | D101: =IFERROR(VLOOKUP(A101,PLAN!B:AA,7,0),"") -> WAMS-165-16ST CE3 | E101: =IFERROR(VLOOKUP(A101,PLAN!B:AA,4,0),"") -> 1001917614 | F101: =IFERROR(VLOOKUP(A101,PLAN!B:AA,9,0),"") -> 46233 | G101: =IFERROR(VLOOKUP(A101,PLAN!B:AA,10,0),"") -> 0103555113 | H101: =IFERROR(VLOOKUP(A101,PLAN!B:AA,11,0),"") -> 260715A38A | I101: =IFERROR(VLOOKUP(A101,PLAN!B:AA,12,0),"") -> 30 | J101: =IFERROR(VLOOKUP(A101,PLAN!B:AA,15,0),"") -> Oversea | K101: =IFERROR(VLOOKUP(A101,PLAN!B:AA,23,0),"") -> 0 | L101: =IFERROR(VLOOKUP(A101,PLAN!B:AA,24,0),"") -> 0 | M101: =IFERROR(VLOOKUP(A101,PLAN!B:AA,3,0),"") -> 1832356-A-C | N101: =IFERROR(VLOOKUP(A101,PLAN!B:AA,2,0),"") -> 12111082 | O101: 0103463890 | P101: VD26601A9-NU | Q101: 8 | R101: =IFERROR(VLOOKUP(P101,[6]Sheet1!$F:$I,4,),"") | S101: =IFERROR(VLOOKUP(A101,PLAN!B:AA,19,0),"") -> 46224 | T101: =IFERROR(VLOOKUP(A101,PLAN!B:AA,20,0),"") -> M6 | W101: =IFERROR(VLOOKUP(A101,PLAN!B:AB,21,),"") -> F2 | Y101: Jul30-15 | Z101: =VLOOKUP(Y101,PLAN!B:AI,19,0) -> 46224
...

Sheet total
A1: LABEL: 20
A2: Sụbject | C2: 46174 | D2: 46175 | E2: 46176 | F2: 46177 | G2: 46178 | H2: 46179 | I2: 46180 | J2: 46181 | K2: 46182 | L2: 46183 | M2: 46184 | N2: 46185 | O2: 46186 | P2: 46187 | Q2: 46188 | R2: 46189 | S2: 46190 | T2: 46191 | U2: 46192 | V2: 46193 | W2: 46194 | X2: 46195 | Y2: 46196 | Z2: 46197 | AA2: 46198 | AB2: 46199 | AC2: 46200 | AD2: 46201 | AE2: 46202 | AF2: 46203 | AG2: 46204 | AH2: 46205 | AI2: 46206 | AJ2: 46207 | AK2: 46208 | AL2: 46209 | AM2: 46210 | AN2: 46211 | AO2: 46212 | AP2: 46213 | AQ2: 46214 | AR2: 46215 | AS2: 46216 | AT2: 46217 | AU2: 46218 | AV2: 46219 | AW2: 46220 | AX2: 46221 | AY2: 46222 | AZ2: 46223 | BA2: 46224 | BB2: 46225 | BC2: 46226 | BD2: 46227 | BE2: 46228 | BF2: 46229 | BG2: 46230 | BH2: 46231 | BI2: 46232 | BJ2: 46233 | BK2: 46234 | BL2: 46235 | BM2: 46236 | BN2: 46237 | BO2: 46238 | BP2: 46239 | BQ2: 46240 | BR2: 46241 | BS2: 46242 | BT2: 46243 | BU2: 46244 | BV2: 46245 | BW2: 46246 | BX2: 46247 | BY2: 46248 | BZ2: 46249 | CA2: 46250 | CB2: 46251 | CC2: 46252 | CD2: 46253 | CE2: 46254 | CF2: 46255 | CG2: 46256 | CH2: 46257 | CI2: 46258 | CJ2: 46259 | CK2: 46260 | CL2: 46261 | CM2: 46262 | CN2: 46263 | CO2: 46264 | CP2: 46265 | CQ2: 46266 | CR2: 46267 | CS2: 46268 | CT2: 46269 | CU2: 46270 | CV2: 46271 | CW2: 46272 | CX2: 46273 | CY2: 46274 | CZ2: 46275 | DA2: 46276 | DB2: 46277 | DC2: 46278 | DD2: 46279 | DE2: 46280 | DF2: 46281 | DG2: 46282 | DH2: 46283 | DI2: 46284 | DJ2: 46285 | DK2: 46286
A3: PTCA | B3: Q'ty | C3: =SUMIFS(PLAN!M:M,PLAN!Q:Q,total!C2) -> 0 | D3: =SUMIFS(PLAN!M:M,PLAN!Q:Q,total!D2) -> 0 | E3: =SUMIFS(PLAN!M:M,PLAN!Q:Q,total!E2) -> 0 | F3: =SUMIFS(PLAN!$M:$M,PLAN!$Q:$Q,total!F2) -> 0 | G3: =SUMIFS(PLAN!$M:$M,PLAN!$Q:$Q,total!G2) -> 0 | H3: =SUMIFS(PLAN!$M:$M,PLAN!$Q:$Q,total!H2) -> 0 | I3: =SUMIFS(PLAN!$M:$M,PLAN!$Q:$Q,total!I2) -> 0 | J3: =SUMIFS(PLAN!$M:$M,PLAN!$Q:$Q,total!J2) -> 0 | K3: =SUMIFS(PLAN!$M:$M,PLAN!$Q:$Q,total!K2) -> 0 | L3: =SUMIFS(PLAN!$M:$M,PLAN!$Q:$Q,total!L2) -> 0 | M3: =SUMIFS(PLAN!$M:$M,PLAN!$Q:$Q,total!M2) -> 0 | ... DK3: =SUMIFS(PLAN!$M:$M,PLAN!$Q:$Q,total!DK2) -> 0
B4: Time | C4: =SUMIFS(PLAN!$Z:$Z,PLAN!$Q:$Q,total!C2) -> 0 | D4: =SUMIFS(PLAN!$Z:$Z,PLAN!$Q:$Q,total!D2) -> 0 | E4: =SUMIFS(PLAN!$Z:$Z,PLAN!$Q:$Q,total!E2) -> 0 | F4: =SUMIFS(PLAN!$Z:$Z,PLAN!$Q:$Q,total!F2) -> 0 | G4: =SUMIFS(PLAN!$Z:$Z,PLAN!$Q:$Q,total!G2) -> 0 | H4: =SUMIFS(PLAN!$Z:$Z,PLAN!$Q:$Q,total!H2) -> 0 | I4: =SUMIFS(PLAN!$Z:$Z,PLAN!$Q:$Q,total!I2) -> 0 | J4: =SUMIFS(PLAN!$Z:$Z,PLAN!$Q:$Q,total!J2) -> 0 | ... DK4: =SUMIFS(PLAN!$Z:$Z,PLAN!$Q:$Q,total!DK2) -> 0
A5: CAG | B5: Q'ty | C5: =SUMIFS([7]PLAN!$K:$K,[7]PLAN!$R:$R,C2) -> 0 | D5: =SUMIFS([7]PLAN!$K:$K,[7]PLAN!$R:$R,D2) -> 0 | E5: =SUMIFS([7]PLAN!$K:$K,[7]PLAN!$R:$R,E2) -> 0 | F5: =SUMIFS([7]PLAN!$K:$K,[7]PLAN!$R:$R,F2) -> 0 | G5: =SUMIFS([7]PLAN!$K:$K,[7]PLAN!$R:$R,G2) -> 0 | H5: =SUMIFS([7]PLAN!$K:$K,[7]PLAN!$R:$R,H2) -> 0 | I5: =SUMIFS([7]PLAN!$K:$K,[7]PLAN!$R:$R,I2) -> 0 | J5: =SUMIFS([7]PLAN!$K:$K,[7]PLAN!$R:$R,J2) -> 0 | ... DK5: =SUMIFS([7]PLAN!$K:$K,[7]PLAN!$R:$R,DK2) -> 0
B6: Time | C6: =SUMIFS([7]PLAN!$Y:$Y,[7]PLAN!$R:$R,C2) -> 0 | D6: =SUMIFS([7]PLAN!$Y:$Y,[7]PLAN!$R:$R,D2) -> 0 | E6: =SUMIFS([7]PLAN!$Y:$Y,[7]PLAN!$R:$R,E2) -> 0 | F6: =SUMIFS([7]PLAN!$Y:$Y,[7]PLAN!$R:$R,F2) -> 0 | G6: =SUMIFS([7]PLAN!$Y:$Y,[7]PLAN!$R:$R,G2) -> 0 | H6: =SUMIFS([7]PLAN!$Y:$Y,[7]PLAN!$R:$R,H2) -> 0 | I6: =SUMIFS([7]PLAN!$Y:$Y,[7]PLAN!$R:$R,I2) -> 0 | J6: =SUMIFS([7]PLAN!$Y:$Y,[7]PLAN!$R:$R,J2) -> 0 | ... DK6: =SUMIFS([7]PLAN!$Y:$Y,[7]PLAN!$R:$R,DK2) -> 0
A7: Total time | C7: =(C6+C4)-((C6+C4)*-5%) -> 0 | D7: =(D6+D4)-((D6+D4)*-5%) -> 0 | E7: =(E6+E4)-((E6+E4)*-5%) -> 0 | F7: =(F6+F4)-((F6+F4)*-5%) -> 0 | G7: =(G6+G4)-((G6+G4)*-5%) -> 0 | H7: =(H6+H4)-((H6+H4)*-5%) -> 0 | I7: =(I6+I4)-((I6+I4)*-5%) -> 0 | J7: =(J6+J4)-((J6+J4)*-5%) -> 0 | ... DK7: =(DK6+DK4)-((DK6+DK4)*-5%) -> 0
A8: Plan time
A9: Man request | B9: 450 | C9: =C7/$B$9 -> 0 | D9: =D7/$B$9 -> 0 | E9: =E7/$B$9 -> 0 | F9: =F7/$B$9 -> 0 | G9: =G7/$B$9 -> 0 | H9: =H7/$B$9 -> 0 | I9: =I7/$B$9 -> 0 | J9: =J7/$B$9 -> 0 | ... DK9: =DK7/$B$9 -> 0
B10: 550 | C10: =C7/$B$10 -> 0 | D10: =D7/$B$10 -> 0 | E10: =E7/$B$10 -> 0 | F10: =F7/$B$10 -> 0 | G10: =G7/$B$10 -> 0 | H10: =H7/$B$10 -> 0 | I10: =I7/$B$10 -> 0 | J10: =J7/$B$10 -> 0 | ... DK10: =DK7/$B$10 -> 0
B11: 630 | C11: =C7/$B$11 -> 0 | D11: =D7/$B$11 -> 0 | E11: =E7/$B$11 -> 0 | F11: =F7/$B$11 -> 0 | G11: =G7/$B$11 -> 0 | H11: =H7/$B$11 -> 0 | I11: =I7/$B$11 -> 0 | J11: =J7/$B$11 -> 0 | ... DK11: =DK7/$B$11 -> 0
A12: Total | C12: =C5+C3 -> 0 | D12: =D5+D3 -> 0 | E12: =E5+E3 -> 0 | F12: =F5+F3 -> 0 | G12: =G5+G3 -> 0 | H12: =H5+H3 -> 0 | I12: =I5+I3 -> 0 | J12: =J5+J3 -> 0 | ... DK12: =DK5+DK3 -> 0
A13: SEAL: 70
A14: Sụbject
A15: PTCA | B15: Q'ty | C15: =SUMIFS(PLAN!$M:$M,PLAN!$S:$S,total!C2) -> 0 | D15: =SUMIFS(PLAN!$M:$M,PLAN!$S:$S,total!D2) -> 0 | E15: =SUMIFS(PLAN!$M:$M,PLAN!$S:$S,total!E2) -> 0 | F15: =SUMIFS(PLAN!$M:$M,PLAN!$S:$S,total!F2) -> 0 | G15: =SUMIFS(PLAN!$M:$M,PLAN!$S:$S,total!G2) -> 0 | H15: =SUMIFS(PLAN!$M:$M,PLAN!$S:$S,total!H2) -> 0 | I15: =SUMIFS(PLAN!$M:$M,PLAN!$S:$S,total!I2) -> 0 | J15: =SUMIFS(PLAN!$M:$M,PLAN!$S:$S,total!J2) -> 0 | ... DK15: =SUMIFS(PLAN!$M:$M,PLAN!$S:$S,total!DK2) -> 0
B16: Time | C16: =SUMIFS(PLAN!$AA:$AA,PLAN!$Q:$Q,total!C2) -> 0 | D16: =SUMIFS(PLAN!$AA:$AA,PLAN!$Q:$Q,total!D2) -> 0 | E16: =SUMIFS(PLAN!$AA:$AA,PLAN!$Q:$Q,total!E2) -> 0 | F16: =SUMIFS(PLAN!$AA:$AA,PLAN!$Q:$Q,total!F2) -> 0 | G16: =SUMIFS(PLAN!$AA:$AA,PLAN!$Q:$Q,total!G2) -> 0 | H16: =SUMIFS(PLAN!$AA:$AA,PLAN!$Q:$Q,total!H2) -> 0 | I16: =SUMIFS(PLAN!$AA:$AA,PLAN!$Q:$Q,total!I2) -> 0 | J16: =SUMIFS(PLAN!$AA:$AA,PLAN!$Q:$Q,total!J2) -> 0 | ... DK16: =SUMIFS(PLAN!$AA:$AA,PLAN!$Q:$Q,total!DK2) -> 0
A17: Plan time | C17: =C16+C16*5% -> 0 | D17: =D16+D16*5% -> 0 | E17: =E16+E16*5% -> 0 | F17: =F16+F16*5% -> 0 | G17: =G16+G16*5% -> 0 | H17: =H16+H16*5% -> 0 | I17: =I16+I16*5% -> 0 | J17: =J16+J16*5% -> 0 | ... DK17: =DK16+DK16*5% -> 0
A18: Man | B18: 430 | C18: =C17/$B$18 -> 0 | D18: =D17/$B$18 -> 0 | E18: =E17/$B$18 -> 0 | F18: =F17/$B$18 -> 0 | G18: =G17/$B$18 -> 0 | H18: =H17/$B$18 -> 0 | I18: =I17/$B$18 -> 0 | J18: =J17/$B$18 -> 0 | ... DK18: =DK17/$B$18 -> 0
B19: 550 | C19: =C17/$B$19 -> 0 | D19: =D17/$B$19 -> 0 | E19: =E17/$B$19 -> 0 | F19: =F17/$B$19 -> 0 | G19: =G17/$B$19 -> 0 | H19: =H17/$B$19 -> 0 | I19: =I17/$B$19 -> 0 | J19: =J17/$B$19 -> 0 | ... DK19: =DK17/$B$19 -> 0
B20: 630 | C20: =C17/$B$20 -> 0 | D20: =D17/$B$20 -> 0 | E20: =E17/$B$20 -> 0 | F20: =F17/$B$20 -> 0 | G20: =G17/$B$20 -> 0 | H20: =H17/$B$20 -> 0 | I20: =I17/$B$20 -> 0 | J20: =J17/$B$20 -> 0 | ... DK20: =DK17/$B$20 -> 0
A21: CAG | B21: Q'ty | C21: =SUMIFS([7]PLAN!$K:$K,[7]PLAN!$U:$U,C2) -> 0 | D21: =SUMIFS([7]PLAN!$K:$K,[7]PLAN!$U:$U,D2) -> 0 | E21: =SUMIFS([7]PLAN!$K:$K,[7]PLAN!$U:$U,E2) -> 0 | F21: =SUMIFS([7]PLAN!$K:$K,[7]PLAN!$U:$U,F2) -> 0 | G21: =SUMIFS([7]PLAN!$K:$K,[7]PLAN!$U:$U,G2) -> 0 | H21: =SUMIFS([7]PLAN!$K:$K,[7]PLAN!$U:$U,H2) -> 0 | I21: =SUMIFS([7]PLAN!$K:$K,[7]PLAN!$U:$U,I2) -> 0 | J21: =SUMIFS([7]PLAN!$K:$K,[7]PLAN!$U:$U,J2) -> 0 | ... DK21: =SUMIFS([7]PLAN!$K:$K,[7]PLAN!$U:$U,DK2) -> 0
B22: UH | C22: =SUMIFS([7]PLAN!$Z:$Z,[7]PLAN!$V:$V,C2) -> 0 | D22: =SUMIFS([7]PLAN!$Z:$Z,[7]PLAN!$V:$V,D2) -> 0 | E22: =SUMIFS([7]PLAN!$Z:$Z,[7]PLAN!$V:$V,E2) -> 0 | F22: =SUMIFS([7]PLAN!$Z:$Z,[7]PLAN!$V:$V,F2) -> 0 | G22: =SUMIFS([7]PLAN!$Z:$Z,[7]PLAN!$V:$V,G2) -> 0 | H22: =SUMIFS([7]PLAN!$Z:$Z,[7]PLAN!$V:$V,H2) -> 0 | I22: =SUMIFS([7]PLAN!$Z:$Z,[7]PLAN!$V:$V,I2) -> 0 | J22: =SUMIFS([7]PLAN!$Z:$Z,[7]PLAN!$V:$V,J2) -> 0 | ... DK22: =SUMIFS([7]PLAN!$Z:$Z,[7]PLAN!$V:$V,DK2) -> 0
A23: Total time | C23: =C22+C22*5% -> 0 | D23: =D22+D22*5% -> 0 | E23: =E22+E22*5% -> 0 | F23: =F22+F22*5% -> 0 | G23: =G22+G22*5% -> 0 | H23: =H22+H22*5% -> 0 | I23: =I22+I22*5% -> 0 | J23: =J22+J22*5% -> 0 | ... DK23: =DK22+DK22*5% -> 0
A24: Plan time
A25: Man | B25: 430 | C25: =C23/$B$25 -> 0 | D25: =D23/$B$25 -> 0 | E25: =E23/$B$25 -> 0 | F25: =F23/$B$25 -> 0 | G25: =G23/$B$25 -> 0 | H25: =H23/$B$25 -> 0 | I25: =I23/$B$25 -> 0 | J25: =J23/$B$25 -> 0 | ... DK25: =DK23/$B$25 -> 0
B26: 550 | C26: =C23/$B$26 -> 0 | D26: =D23/$B$26 -> 0 | E26: =E23/$B$26 -> 0 | F26: =F23/$B$26 -> 0 | G26: =G23/$B$26 -> 0 | H26: =H23/$B$26 -> 0 | I26: =I23/$B$26 -> 0 | J26: =J23/$B$26 -> 0 | ... DK26: =DK23/$B$26 -> 0
B27: 630 | C27: =C23/$B$27 -> 0 | D27: =D23/$B$27 -> 0 | E27: =E23/$B$27 -> 0 | F27: =F23/$B$27 -> 0 | G27: =G23/$B$27 -> 0 | H27: =H23/$B$27 -> 0 | I27: =I23/$B$27 -> 0 | J27: =J23/$B$27 -> 0 | ... DK27: =DK23/$B$27 -> 0
A28: Total | C28: =C15+C21 -> 0 | D28: =D15+D21 -> 0 | E28: =E15+E21 -> 0 | F28: =F15+F21 -> 0 | G28: =G15+G21 -> 0 | H28: =H15+H21 -> 0 | I28: =I15+I21 -> 0 | J28: =J15+J21 -> 0 | ... DK28: =DK15+DK21 -> 0
C29: =C27+C20 -> 0 | D29: =D27+D20 -> 0 | E29: =E27+E20 -> 0 | F29: =F27+F20 -> 0 | G29: =G27+G20 -> 0 | H29: =H27+H20 -> 0 | I29: =I27+I20 -> 0 | J29: =J27+J20 -> 0 | ... DK29: =DK27+DK20 -> 0
A30: Boxing: 57
A31: PTCA | B31: Plan | C31: =SUMIFS(PLAN!$M:$M,PLAN!$W:$W,total!C2) -> 0 | D31: =SUMIFS(PLAN!$M:$M,PLAN!$W:$W,total!D2) -> 0 | E31: =SUMIFS(PLAN!$M:$M,PLAN!$W:$W,total!E2) -> 0 | F31: =SUMIFS(PLAN!$M:$M,PLAN!$W:$W,total!F2) -> 0 | G31: =SUMIFS(PLAN!$M:$M,PLAN!$W:$W,total!G2) -> 0 | H31: =SUMIFS(PLAN!$M:$M,PLAN!$W:$W,total!H2) -> 0 | I31: =SUMIFS(PLAN!$M:$M,PLAN!$W:$W,total!I2) -> 0 | J31: =SUMIFS(PLAN!$M:$M,PLAN!$W:$W,total!J2) -> 0 | ... DK31: =SUMIFS(PLAN!$M:$M,PLAN!$W:$W,total!DK2) -> 0
B32: Time | C32: =SUMIFS(PLAN!$AB:$AB,PLAN!$W:$W,total!C2) -> 0 | D32: =SUMIFS(PLAN!$AB:$AB,PLAN!$W:$W,total!D2) -> 0 | E32: =SUMIFS(PLAN!$AB:$AB,PLAN!$W:$W,total!E2) -> 0 | F32: =SUMIFS(PLAN!$AB:$AB,PLAN!$W:$W,total!F2) -> 0 | G32: =SUMIFS(PLAN!$AB:$AB,PLAN!$W:$W,total!G2) -> 0 | H32: =SUMIFS(PLAN!$AB:$AB,PLAN!$W:$W,total!H2) -> 0 | I32: =SUMIFS(PLAN!$AB:$AB,PLAN!$W:$W,total!I2) -> 0 | J32: =SUMIFS(PLAN!$AB:$AB,PLAN!$W:$W,total!J2) -> 0 | ... DK32: =SUMIFS(PLAN!$AB:$AB,PLAN!$W:$W,total!DK2) -> 0
A33: CAG | B33: Plan | C33: =SUMIFS([7]PLAN!$K:$K,[7]PLAN!$X:$X,C2) -> 0 | D33: =SUMIFS([7]PLAN!$K:$K,[7]PLAN!$X:$X,D2) -> 0 | E33: =SUMIFS([7]PLAN!$K:$K,[7]PLAN!$X:$X,E2) -> 0 | F33: =SUMIFS([7]PLAN!$K:$K,[7]PLAN!$X:$X,F2) -> 0 | G33: =SUMIFS([7]PLAN!$K:$K,[7]PLAN!$X:$X,G2) -> 0 | H33: =SUMIFS([7]PLAN!$K:$K,[7]PLAN!$X:$X,H2) -> 0 | I33: =SUMIFS([7]PLAN!$K:$K,[7]PLAN!$X:$X,I2) -> 0 | J33: =SUMIFS([7]PLAN!$K:$K,[7]PLAN!$X:$X,J2) -> 0 | ... DK33: =SUMIFS([7]PLAN!$K:$K,[7]PLAN!$X:$X,DK2) -> 0
B34: Time | C34: =SUMIFS([7]PLAN!$AA:$AA,[7]PLAN!$X:$X,C2) -> 0 | D34: =SUMIFS([7]PLAN!$AA:$AA,[7]PLAN!$X:$X,D2) -> 0 | E34: =SUMIFS([7]PLAN!$AA:$AA,[7]PLAN!$X:$X,E2) -> 0 | F34: =SUMIFS([7]PLAN!$AA:$AA,[7]PLAN!$X:$X,F2) -> 0 | G34: =SUMIFS([7]PLAN!$AA:$AA,[7]PLAN!$X:$X,G2) -> 0 | H34: =SUMIFS([7]PLAN!$AA:$AA,[7]PLAN!$X:$X,H2) -> 0 | I34: =SUMIFS([7]PLAN!$AA:$AA,[7]PLAN!$X:$X,I2) -> 0 | J34: =SUMIFS([7]PLAN!$AA:$AA,[7]PLAN!$X:$X,J2) -> 0 | ... DK34: =SUMIFS([7]PLAN!$AA:$AA,[7]PLAN!$X:$X,DK2) -> 0
A35: Total time | C35: =C32+C34 -> 0 | D35: =D32+D34 -> 0 | E35: =E32+E34 -> 0 | F35: =F32+F34 -> 0 | G35: =G32+G34 -> 0 | H35: =H32+H34 -> 0 | I35: =I32+I34 -> 0 | J35: =J32+J34 -> 0 | ... DK35: =DK32+DK34 -> 0
A36: Plan time
A37: Man | B37: 430 | C37: =C35/$B$37 -> 0 | D37: =D35/$B$37 -> 0 | E37: =E35/$B$37 -> 0 | F37: =F35/$B$37 -> 0 | G37: =G35/$B$37 -> 0 | H37: =H35/$B$37 -> 0 | I37: =I35/$B$37 -> 0 | J37: =J35/$B$37 -> 0 | ... DK37: =DK35/$B$37 -> 0
B38: 550 | C38: =C35/$B$38 -> 0 | D38: =D35/$B$38 -> 0 | E38: =E35/$B$38 -> 0 | F38: =F35/$B$38 -> 0 | G38: =G35/$B$38 -> 0 | H38: =H35/$B$38 -> 0 | I38: =I35/$B$38 -> 0 | J38: =J35/$B$38 -> 0 | ... DK38: =DK35/$B$38 -> 0
B39: 630 | C39: =C35/$B$39 -> 0 | D39: =D35/$B$39 -> 0 | E39: =E35/$B$39 -> 0 | F39: =F35/$B$39 -> 0 | G39: =G35/$B$39 -> 0 | H39: =H35/$B$39 -> 0 | I39: =I35/$B$39 -> 0 | J39: =J35/$B$39 -> 0 | ... DK39: =DK35/$B$39 -> 0
A40: Total | C40: =SUM(C31,C33) -> 0 | D40: =SUM(D31,D33) -> 0 | E40: =SUM(E31,E33) -> 0 | F40: =SUM(F31,F33) -> 0 | G40: =SUM(G31,G33) -> 0 | H40: =SUM(H31,H33) -> 0 | I40: =SUM(I31,I33) -> 0 | J40: =SUM(J31,J33) -> 0 | ... DK40: =SUM(DK31,DK33) -> 0
A41: Sterilize: 5
A42: Sụbject | C42: =C2 -> 46174 | D42: =D2 -> 46175 | E42: =E2 -> 46176 | F42: =F2 -> 46177 | G42: =G2 -> 46178 | H42: =H2 -> 46179 | I42: =I2 -> 46180 | J42: =J2 -> 46181 | ... DK42: =DK2 -> 46286
A43: PTCA | B43: Plan | C43: =SUMIFS(PLAN!$M:$M,PLAN!$T:$T,total!C2) -> 0 | D43: =SUMIFS(PLAN!$M:$M,PLAN!$T:$T,total!D2) -> 0 | E43: =SUMIFS(PLAN!$M:$M,PLAN!$T:$T,total!E2) -> 0 | F43: =SUMIFS(PLAN!$M:$M,PLAN!$T:$T,total!F2) -> 0 | G43: =SUMIFS(PLAN!$M:$M,PLAN!$T:$T,total!G2) -> 0 | H43: =SUMIFS(PLAN!$M:$M,PLAN!$T:$T,total!H2) -> 0 | I43: =SUMIFS(PLAN!$M:$M,PLAN!$T:$T,total!I2) -> 0 | J43: =SUMIFS(PLAN!$M:$M,PLAN!$T:$T,total!J2) -> 0 | ... DK43: =SUMIFS(PLAN!$M:$M,PLAN!$T:$T,total!DK2) -> 0
B44: Time | C44: =C43*20/60 -> 0 | D44: =D43*20/60 -> 0 | E44: =E43*20/60 -> 0 | F44: =F43*20/60 -> 0 | G44: =G43*20/60 -> 0 | H44: =H43*20/60 -> 0 | I44: =I43*20/60 -> 0 | J44: =J43*20/60 -> 0 | ... DK44: =DK43*20/60 -> 0
