Workbook
Name eratet: '[1]PLAN PTCA'!#REF!
Name eratet: #REF!
Name eratet: '[1]PLAN PTCA'!#REF!
Name eratet: '[1]PLAN PTCA'!#REF!

Sheet PLAN
B1: PLAN STER - CAG | G1: =SUBTOTAL(9,G3:G97002) -> 65738 | K1: =SUBTOTAL(9,K3:K97002) -> 66879 | AD1: =SUBTOTAL(9,AD3:AD97002) -> 24776
A2: PO No. | B2: TT | C2: PldOrd | D2: Material No | E2: Item code | F2: Item name | G2: Q'ty | H2: Complete Date | I2: Internal Lot | J2: External Lot Ster | K2: Q'ty Input | L2: Material No Type C | M2: Item Code Type C | N2: QA test | O2: KEEP | P2: Destination | Q2: Bioburden | R2: Label | S2: Test Endotoxin ( pcs) | T2: Test Particle ( pcs) | U2: Seal | V2: Ster | W2: MẺ | X2: BOXING | Y2: Label | Z2: Seal | AA2: Boxing | AB2: ETD | AC2: Family | AD2: WH | AE2: PROCESS | AF2: ngày lưu kho | AG2: Cột ƯỚc | AH2: Tổng test | AI2: 0 | AJ2: MẺ | AK2: 1 | AL2: Địa Chỉ Label QR code | AM2: 1 | AN2: ＡＩＨ B | AO2: ＡＩＨ B | AP2: ＡＩＨ C | AQ2: ＡＩＨ D
A3: HF | B3: Aug15-01 | C3: 1001897397 | D3: 12129248 | E3: PR2145021-0-A | F3: 2009051 Masters HF CN | G3: 3300 | H3: 46249 | I3: 0103516476 | J3: 260625K01A | K3: 3306 | L3: 12003986 | M3: PR19SR002-0-D | N3: 0 | O3: 0 | P3: CHINA | Q3: 3 | R3: 46205 | S3: 3 | T3: 0 | U3: 46206 | V3: 46206 | W3: M8 | X3: 46247 | Y3: =VLOOKUP(F3,[2]New!$B:$G,3,0)*K3/60 -> 1212.2 | Z3: =VLOOKUP(F3,[2]New!$B:$G,4,0)*K3/60 -> 6496.29 | AA3: =VLOOKUP(F3,[2]New!$B:$G,6,0)*K3/60 -> 6336.5 | AB3: 46269 | AC3: =IFERROR(VLOOKUP(F3,[3]Sheet1!$E:$H,4,0),) -> K | AD3: 3300 | AE3: FINISH | AF3: 36 | AI3: 6 | AJ3: M8-1 | AN3: 1 | AO3: 1 | AP3: × | AQ3: ×
A4: Đăng | B4: QC-5 | C4: 2000126703 | D4: 11125142 | E4: 1941011-D-A | F4: Masters PARKWAY SOFT 150cm Straight | G4: 3 | H4: 46234 | I4: 0103539406 | J4: 260707Y17A | K4: 3 | L4: 12120564 | M4: 1942042-A-C | N4: 0 | O4: 0 | P4: TEST | Q4: 0 | R4: 46221 | S4: 0 | T4: 0 | U4: 46230 | V4: N/A | W4: TEST | Y4: 0 | Z4: 0 | AA4: 0 | AB4: TEST | AE4: TEST
A5: Đăng | B5: QC-6 | C5: 2000126704 | D5: 11125142 | E5: 1941011-D-A | F5: Masters PARKWAY SOFT 150cm Straight | G5: 9 | H5: 46234 | I5: 0103539408 | J5: 260707Y17D | K5: 9 | L5: 12120564 | M5: 1942042-A-C | N5: 0 | O5: 0 | P5: TEST | Q5: 0 | R5: 46221 | S5: 0 | T5: 0 | U5: 46230 | V5: 46230 | W5: TEST | Y5: 0 | Z5: 0 | AA5: 0 | AB5: TEST | AE5: TEST
A6: Đăng | B6: QC-7 | C6: 2000126705 | D6: 11112488 | E6: PSC35170S-E-A | F6: CROSSWALK 035 170cm Straight | G6: 3 | H6: 46234 | I6: 0103539409 | J6: 260707Y18A | K6: 3 | L6: 12115911 | M6: PSC35170S-E-C | N6: 0 | O6: 0 | P6: TEST | Q6: 0 | R6: 46221 | S6: 0 | T6: 0 | U6: 46230 | V6: N/A | W6: TEST | Y6: 0 | Z6: 0 | AA6: 0 | AB6: TEST | AE6: TEST
A7: Đăng | B7: QC-8 | C7: 2000126706 | D7: 11112488 | E7: PSC35170S-E-A | F7: CROSSWALK 035 170cm Straight | G7: 9 | H7: 46234 | I7: 0103539410 | J7: 260707Y18D | K7: 9 | L7: 12115911 | M7: PSC35170S-E-C | N7: 0 | O7: 0 | P7: TEST | Q7: 0 | R7: 46221 | S7: 0 | T7: 0 | U7: 46230 | V7: 46230 | W7: TEST | Y7: 0 | Z7: 0 | AA7: 0 | AB7: TEST | AE7: TEST
A8: Đăng | B8: QC-9 | C8: 2000126709 | D8: 12012480 | E8: PR1944001-0-A | F8: Accessories for Masters Parkway HF | G8: 3 | H8: 46234 | I8: 0103539413 | J8: 260707Y20A | K8: 3 | L8: 12003986 | M8: PR19SR002-0-D | N8: 0 | O8: 0 | P8: TEST | Q8: 0 | R8: 46221 | S8: 0 | T8: 0 | U8: 46230 | V8: N/A | W8: TEST | Y8: 0 | Z8: 0 | AA8: 0 | AB8: TEST | AE8: TEST
A9: Đăng | B9: QC-10 | C9: 2000126710 | D9: 12012480 | E9: PR1944001-0-A | F9: Accessories for Masters Parkway HF | G9: 9 | H9: 46234 | I9: 0103539414 | J9: 260707Y20D | K9: 9 | L9: 12003986 | M9: PR19SR002-0-D | N9: 0 | O9: 0 | P9: TEST | Q9: 0 | R9: 46221 | S9: 0 | T9: 0 | U9: 46230 | V9: 46230 | W9: TEST | Y9: 0 | Z9: 0 | AA9: 0 | AB9: TEST | AE9: TEST
A10: Đăng | B10: QC-11 | C10: 2000127274 | D10: 12143523 | E10: PR2545028-0-A | F10: 2009009 Veloute | G10: 3 | H10: 46234 | I10: 0103553325 | J10: 260707Y21A | K10: 3 | L10: 12001113 | M10: PR19SR003-0-D | N10: 0 | O10: 0 | P10: TEST | Q10: 0 | R10: 46221 | S10: 0 | T10: 0 | U10: 46230 | V10: N/A | W10: TEST | Y10: 0 | Z10: 0 | AA10: 0 | AB10: TEST | AE10: TEST
A11: Đăng | B11: QC-12 | C11: 2000127275 | D11: 12143523 | E11: PR2545028-0-A | F11: 2009009 Veloute | G11: 9 | H11: 46234 | I11: 0103553326 | J11: 260707Y21D | K11: 9 | L11: 12001113 | M11: PR19SR003-0-D | N11: 0 | O11: 0 | P11: TEST | Q11: 0 | R11: 46221 | S11: 0 | T11: 0 | U11: 46230 | V11: 46230 | W11: TEST | Y11: 0 | Z11: 0 | AA11: 0 | AB11: TEST | AE11: TEST
A12: Đăng | B12: QC-13 | C12: 2000126731 | D12: 11134563 | E12: 2041304-C-A | F12: ASAHI Masters PARKWAY HF 150cm Straight | G12: 3 | H12: 46234 | I12: 0103539435 | J12: 260707Y30A | K12: 3 | L12: 12131598 | M12: 2042141-B-C | N12: 0 | O12: 0 | P12: TEST | Q12: 0 | R12: 46221 | S12: 0 | T12: 0 | U12: 46230 | V12: N/A | W12: TEST | Y12: 0 | Z12: 0 | AA12: 0 | AB12: TEST | AE12: TEST
A13: Đăng | B13: QC-14 | C13: 2000126732 | D13: 11134563 | E13: 2041304-C-A | F13: ASAHI Masters PARKWAY HF 150cm Straight | G13: 9 | H13: 46234 | I13: 0103539437 | J13: 260707Y30B | K13: 9 | L13: 12131598 | M13: 2042141-B-C | N13: 0 | O13: 0 | P13: TEST | Q13: 0 | R13: 46221 | S13: 0 | T13: 0 | U13: 46230 | V13: 46230 | W13: TEST | Y13: 0 | Z13: 0 | AA13: 0 | AB13: TEST | AE13: TEST
A14: Đăng | B14: QC-15 | C14: 2000126733 | D14: 11134563 | E14: 2041304-C-A | F14: ASAHI Masters PARKWAY HF 150cm Straight | G14: 9 | H14: 46234 | I14: 0103539438 | J14: 260707Y30D | K14: 9 | L14: 12131598 | M14: 2042141-B-C | N14: 0 | O14: 0 | P14: TEST | Q14: 0 | R14: 46221 | S14: 0 | T14: 0 | U14: 46230 | V14: 46230 | W14: TEST | Y14: 0 | Z14: 0 | AA14: 0 | AB14: TEST | AE14: TEST
A15: Đăng | B15: QC-16 | C15: 2000126734 | D15: 11134247 | E15: 2141050-D-A | F15: ASAHI Caravel 150cm | G15: 3 | H15: 46234 | I15: 0103539439 | J15: 260707Y31A | K15: 3 | L15: 12129253 | M15: 1842015-B-C | N15: 0 | O15: 0 | P15: TEST | Q15: 0 | R15: 46221 | S15: 0 | T15: 0 | U15: 46230 | V15: N/A | W15: TEST | Y15: 0 | Z15: 0 | AA15: 0 | AB15: TEST | AE15: TEST
A16: Đăng | B16: QC-17 | C16: 2000126735 | D16: 11134247 | E16: 2141050-D-A | F16: ASAHI Caravel 150cm | G16: 9 | H16: 46234 | I16: 0103539440 | J16: 260707Y31B | K16: 9 | L16: 12129253 | M16: 1842015-B-C | N16: 0 | O16: 0 | P16: TEST | Q16: 0 | R16: 46221 | S16: 0 | T16: 0 | U16: 46230 | V16: 46230 | W16: TEST | Y16: 0 | Z16: 0 | AA16: 0 | AB16: TEST | AE16: TEST
A17: Đăng | B17: QC-18 | C17: 2000126736 | D17: 11134247 | E17: 2141050-D-A | F17: ASAHI Caravel 150cm | G17: 9 | H17: 46234 | I17: 0103539441 | J17: 260707Y31D | K17: 9 | L17: 12129253 | M17: 1842015-B-C | N17: 0 | O17: 0 | P17: TEST | Q17: 0 | R17: 46221 | S17: 0 | T17: 0 | U17: 46230 | V17: 46230 | W17: TEST | Y17: 0 | Z17: 0 | AA17: 0 | AB17: TEST | AE17: TEST
A18: Đăng | B18: QC-19 | C18: 2000126737 | D18: 11134249 | E18: 2041190-D-A | F18: ASAHI Corsair Pro 150㎝ | G18: 3 | H18: 46234 | I18: 0103539442 | J18: 260707Y32A | K18: 3 | L18: 12139932 | M18: 2342020-A-C-CN | N18: 0 | O18: 0 | P18: TEST | Q18: 0 | R18: 46221 | S18: 0 | T18: 0 | U18: 46230 | V18: N/A | W18: TEST | Y18: 0 | Z18: 0 | AA18: 0 | AB18: TEST | AE18: TEST
A19: Đăng | B19: QC-20 | C19: 2000126738 | D19: 11134249 | E19: 2041190-D-A | F19: ASAHI Corsair Pro 150㎝ | G19: 9 | H19: 46234 | I19: 0103539443 | J19: 260707Y32D | K19: 9 | L19: 12139932 | M19: 2342020-A-C-CN | N19: 0 | O19: 0 | P19: TEST | Q19: 0 | R19: 46221 | S19: 0 | T19: 0 | U19: 46230 | V19: 46230 | W19: TEST | Y19: 0 | Z19: 0 | AA19: 0 | AB19: TEST | AE19: TEST
A20: Đăng | B20: QC-21 | C20: 2000126739 | D20: 11119663 | E20: 1911329-D-A | F20: HJ80AL102P10002 JP | G20: 3 | H20: 46234 | I20: 0103539445 | J20: 260707Y33A | K20: 3 | L20: 12116298 | M20: 2112331-0-C | N20: 0 | O20: 0 | P20: TEST | Q20: 0 | R20: 46221 | S20: 0 | T20: 0 | U20: 46230 | V20: N/A | W20: TEST | Y20: 0 | Z20: 0 | AA20: 0 | AB20: TEST | AE20: TEST
A21: Đăng | B21: QC-22 | C21: 2000126740 | D21: 11119663 | E21: 1911329-D-A | F21: HJ80AL102P10002 JP | G21: 6 | H21: 46234 | I21: 0103539446 | J21: 260707Y33B | K21: 6 | L21: 12116298 | M21: 2112331-0-C | N21: 0 | O21: 0 | P21: TEST | Q21: 0 | R21: 46221 | S21: 0 | T21: 0 | U21: 46230 | V21: 46230 | W21: TEST | Y21: 0 | Z21: 0 | AA21: 0 | AB21: TEST | AE21: TEST
A22: Đăng | B22: QC-23 | C22: 2000127121 | D22: 11134203 | E22: 2211671-D-A | F22: HW80AL102P10000 CN | G22: 3 | H22: 46234 | I22: 0103548965 | J22: 260713Y01A | K22: 3 | L22: 12130255 | M22: 2112244-0-C-CN | N22: 0 | O22: 0 | P22: TEST | Q22: 0 | R22: 46221 | S22: 0 | T22: 0 | U22: 46230 | V22: N/A | W22: TEST | Y22: 0 | Z22: 0 | AA22: 0 | AB22: TEST | AE22: TEST
A23: Đăng | B23: QC-26 | C23: 2000127122 | D23: 11134203 | E23: 2211671-D-A | F23: HW80AL102P10000 CN | G23: 9 | H23: 46234 | I23: 0103548970 | J23: 260713Y01D | K23: 9 | L23: 12130255 | M23: 2112244-0-C-CN | N23: 0 | O23: 0 | P23: TEST | Q23: 0 | R23: 46221 | S23: 0 | T23: 0 | U23: 46230 | V23: 46230 | W23: TEST | Y23: 0 | Z23: 0 | AA23: 0 | AB23: TEST | AE23: TEST
A24: Đăng | B24: QC-24 | C24: 2000126742 | D24: 12129248 | E24: PR2145021-0-A | F24: Accessories for Masters Parkway HF | G24: 3 | H24: 46234 | I24: 0103539448 | J24: 260707Y34A | K24: 3 | L24: 12003986 | M24: PR19SR002-0-D | N24: 0 | O24: 0 | P24: TEST | Q24: 0 | R24: 46221 | S24: 0 | T24: 0 | U24: 46230 | V24: N/A | W24: TEST | Y24: 0 | Z24: 0 | AA24: 0 | AB24: TEST | AE24: TEST
A25: Đăng | B25: QC-25 | C25: 2000126743 | D25: 12129248 | E25: PR2145021-0-A | F25: Accessories for Masters Parkway HF | G25: 9 | H25: 46234 | I25: 0103539449 | J25: 260707Y34D | K25: 9 | L25: 12003986 | M25: PR19SR002-0-D | N25: 0 | O25: 0 | P25: TEST | Q25: 0 | R25: 46221 | S25: 0 | T25: 0 | U25: 46230 | V25: 46230 | W25: TEST | Y25: 0 | Z25: 0 | AA25: 0 | AB25: TEST | AE25: TEST
A26: CA-H2607-PD-003 | B26: Jul29-02 | C26: 1001910173 | D26: 11134248 | E26: 2041189-D-A | F26: CSR135-26P CN | G26: 620 | H26: 46232 | I26: 0103541259 | J26: 260709K24A | K26: 626 | L26: 12139931 | M26: 2342019-A-C-CN | N26: 0 | O26: 0 | P26: CHINA | Q26: 0 | R26: 46217 | S26: 3 | T26: 3 | U26: 46218 | V26: 46218 | W26: M8 | Y26: =VLOOKUP(F26,[2]New!$B:$G,3,0)*K26/60 -> 350.56 | Z26: =VLOOKUP(F26,[2]New!$B:$G,4,0)*K26/60 -> 672.95 | AA26: =VLOOKUP(F26,[2]New!$B:$G,6,0)*K26/60 -> 1390.7633 | AB26: =VLOOKUP(A26,'[4]PO CAG (2)'!$A:$L,12,0) -> 46268 | AC26: =IFERROR(VLOOKUP(F26,[3]Sheet1!$E:$H,4,0),) -> H | AD26: 620 | AE26: FINISH | AF26: 10 | AI26: 6 | AJ26: M8-3 | AN26: 2 | AO26: 2 | AP26: 2 | AQ26: 2
A27: CA-H2606-PD-223 | B27: Jul30-01 | C27: 1001910722 | D27: 11134249 | E27: 2041190-D-A | F27: CSR150-26P CN | G27: 30 | H27: 46233 | I27: 0103542125 | J27: 260709K25A | K27: 36 | L27: 12139932 | M27: 2342020-A-C-CN | N27: 0 | O27: 0 | P27: CHINA | Q27: 0 | R27: 46218 | S27: 3 | T27: 3 | U27: 46219 | V27: 46219 | W27: M8 | Y27: =VLOOKUP(F27,[2]New!$B:$G,3,0)*K27/60 -> 20.16 | Z27: =VLOOKUP(F27,[2]New!$B:$G,4,0)*K27/60 -> 38.7 | AA27: =VLOOKUP(F27,[2]New!$B:$G,6,0)*K27/60 -> 79.98 | AB27: =VLOOKUP(A27,'[4]PO CAG (2)'!$A:$L,12,0) -> 46268 | AC27: =IFERROR(VLOOKUP(F27,[3]Sheet1!$E:$H,4,0),) -> H | AD27: 30 | AE27: FINISH | AF27: 10 | AI27: 6 | AJ27: M8-1 | AN27: 2 | AO27: 2 | AP27: 2 | AQ27: 2
A28: CA-H2606-PD-222 | B28: Jul30-02 | C28: 1001910723 | D28: 11134248 | E28: 2041189-D-A | F28: CSR135-26P CN | G28: 270 | H28: 46233 | I28: 0103542126 | J28: 260709K26A | K28: 270 | L28: 12139931 | M28: 2342019-A-C-CN | N28: 0 | O28: 0 | P28: CHINA | Q28: 0 | R28: 46218 | S28: 0 | T28: 0 | U28: 46219 | V28: 46219 | W28: M8 | Y28: =VLOOKUP(F28,[2]New!$B:$G,3,0)*K28/60 -> 151.2 | Z28: =VLOOKUP(F28,[2]New!$B:$G,4,0)*K28/60 -> 290.25 | AA28: =VLOOKUP(F28,[2]New!$B:$G,6,0)*K28/60 -> 599.85 | AB28: =VLOOKUP(A28,'[4]PO CAG (2)'!$A:$L,12,0) -> 46268 | AC28: =IFERROR(VLOOKUP(F28,[3]Sheet1!$E:$H,4,0),) -> H | AD28: 270 | AE28: FINISH | AF28: 10 | AI28: 0 | AJ28: M8-1 | AN28: 2 | AO28: 2 | AP28: 2 | AQ28: 2
A29: CA-H2607-PD-003 | B29: Jul30-03 | C29: 1001910724 | D29: 11134248 | E29: 2041189-D-A | F29: CSR135-26P CN | G29: 2050 | H29: 46233 | I29: 0103542127 | J29: 260709K27A | K29: 2050 | L29: 12139931 | M29: 2342019-A-C-CN | N29: 0 | O29: 0 | P29: CHINA | Q29: 0 | R29: 46218 | S29: 0 | T29: 0 | U29: 46219 | V29: 46219 | W29: M8 | Y29: =VLOOKUP(F29,[2]New!$B:$G,3,0)*K29/60 -> 1148 | Z29: =VLOOKUP(F29,[2]New!$B:$G,4,0)*K29/60 -> 2203.75 | AA29: =VLOOKUP(F29,[2]New!$B:$G,6,0)*K29/60 -> 4554.4167 | AB29: =VLOOKUP(A29,'[4]PO CAG (2)'!$A:$L,12,0) -> 46268 | AC29: =IFERROR(VLOOKUP(F29,[3]Sheet1!$E:$H,4,0),) -> H | AD29: 2050 | AE29: FINISH | AF29: 10 | AI29: 0 | AJ29: M8-1 | AN29: 2 | AO29: 2 | AP29: 2 | AQ29: 2
A30: Liên PE | B30: TER-PE-260447-01 | C30: 2000126878 | D30: 11132932 | E30: Z376-1001-0-A | F30: Z376-1001-0-A_MS3552H26-PIG110J | G30: 9 | H30: 46238 | I30: 0103542343 | J30: 260706X01A | K30: 9 | L30: 12145263 | M30: Z376-2001-0-C | N30: 0 | O30: 0 | P30: TEST | Q30: 0 | R30: 46223 | S30: 0 | T30: 0 | U30: 46227 | V30: 46230 | W30: M9 | Y30: 0 | Z30: 0 | AA30: 0 | AB30: TEST | AC30: =IFERROR(VLOOKUP(F30,[3]Sheet1!$E:$H,4,0),) -> 0 | AE30: TEST
A31: Liên PE | B31: TER-PE-260447-02 | C31: 2000126879 | D31: 11132933 | E31: Z376-1002-0-A | F31: Z376-1002-0-A_MS3552H26-PIG110J | G31: 9 | H31: 46238 | I31: 0103542344 | J31: 260706X02A | K31: 9 | L31: 12145264 | M31: Z376-2002-0-C | N31: 0 | O31: 0 | P31: TEST | Q31: 0 | R31: 46223 | S31: 0 | T31: 0 | U31: 46227 | V31: 46230 | W31: M9 | Y31: 0 | Z31: 0 | AA31: 0 | AB31: TEST | AC31: =IFERROR(VLOOKUP(F31,[3]Sheet1!$E:$H,4,0),) -> 0 | AE31: TEST
A32: Liên PE | B32: TER-PE-260447-03 | C32: 2000126880 | D32: 11132934 | E32: Z376-1003-0-A | F32: Z376-1003-0-A_MS3552H26-PIG110J | G32: 9 | H32: 46238 | I32: 0103542345 | J32: 260706X03A | K32: 9 | L32: 12145265 | M32: Z376-2003-0-C | N32: 0 | O32: 0 | P32: TEST | Q32: 0 | R32: 46223 | S32: 0 | T32: 0 | U32: 46227 | V32: 46230 | W32: M9 | Y32: 0 | Z32: 0 | AA32: 0 | AB32: TEST | AC32: =IFERROR(VLOOKUP(F32,[3]Sheet1!$E:$H,4,0),) -> 0 | AE32: TEST
A33: CA-H2607-PD-018 | B33: Jul30-04 | C33: 1001913378 | D33: 11134152 | E33: 1811913-L-A | F33: HW60SP400P10000 CN | G33: 3 | H33: 46233 | I33: 0103547088 | J33: 260713C01A | K33: 3 | L33: 12130016 | M33: 2112103-0-C-CN | N33: 0 | O33: 0 | P33: CHINA | Q33: 0 | R33: 46219 | S33: 0 | T33: 0 | U33: 46220 | V33: 46220 | W33: M9 | Y33: =VLOOKUP(F33,[2]New!$B:$G,3,0)*K33/60 -> 2.8 | Z33: =VLOOKUP(F33,[2]New!$B:$G,4,0)*K33/60 -> 11.7 | AA33: =VLOOKUP(F33,[2]New!$B:$G,6,0)*K33/60 -> 14.45 | AB33: =VLOOKUP(A33,'[4]PO CAG (2)'!$A:$L,12,0) -> 46268 | AC33: =IFERROR(VLOOKUP(F33,[3]Sheet1!$E:$H,4,0),) -> G | AD33: 3 | AE33: FINISH | AF33: 10 | AI33: 0 | AJ33: M9-1 | AN33: 3 | AO33: 3 | AP33: 3 | AQ33: 3
A34: CA-H2607-PD-016 | B34: Jul30-05 | C34: 1001913379 | D34: 11134149 | E34: 1811910-L-A | F34: HW60SP352P10000 CN | G34: 10 | H34: 46233 | I34: 0103547089 | J34: 260713C02A | K34: 10 | L34: 12129996 | M34: 2112100-0-C-CN | N34: 0 | O34: 0 | P34: CHINA | Q34: 0 | R34: 46219 | S34: 0 | T34: 0 | U34: 46220 | V34: 46220 | W34: M9 | Y34: =VLOOKUP(F34,[2]New!$B:$G,3,0)*K34/60 -> 9.3333333 | Z34: =VLOOKUP(F34,[2]New!$B:$G,4,0)*K34/60 -> 39 | AA34: =VLOOKUP(F34,[2]New!$B:$G,6,0)*K34/60 -> 48.166667 | AB34: =VLOOKUP(A34,'[4]PO CAG (2)'!$A:$L,12,0) -> 46268 | AC34: =IFERROR(VLOOKUP(F34,[3]Sheet1!$E:$H,4,0),) -> G | AD34: 10 | AE34: FINISH | AF34: 10 | AI34: 0 | AJ34: M9-1 | AN34: 3 | AO34: 3 | AP34: 3 | AQ34: 3
A35: CA-H2607-PD-014 | B35: Jul30-06 | C35: 1001913380 | D35: 11134146 | E35: 1811907-L-A | F35: HW60SP300P10000 CN | G35: 15 | H35: 46233 | I35: 0103547090 | J35: 260713C03A | K35: 21 | L35: 12129994 | M35: 2112095-0-C-CN | N35: 0 | O35: 0 | P35: CHINA | Q35: 0 | R35: 46219 | S35: 3 | T35: 3 | U35: 46220 | V35: 46220 | W35: M9 | Y35: =VLOOKUP(F35,[2]New!$B:$G,3,0)*K35/60 -> 19.6 | Z35: =VLOOKUP(F35,[2]New!$B:$G,4,0)*K35/60 -> 81.9 | AA35: =VLOOKUP(F35,[2]New!$B:$G,6,0)*K35/60 -> 101.15 | AB35: =VLOOKUP(A35,'[4]PO CAG (2)'!$A:$L,12,0) -> 46268 | AC35: =IFERROR(VLOOKUP(F35,[3]Sheet1!$E:$H,4,0),) -> G | AD35: 15 | AE35: FINISH | AF35: 10 | AI35: 0 | AJ35: M9-1 | AN35: 3 | AO35: 3 | AP35: 3 | AQ35: 3
A36: CA-H2607-PD-017 | B36: Jul30-07 | C36: 1001913381 | D36: 11134150 | E36: 1811911-L-A | F36: HW60SP370P10000 CN | G36: 290 | H36: 46233 | I36: 0103547091 | J36: 260713C04A | K36: 290 | L36: 12129997 | M36: 2112101-0-C-CN | N36: 0 | O36: 0 | P36: CHINA | Q36: 0 | R36: 46219 | S36: 0 | T36: 0 | U36: 46220 | V36: 46220 | W36: M9 | Y36: =VLOOKUP(F36,[2]New!$B:$G,3,0)*K36/60 -> 270.66667 | Z36: =VLOOKUP(F36,[2]New!$B:$G,4,0)*K36/60 -> 1131 | AA36: =VLOOKUP(F36,[2]New!$B:$G,6,0)*K36/60 -> 1396.8333 | AB36: =VLOOKUP(A36,'[4]PO CAG (2)'!$A:$L,12,0) -> 46268 | AC36: =IFERROR(VLOOKUP(F36,[3]Sheet1!$E:$H,4,0),) -> G | AD36: 290 | AE36: FINISH | AF36: 10 | AI36: 6 | AJ36: M9-1 | AN36: 3 | AO36: 3 | AP36: 3 | AQ36: 3
A37: CA-H2606-PD-226 | B37: Jul30-08 | C37: 1001913382 | D37: 11134148 | E37: 1811909-L-A | F37: HW60SP350P10000 CN | G37: 400 | H37: 46233 | I37: 0103547092 | J37: 260713C05A | K37: 400 | L37: 12129995 | M37: 2112099-0-C-CN | N37: 0 | O37: 0 | P37: CHINA | Q37: 0 | R37: 46219 | S37: 0 | T37: 0 | U37: 46220 | V37: 46220 | W37: M9 | Y37: =VLOOKUP(F37,[2]New!$B:$G,3,0)*K37/60 -> 373.33333 | Z37: =VLOOKUP(F37,[2]New!$B:$G,4,0)*K37/60 -> 1560 | AA37: =VLOOKUP(F37,[2]New!$B:$G,6,0)*K37/60 -> 1926.6667 | AB37: =VLOOKUP(A37,'[4]PO CAG (2)'!$A:$L,12,0) -> 46268 | AC37: =IFERROR(VLOOKUP(F37,[3]Sheet1!$E:$H,4,0),) -> G | AD37: 400 | AE37: FINISH | AF37: 10 | AI37: 0 | AJ37: M9-1 | AN37: 3 | AO37: 3 | AP37: 3 | AQ37: 3
A38: CA-H2607-PD-005 | B38: Jul30-09 | C38: 1001913383 | D38: 11134129 | E38: 1811861-J-A | F38: HW60AL070P10000 CN | G38: 40 | H38: 46233 | I38: 0103547093 | J38: 260713C06A | K38: 40 | L38: 12129985 | M38: 2112003-0-C-CN | N38: 0 | O38: 0 | P38: CHINA | Q38: 0 | R38: 46219 | S38: 0 | T38: 0 | U38: 46220 | V38: 46220 | W38: M10 | Y38: =VLOOKUP(F38,[2]New!$B:$G,3,0)*K38/60 -> 37.333333 | Z38: =VLOOKUP(F38,[2]New!$B:$G,4,0)*K38/60 -> 156 | AA38: =VLOOKUP(F38,[2]New!$B:$G,6,0)*K38/60 -> 192.66667 | AB38: =VLOOKUP(A38,'[4]PO CAG (2)'!$A:$L,12,0) -> 46268 | AC38: =IFERROR(VLOOKUP(F38,[3]Sheet1!$E:$H,4,0),) -> G | AD38: 40 | AE38: FINISH | AF38: 10 | AI38: 0 | AJ38: M10-1 | AN38: 3 | AO38: 3 | AP38: 3 | AQ38: 3
A39: CA-H2607-PD-008 | B39: Jul30-10 | C39: 1001913384 | D39: 11134131 | E39: 1811863-J-A | F39: HW60AL100P10000 CN | G39: 96 | H39: 46233 | I39: 0103547094 | J39: 260713C07A | K39: 96 | L39: 12129987 | M39: 2112007-0-C-CN | N39: 0 | O39: 0 | P39: CHINA | Q39: 0 | R39: 46219 | S39: 0 | T39: 0 | U39: 46220 | V39: 46220 | W39: M10 | Y39: =VLOOKUP(F39,[2]New!$B:$G,3,0)*K39/60 -> 89.6 | Z39: =VLOOKUP(F39,[2]New!$B:$G,4,0)*K39/60 -> 374.4 | AA39: =VLOOKUP(F39,[2]New!$B:$G,6,0)*K39/60 -> 462.4 | AB39: =VLOOKUP(A39,'[4]PO CAG (2)'!$A:$L,12,0) -> 46268 | AC39: =IFERROR(VLOOKUP(F39,[3]Sheet1!$E:$H,4,0),) -> G | AD39: 96 | AE39: FINISH | AF39: 10 | AI39: 0 | AJ39: M10-1 | AN39: 3 | AO39: 3 | AP39: 3 | AQ39: 3
A40: CA-H2607-PD-011 | B40: Jul30-11 | C40: 1001913385 | D40: 11134120 | E40: 1811831-J-A | F40: HW60JL400P10000 CN | G40: 380 | H40: 46233 | I40: 0103547095 | J40: 260713C08A | K40: 380 | L40: 12129990 | M40: 2112045-0-C-CN | N40: 0 | O40: 0 | P40: CHINA | Q40: 0 | R40: 46219 | S40: 0 | T40: 0 | U40: 46220 | V40: 46220 | W40: M10 | Y40: =VLOOKUP(F40,[2]New!$B:$G,3,0)*K40/60 -> 354.66667 | Z40: =VLOOKUP(F40,[2]New!$B:$G,4,0)*K40/60 -> 1482 | AA40: =VLOOKUP(F40,[2]New!$B:$G,6,0)*K40/60 -> 1830.3333 | AB40: =VLOOKUP(A40,'[4]PO CAG (2)'!$A:$L,12,0) -> 46268 | AC40: =IFERROR(VLOOKUP(F40,[3]Sheet1!$E:$H,4,0),) -> G | AD40: 380 | AE40: FINISH | AF40: 10 | AI40: 0 | AJ40: M10-1 | AN40: 3 | AO40: 3 | AP40: 3 | AQ40: 3
A41: CA-H2607-PD-010 | B41: Jul30-12 | C41: 1001913386 | D41: 11134117 | E41: 1811827-J-A | F41: HW60JL350P10000 CN | G41: 324 | H41: 46233 | I41: 0103547096 | J41: 260713C09A | K41: 324 | L41: 12129989 | M41: 2112041-0-C-CN | N41: 0 | O41: 0 | P41: CHINA | Q41: 0 | R41: 46219 | S41: 0 | T41: 0 | U41: 46220 | V41: 46220 | W41: M10 | Y41: =VLOOKUP(F41,[2]New!$B:$G,3,0)*K41/60 -> 302.4 | Z41: =VLOOKUP(F41,[2]New!$B:$G,4,0)*K41/60 -> 1263.6 | AA41: =VLOOKUP(F41,[2]New!$B:$G,6,0)*K41/60 -> 1560.6 | AB41: =VLOOKUP(A41,'[4]PO CAG (2)'!$A:$L,12,0) -> 46268 | AC41: =IFERROR(VLOOKUP(F41,[3]Sheet1!$E:$H,4,0),) -> G | AD41: 324 | AE41: FINISH | AF41: 10 | AI41: 0 | AJ41: M10-1 | AN41: 3 | AO41: 3 | AP41: 3 | AQ41: 3
A42: CA-H2607-PD-015 | B42: Jul31-01 | C42: 1001913433 | D42: 11134148 | E42: 1811909-L-A | F42: HW60SP350P10000 CN | G42: 480 | H42: 46234 | I42: 0103547143 | J42: 260713C56A | K42: 486 | L42: 12129995 | M42: 2112099-0-C-CN | N42: 0 | O42: 0 | P42: CHINA | Q42: 0 | R42: 46220 | S42: 3 | T42: 3 | U42: 46221 | V42: 46221 | W42: M10 | Y42: =VLOOKUP(F42,[2]New!$B:$G,3,0)*K42/60 -> 453.6 | Z42: =VLOOKUP(F42,[2]New!$B:$G,4,0)*K42/60 -> 1895.4 | AA42: =VLOOKUP(F42,[2]New!$B:$G,6,0)*K42/60 -> 2340.9 | AB42: =VLOOKUP(A42,'[4]PO CAG (2)'!$A:$L,12,0) -> 46268 | AC42: =IFERROR(VLOOKUP(F42,[3]Sheet1!$E:$H,4,0),) -> G | AD42: 480 | AE42: FINISH | AF42: 10 | AH42: 23UP002-0 YUPO BOARD | AI42: 0 | AJ42: M10-1 | AN42: 3 | AO42: 3 | AP42: 3 | AQ42: 3
A43: CA-H2606-PD-089 | B43: Jul31-02 | C43: 1001914294 | D43: 11134148 | E43: 1811909-L-A | F43: HW60SP350P10000 CN | G43: 1 | H43: 46234 | I43: 0103548549 | J43: 260616C17B | K43: 1 | L43: 12129995 | M43: 2112099-0-C-CN | N43: 0 | O43: 0 | P43: CHINA | Q43: 0 | R43: 46220 | S43: 0 | T43: 0 | U43: 46221 | V43: 46221 | W43: M10 | Y43: =VLOOKUP(F43,[2]New!$B:$G,3,0)*K43/60 -> 0.93333333 | Z43: =VLOOKUP(F43,[2]New!$B:$G,4,0)*K43/60 -> 3.9 | AA43: =VLOOKUP(F43,[2]New!$B:$G,6,0)*K43/60 -> 4.8166667 | AB43: 46268 | AC43: =IFERROR(VLOOKUP(F43,[3]Sheet1!$E:$H,4,0),) -> G | AD43: 1 | AE43: FINISH | AF43: 15 | AH43: 23UP002-0 YUPO BOARD | AI43: 0 | AJ43: M10-2 | AN43: 3 | AO43: 3 | AP43: 3 | AQ43: 3
A44: CA-H2607-PD-014 | B44: Aug03-01 | C44: 1001916295 | D44: 11134146 | E44: 1811907-L-A | F44: HW60SP300P10000 CN | G44: 720 | H44: 46237 | I44: 0103552270 | J44: 260715C44A | K44: 720 | L44: 12129994 | M44: 2112095-0-C-CN | N44: 0 | O44: 0 | P44: CHINA | Q44: 0 | R44: 46221 | S44: 0 | T44: 0 | U44: 46223 | V44: 46223 | W44: M10 | Y44: =VLOOKUP(F44,[2]New!$B:$G,3,0)*K44/60 -> 672 | Z44: =VLOOKUP(F44,[2]New!$B:$G,4,0)*K44/60 -> 2808 | AA44: =VLOOKUP(F44,[2]New!$B:$G,6,0)*K44/60 -> 3468 | AB44: =VLOOKUP(A44,'[4]PO CAG (2)'!$A:$L,12,0) -> 46268 | AC44: =IFERROR(VLOOKUP(F44,[3]Sheet1!$E:$H,4,0),) -> G | AD44: 720 | AE44: FINISH | AF44: 10 | AH44: 23UP002-0 YUPO BOARD | AI44: 0 | AJ44: M10-1 | AN44: 3 | AO44: 3 | AP44: 3 | AQ44: 3
A45: CA-H2607-PD-013 | B45: Aug04-01 | C45: 1001916320 | D45: 11134125 | E45: 1811851-J-A | F45: HW60JR400P10000 CN | G45: 420 | H45: 46238 | I45: 0103552300 | J45: 260715C69A | K45: 420 | L45: 12129992 | M45: 2112061-0-C-CN | N45: 0 | O45: 0 | P45: CHINA | Q45: 0 | R45: 46223 | S45: 0 | T45: 0 | U45: 46224 | V45: 46224 | W45: M9 | Y45: =VLOOKUP(F45,[2]New!$B:$G,3,0)*K45/60 -> 392 | Z45: =VLOOKUP(F45,[2]New!$B:$G,4,0)*K45/60 -> 1638 | AA45: =VLOOKUP(F45,[2]New!$B:$G,6,0)*K45/60 -> 2023 | AB45: =VLOOKUP(A45,'[4]PO CAG (2)'!$A:$L,12,0) -> 46268 | AC45: =IFERROR(VLOOKUP(F45,[3]Sheet1!$E:$H,4,0),) -> G | AD45: 420 | AE45: FINISH | AF45: 10 | AH45: 21UP001-0 YUPO SHEET | AI45: 0 | AJ45: M9-2 | AN45: 3 | AO45: 3 | AP45: 3 | AQ45: 3
A46: CA-H2607-PD-015 | B46: Aug04-02 | C46: 1001916321 | D46: 11134148 | E46: 1811909-L-A | F46: HW60SP350P10000 CN | G46: 720 | H46: 46238 | I46: 0103552301 | J46: 260715C70A | K46: 726 | L46: 12129995 | M46: 2112099-0-C-CN | N46: 0 | O46: 0 | P46: CHINA | Q46: 0 | R46: 46223 | S46: 3 | T46: 3 | U46: 46224 | V46: 46224 | W46: M10 | Y46: =VLOOKUP(F46,[2]New!$B:$G,3,0)*K46/60 -> 677.6 | Z46: =VLOOKUP(F46,[2]New!$B:$G,4,0)*K46/60 -> 2831.4 | AA46: =VLOOKUP(F46,[2]New!$B:$G,6,0)*K46/60 -> 3496.9 | AB46: =VLOOKUP(A46,'[4]PO CAG (2)'!$A:$L,12,0) -> 46268 | AC46: =IFERROR(VLOOKUP(F46,[3]Sheet1!$E:$H,4,0),) -> G | AD46: 720 | AE46: FINISH | AF46: 10 | AH46: 23UP002-0 YUPO BOARD | AI46: 6 | AJ46: M10-1 | AN46: 3 | AO46: 3 | AP46: 3 | AQ46: 3
A47: CA-H2606-PD-225 | B47: Aug04-03 | C47: 1001916337 | D47: 11134247 | E47: 2141050-D-A | F47: CRV150-19P CN | G47: 20 | H47: 46238 | I47: 0103552318 | J47: 260715K15A | K47: 20 | L47: 12129253 | M47: 1842015-B-C-CN | N47: 0 | O47: 0 | P47: CHINA | Q47: 0 | R47: 46223 | S47: 0 | T47: 0 | U47: 46224 | V47: 46224 | W47: M8 | Y47: =VLOOKUP(F47,[2]New!$B:$G,3,0)*K47/60 -> 18 | Z47: =VLOOKUP(F47,[2]New!$B:$G,4,0)*K47/60 -> 45 | AA47: =VLOOKUP(F47,[2]New!$B:$G,6,0)*K47/60 -> 44.733333 | AB47: =VLOOKUP(A47,'[4]PO CAG (2)'!$A:$L,12,0) -> 46268 | AC47: =IFERROR(VLOOKUP(F47,[3]Sheet1!$E:$H,4,0),) -> H | AD47: 20 | AE47: FINISH | AF47: 10 | AH47: #N/A | AI47: 0 | AJ47: M8-3 | AN47: 3 | AO47: 3 | AP47: 3 | AQ47: 3
A48: CA-H2607-PD-001 | B48: Aug04-04 | C48: 1001916338 | D48: 11134246 | E48: 2141049-D-A | F48: CRV135-19P CN | G48: 1491 | H48: 46238 | I48: 0103552319 | J48: 260715K16A | K48: 1497 | L48: 12129252 | M48: 1842014-C-C-CN | N48: 0 | O48: 0 | P48: CHINA | Q48: 0 | R48: 46223 | S48: 3 | T48: 3 | U48: 46224 | V48: 46224 | W48: M8 | Y48: =VLOOKUP(F48,[2]New!$B:$G,3,0)*K48/60 -> 1347.3 | Z48: =VLOOKUP(F48,[2]New!$B:$G,4,0)*K48/60 -> 3368.25 | AA48: =VLOOKUP(F48,[2]New!$B:$G,6,0)*K48/60 -> 3348.29 | AB48: =VLOOKUP(A48,'[4]PO CAG (2)'!$A:$L,12,0) -> 46268 | AC48: =IFERROR(VLOOKUP(F48,[3]Sheet1!$E:$H,4,0),) -> H | AD48: 1491 | AE48: FINISH | AF48: 10 | AH48: #N/A | AI48: 6 | AJ48: M8-3 | AN48: 3 | AO48: 3 | AP48: 3 | AQ48: 3
A49: Hiên trang | B49: TER-PE-260478-01 | C49: 2000127255 | D49: 11134249 | E49: 2041190-D-A | F49: 2041190-D-A_CSR150-26P_CN | H49: 22.May.26 | I49: 0103552657 | J49: V260714X01 | K49: 200 | L49: 12139932 | M49: 2342020-A-C-CN | N49: 0 | O49: 0 | P49: TEST | Q49: 0 | R49: 46223 | S49: 0 | T49: 0 | U49: 46224 | V49: N/A | AB49: TEST | AE49: TEST
A50: Hiên trang | L50: 12139932 | M50: 2342020-A-C-CN | N50: 0 | O50: 0 | P50: TEST | Q50: 0 | R50: 46223 | S50: 0 | T50: 0 | U50: 46224 | V50: N/A | AB50: TEST | AE50: TEST
A51: Hiên trang | B51: TER-PE-260478-02 | C51: 2000127256 | D51: 11134247 | E51: 2141050-D-A | F51: 141050-D-A_CRV150-19P_CN | H51: 22.May.26 | I51: 0103552659 | J51: V260714X02 | K51: 200 | L51: 12129253 | M51: 1842015-B-C-CN | N51: 0 | O51: 0 | P51: TEST | Q51: 0 | R51: 46223 | S51: 0 | T51: 0 | U51: 46224 | V51: N/A | AB51: TEST | AE51: TEST
A52: Hiên trang | L52: 12129253 | M52: 1842015-B-C-CN | N52: 0 | O52: 0 | P52: TEST | Q52: 0 | R52: 46223 | S52: 0 | T52: 0 | U52: 46224 | V52: N/A | AB52: TEST | AE52: TEST
A53: CA-H2607-PD-004 | B53: Aug07-01 | C53: 1001919159 | D53: 11134249 | E53: 2041190-D-A | F53: CSR150-26P CN | G53: 448 | H53: 46241 | I53: 0103558153 | J53: 260716K09A | K53: 454 | L53: 12139932 | M53: 2342020-A-C-CN | N53: 0 | O53: 0 | P53: CHINA | Q53: 0 | R53: 46226 | S53: 3 | T53: 3 | U53: 46227 | V53: 46227 | W53: M8 | Y53: =VLOOKUP(F53,[2]New!$B:$G,3,0)*K53/60 -> 254.24 | Z53: =VLOOKUP(F53,[2]New!$B:$G,4,0)*K53/60 -> 488.05 | AA53: =VLOOKUP(F53,[2]New!$B:$G,6,0)*K53/60 -> 1008.6367 | AB53: =VLOOKUP(A53,'[4]PO CAG (2)'!$A:$L,12,0) -> 46268 | AC53: =IFERROR(VLOOKUP(F53,[3]Sheet1!$E:$H,4,0),) -> H | AD53: 448 | AE53: FINISH | AF53: 10 | AI53: 6 | AJ53: M8-3 | AN53: 2 | AO53: 2 | AP53: 2 | AQ53: 2
A54: CA-H2607-PD-003 | B54: Aug07-02 | C54: 1001919160 | D54: 11134248 | E54: 2041189-D-A | F54: CSR135-26P CN | G54: 1472 | H54: 46241 | I54: 0103558154 | J54: 260716K10A | K54: 1472 | L54: 12139931 | M54: 2342019-A-C-CN | N54: 0 | O54: 0 | P54: CHINA | Q54: 0 | R54: 46226 | S54: 0 | T54: 0 | U54: 46227 | V54: 46227 | W54: M8 | Y54: =VLOOKUP(F54,[2]New!$B:$G,3,0)*K54/60 -> 824.32 | Z54: =VLOOKUP(F54,[2]New!$B:$G,4,0)*K54/60 -> 1582.4 | AA54: =VLOOKUP(F54,[2]New!$B:$G,6,0)*K54/60 -> 3270.2933 | AB54: =VLOOKUP(A54,'[4]PO CAG (2)'!$A:$L,12,0) -> 46268 | AC54: =IFERROR(VLOOKUP(F54,[3]Sheet1!$E:$H,4,0),) -> H | AD54: 1472 | AE54: FINISH | AF54: 10 | AI54: 0 | AJ54: M8-3 | AN54: 2 | AO54: 2 | AP54: 2 | AQ54: 2
A55: CA-H2607-PD-015 | B55: Aug05-01 | C55: 1001919161 | D55: 11134148 | E55: 1811909-L-A | F55: HW60SP350P10000 CN | G55: 720 | H55: 46239 | I55: 0103558155 | J55: 260716C01A | K55: 726 | L55: 12129995 | M55: 2112099-0-C-CN | N55: 0 | O55: 0 | P55: CHINA | Q55: 0 | R55: 46224 | S55: 3 | T55: 3 | U55: 46225 | V55: 46225 | W55: M9 | Y55: =VLOOKUP(F55,[2]New!$B:$G,3,0)*K55/60 -> 677.6 | Z55: =VLOOKUP(F55,[2]New!$B:$G,4,0)*K55/60 -> 2831.4 | AA55: =VLOOKUP(F55,[2]New!$B:$G,6,0)*K55/60 -> 3496.9 | AB55: =VLOOKUP(A55,'[4]PO CAG (2)'!$A:$L,12,0) -> 46268 | AC55: =IFERROR(VLOOKUP(F55,[3]Sheet1!$E:$H,4,0),) -> G | AD55: 720 | AE55: FINISH | AF55: 10 | AI55: 6 | AJ55: M9-1 | AN55: 3 | AO55: 3 | AP55: 3 | AQ55: 3
A56: CA-H2607-PD-014 | B56: Aug06-01 | C56: 1001919195 | D56: 11134146 | E56: 1811907-L-A | F56: HW60SP300P10000 CN | G56: 120 | H56: 46240 | I56: 0103558188 | J56: 260716C33A | K56: 126 | L56: 12129994 | M56: 2112095-0-C-CN | N56: 0 | O56: 0 | P56: CHINA | Q56: 0 | R56: 46225 | S56: 3 | T56: 3 | U56: 46226 | V56: 46226 | W56: M9 | Y56: =VLOOKUP(F56,[2]New!$B:$G,3,0)*K56/60 -> 117.6 | Z56: =VLOOKUP(F56,[2]New!$B:$G,4,0)*K56/60 -> 491.4 | AA56: =VLOOKUP(F56,[2]New!$B:$G,6,0)*K56/60 -> 606.9 | AB56: =VLOOKUP(A56,'[4]PO CAG (2)'!$A:$L,12,0) -> 46268 | AC56: =IFERROR(VLOOKUP(F56,[3]Sheet1!$E:$H,4,0),) -> G | AD56: 120 | AE56: FINISH | AF56: 10 | AI56: 6 | AJ56: M9-2 | AN56: 3 | AO56: 3 | AP56: 3 | AQ56: 3
A57: CA-H2607-PD-014 | B57: Aug06-02 | C57: 1001919196 | D57: 11134146 | E57: 1811907-L-A | F57: HW60SP300P10000 CN | G57: 720 | H57: 46240 | I57: 0103558189 | J57: 260716C34A | K57: 720 | L57: 12129994 | M57: 2112095-0-C-CN | N57: 0 | O57: 0 | P57: CHINA | Q57: 0 | R57: 46225 | S57: 0 | T57: 0 | U57: 46226 | V57: 46226 | W57: M10 | Y57: =VLOOKUP(F57,[2]New!$B:$G,3,0)*K57/60 -> 672 | Z57: =VLOOKUP(F57,[2]New!$B:$G,4,0)*K57/60 -> 2808 | AA57: =VLOOKUP(F57,[2]New!$B:$G,6,0)*K57/60 -> 3468 | AB57: =VLOOKUP(A57,'[4]PO CAG (2)'!$A:$L,12,0) -> 46268 | AC57: =IFERROR(VLOOKUP(F57,[3]Sheet1!$E:$H,4,0),) -> G | AD57: 720 | AE57: FINISH | AF57: 10 | AI57: 0 | AJ57: M10-1 | AN57: 3 | AO57: 3 | AP57: 3 | AQ57: 3
A58: Quỳnh | B58: TER-PE-260519_1 | C58: 2000127456 | D58: 11134563 | E58: 2041304-C-A | F58: 2041304-C-A_MST150-27HFR_CN | H58: 23.Jul.26 | I58: 0103558748 | J58: V260716X01 | K58: 200 | L58: 12131598 | M58: 2042141-B-C-CN | N58: 0 | O58: 0 | P58: TEST | Q58: 0 | R58: 46223 | S58: 0 | T58: 0 | U58: 46225 | V58: N/A | X58: 46227 | Y58: 0 | Z58: 0 | AA58: 0 | AB58: TEST | AE58: TEST
A59: Quỳnh | B59: TER-PE-260519_2 | C59: 2000127458 | D59: 12129248 | E59: PR2145021-0-A | F59: PR2145021-0-A_2009051_Masters HF CN | H59: 23.Jul.26 | I59: 0103558757 | J59: V260716X02 | K59: 200 | L59: 12003986 | M59: PR19SR002-0-D | N59: 0 | O59: 0 | P59: TEST | Q59: 0 | R59: 46223 | S59: 0 | T59: 0 | U59: 46225 | V59: N/A | X59: 46227 | Y59: 0 | Z59: 0 | AA59: 0 | AB59: TEST | AE59: TEST
A60: Huệ | B60: TER-PE-260506-1 | C60: 2000127531 | D60: 11120964 | E60: 2611008-001-A | F60: 2611008-001_CROSSRIDGE 6Fr STRAIGHT100cm | G60: 28 | H60: 31.Jul.26 | I60: 0103561425 | J60: 260717X01B | K60: 28 | L60: 12142011 | M60: 2512222-001-C | N60: 0 | O60: 0 | P60: TEST | Q60: 0 | S60: 0 | T60: 0 | V60: 46228 | W60: TEST | Y60: 0 | Z60: 0 | AA60: 0 | AB60: TEST | AE60: TEST
A61: Huệ | L61: 12138665 | M61: 2512036-001-C | N61: 0 | O61: 0 | P61: TEST | Q61: 0 | S61: 0 | T61: 0 | V61: 46228 | W61: TEST | Y61: 0 | Z61: 0 | AA61: 0 | AB61: TEST | AE61: TEST
A62: Huệ | L62: 12138672 | M62: 2512040-001-C | N62: 0 | O62: 0 | P62: TEST | Q62: 0 | S62: 0 | T62: 0 | V62: 46228 | W62: TEST | Y62: 0 | Z62: 0 | AA62: 0 | AB62: TEST | AE62: TEST
A63: Huệ | L63: 12138672 | M63: 2512040-001-C | N63: 0 | O63: 0 | P63: TEST | Q63: 0 | S63: 0 | T63: 0 | V63: 46228 | W63: TEST | Y63: 0 | Z63: 0 | AA63: 0 | AB63: TEST | AE63: TEST
A64: Huệ | L64: 12138672 | M64: 2512040-001-C | N64: 0 | O64: 0 | P64: TEST | Q64: 0 | S64: 0 | T64: 0 | V64: 46228 | W64: TEST | Y64: 0 | Z64: 0 | AA64: 0 | AB64: TEST | AE64: TEST
A65: Huệ | L65: 12138672 | M65: 2512040-001-C | N65: 0 | O65: 0 | P65: TEST | Q65: 0 | S65: 0 | T65: 0 | V65: 46228 | W65: TEST | Y65: 0 | Z65: 0 | AA65: 0 | AB65: TEST | AE65: TEST
A66: Huệ | B66: TER-PE-260506-2 | C66: 2000127532 | D66: 11120964 | E66: 2611008-001-A | F66: 2611008-001_CROSSRIDGE 6Fr STRAIGHT100cm | G66: 28 | H66: 31.Jul.26 | I66: 103561426 | J66: 260717X02B | K66: 28 | L66: 12142011 | M66: 2512222-001-C | N66: 0 | O66: 0 | P66: TEST | Q66: 0 | S66: 0 | T66: 0 | V66: 46228 | W66: TEST | Y66: 0 | Z66: 0 | AA66: 0 | AB66: TEST | AE66: TEST
A67: Huệ | L67: 12138665 | M67: 2512036-001-C | N67: 0 | O67: 0 | P67: TEST | Q67: 0 | S67: 0 | T67: 0 | V67: 46228 | W67: TEST | Y67: 0 | Z67: 0 | AA67: 0 | AB67: TEST | AE67: TEST
A68: Huệ | L68: 12138672 | M68: 2512040-001-C | N68: 0 | O68: 0 | P68: TEST | Q68: 0 | S68: 0 | T68: 0 | V68: 46228 | W68: TEST | Y68: 0 | Z68: 0 | AA68: 0 | AB68: TEST | AE68: TEST
A69: Huệ | L69: 12138672 | M69: 2512040-001-C | N69: 0 | O69: 0 | P69: TEST | Q69: 0 | S69: 0 | T69: 0 | V69: 46228 | W69: TEST | Y69: 0 | Z69: 0 | AA69: 0 | AB69: TEST | AE69: TEST
A70: Huệ | L70: 12138672 | M70: 2512040-001-C | N70: 0 | O70: 0 | P70: TEST | Q70: 0 | S70: 0 | T70: 0 | V70: 46228 | W70: TEST | Y70: 0 | Z70: 0 | AA70: 0 | AB70: TEST | AE70: TEST
A71: Huệ | B71: TER-PE-260506-3 | C71: 2000127533 | D71: 11120964 | E71: 2611008-001-A | F71: 2611008-001_CROSSRIDGE 6Fr STRAIGHT100cm | G71: 27 | H71: 31.Jul.26 | I71: 103561427 | J71: 260717X03B | K71: 27 | L71: 12142011 | M71: 2512222-001-C | N71: 0 | O71: 0 | P71: TEST | Q71: 0 | S71: 0 | T71: 0 | V71: 46228 | W71: TEST | Y71: 0 | Z71: 0 | AA71: 0 | AB71: TEST | AE71: TEST
A72: Huệ | L72: 12138665 | M72: 2512036-001-C | N72: 0 | O72: 0 | P72: TEST | Q72: 0 | S72: 0 | T72: 0 | V72: 46228 | W72: TEST | Y72: 0 | Z72: 0 | AA72: 0 | AB72: TEST | AE72: TEST
A73: Huệ | L73: 12138672 | M73: 2512040-001-C | N73: 0 | O73: 0 | P73: TEST | Q73: 0 | S73: 0 | T73: 0 | V73: 46228 | W73: TEST | Y73: 0 | Z73: 0 | AA73: 0 | AB73: TEST | AE73: TEST
A74: Huệ | L74: 12138672 | M74: 2512040-001-C | N74: 0 | O74: 0 | P74: TEST | Q74: 0 | S74: 0 | T74: 0 | V74: 46228 | W74: TEST | Y74: 0 | Z74: 0 | AA74: 0 | AB74: TEST | AE74: TEST
A75: Huệ | B75: TER-PE-260506-4 | C75: 2000127534 | D75: 11120964 | E75: 2611008-001-A | F75: 2611008-001_CROSSRIDGE 6Fr STRAIGHT100cm | G75: 28 | H75: 31.Jul.26 | I75: 103561428 | J75: 260717X04B | K75: 28 | L75: 12142011 | M75: 2512222-001-C | N75: 0 | O75: 0 | P75: TEST | Q75: 0 | S75: 0 | T75: 0 | V75: 46228 | W75: TEST | Y75: 0 | Z75: 0 | AA75: 0 | AB75: TEST | AE75: TEST
A76: Huệ | L76: 12138665 | M76: 2512036-001-C | N76: 0 | O76: 0 | P76: TEST | Q76: 0 | S76: 0 | T76: 0 | V76: 46228 | W76: TEST | Y76: 0 | Z76: 0 | AA76: 0 | AB76: TEST | AE76: TEST
A77: Huệ | L77: 12138672 | M77: 2512040-001-C | N77: 0 | O77: 0 | P77: TEST | Q77: 0 | S77: 0 | T77: 0 | V77: 46228 | W77: TEST | Y77: 0 | Z77: 0 | AA77: 0 | AB77: TEST | AE77: TEST
A78: Huệ | B78: TER-PE-260506-5 | C78: 2000127535 | D78: 11120964 | E78: 2611008-001-A | F78: 2611008-001_CROSSRIDGE 6Fr STRAIGHT100cm | G78: 28 | H78: 31.Jul.26 | I78: 103561429 | J78: 260717X05B | K78: 28 | L78: 12142011 | M78: 2512222-001-C | N78: 0 | O78: 0 | P78: TEST | Q78: 0 | S78: 0 | T78: 0 | V78: 46228 | W78: TEST | Y78: 0 | Z78: 0 | AA78: 0 | AB78: TEST | AE78: TEST
A79: Huệ | L79: 12138665 | M79: 2512036-001-C | N79: 0 | O79: 0 | P79: TEST | Q79: 0 | S79: 0 | T79: 0 | V79: 46228 | W79: TEST | Y79: 0 | Z79: 0 | AA79: 0 | AB79: TEST | AE79: TEST
A80: Huệ | L80: 12138672 | M80: 2512040-001-C | N80: 0 | O80: 0 | P80: TEST | Q80: 0 | S80: 0 | T80: 0 | V80: 46228 | W80: TEST | Y80: 0 | Z80: 0 | AA80: 0 | AB80: TEST | AE80: TEST
A81: Huệ | B81: TER-PE-260506-6 | C81: 2000127536 | D81: 11120964 | E81: 2611008-001-A | F81: 2611008-001_CROSSRIDGE 6Fr STRAIGHT100cm | G81: 27 | H81: 31.Jul.26 | I81: 103561430 | J81: 260717X06B | K81: 27 | L81: 12142011 | M81: 2512222-001-C | N81: 0 | O81: 0 | P81: TEST | Q81: 0 | S81: 0 | T81: 0 | V81: 46228 | W81: TEST | Y81: 0 | Z81: 0 | AA81: 0 | AB81: TEST | AE81: TEST
A82: Huệ | L82: 12138665 | M82: 2512036-001-C | N82: 0 | O82: 0 | P82: TEST | Q82: 0 | S82: 0 | T82: 0 | V82: 46228 | W82: TEST | Y82: 0 | Z82: 0 | AA82: 0 | AB82: TEST | AE82: TEST
A83: Huệ | L83: 12138672 | M83: 2512040-001-C | N83: 0 | O83: 0 | P83: TEST | Q83: 0 | S83: 0 | T83: 0 | V83: 46228 | W83: TEST | Y83: 0 | Z83: 0 | AA83: 0 | AB83: TEST | AE83: TEST
A84: Huệ | B84: TER-PE-260506-7 | C84: 2000127537 | D84: 11120964 | E84: 2611008-001-A | F84: 2611008-001_CROSSRIDGE 6Fr STRAIGHT100cm | G84: 10 | H84: 31.Jul.26 | I84: 0103561431 | J84: 260717X07B | K84: 10 | L84: 12142011 | M84: 2512222-001-C | N84: 0 | O84: 0 | P84: TEST | Q84: 0 | S84: 0 | T84: 0 | V84: 46228 | W84: TEST | Y84: 0 | Z84: 0 | AA84: 0 | AB84: TEST | AE84: TEST
A85: Huệ | L85: 12138665 | M85: 2512036-001-C | N85: 0 | O85: 0 | P85: TEST | Q85: 0 | S85: 0 | T85: 0 | V85: 46228 | W85: TEST | Y85: 0 | Z85: 0 | AA85: 0 | AB85: TEST | AE85: TEST
A86: Huệ | L86: 12138672 | M86: 2512040-001-C | N86: 0 | O86: 0 | P86: TEST | Q86: 0 | S86: 0 | T86: 0 | V86: 46228 | W86: TEST | Y86: 0 | Z86: 0 | AA86: 0 | AB86: TEST | AE86: TEST
A87: Huệ | B87: TER-PE-260506-8 | C87: 2000127538 | D87: 11120964 | E87: 2611008-001-A | F87: 2611008-001_CROSSRIDGE 6Fr STRAIGHT100cm | G87: 11 | H87: 31.Jul.26 | I87: 0103561432 | J87: 260717X08B | K87: 11 | L87: 12142011 | M87: 2512222-001-C | N87: 0 | O87: 0 | P87: TEST | Q87: 0 | S87: 0 | T87: 0 | V87: 46228 | W87: TEST | Y87: 0 | Z87: 0 | AA87: 0 | AB87: TEST | AE87: TEST
A88: Huệ | L88: 12138665 | M88: 2512036-001-C | N88: 0 | O88: 0 | P88: TEST | Q88: 0 | S88: 0 | T88: 0 | V88: 46228 | W88: TEST | Y88: 0 | Z88: 0 | AA88: 0 | AB88: TEST | AE88: TEST
A89: Huệ | L89: 12138672 | M89: 2512040-001-C | N89: 0 | O89: 0 | P89: TEST | Q89: 0 | S89: 0 | T89: 0 | V89: 46228 | W89: TEST | Y89: 0 | Z89: 0 | AA89: 0 | AB89: TEST | AE89: TEST
A90: Huệ | B90: TER-PE-260506-9 | C90: 2000127539 | D90: 11120964 | E90: 2611008-001-A | F90: 2611008-001_CROSSRIDGE 6Fr STRAIGHT100cm | G90: 11 | H90: 31.Jul.26 | I90: 103561433 | J90: 260717X09B | K90: 11 | L90: 12142011 | M90: 2512222-001-C | N90: 0 | O90: 0 | P90: TEST | Q90: 0 | S90: 0 | T90: 0 | V90: 46228 | W90: TEST | Y90: 0 | Z90: 0 | AA90: 0 | AB90: TEST | AE90: TEST
A91: Huệ | L91: 12138665 | M91: 2512036-001-C | N91: 0 | O91: 0 | P91: TEST | Q91: 0 | S91: 0 | T91: 0 | V91: 46228 | W91: TEST | Y91: 0 | Z91: 0 | AA91: 0 | AB91: TEST | AE91: TEST
A92: Huệ | L92: 12138672 | M92: 2512040-001-C | N92: 0 | O92: 0 | P92: TEST | Q92: 0 | S92: 0 | T92: 0 | V92: 46228 | W92: TEST | Y92: 0 | Z92: 0 | AA92: 0 | AB92: TEST | AE92: TEST
A93: Huệ | B93: TER-PE-260339-16 | C93: 2000127540 | D93: 11107910 | E93: 2511508-001-A | F93: 2511508-001_CROSSRIDGE 6Fr 60cm_Kit | G93: 23 | H93: 31.Jul.26 | I93: 103561434 | J93: 260717X10B | K93: 23 | L93: 12142010 | M93: 2512221-001-C | N93: 0 | O93: 0 | P93: TEST | Q93: 0 | S93: 0 | T93: 0 | V93: 46228 | W93: TEST | Y93: 0 | Z93: 0 | AA93: 0 | AB93: TEST | AE93: TEST
A94: Huệ | L94: 12138664 | M94: 2512035-001-C | N94: 0 | O94: 0 | P94: TEST | Q94: 0 | S94: 0 | T94: 0 | V94: 46228 | W94: TEST | Y94: 0 | Z94: 0 | AA94: 0 | AB94: TEST | AE94: TEST
A95: Huệ | L95: 12138672 | M95: 2512040-001-C | N95: 0 | O95: 0 | P95: TEST | Q95: 0 | S95: 0 | T95: 0 | V95: 46228 | W95: TEST | Y95: 0 | Z95: 0 | AA95: 0 | AB95: TEST | AE95: TEST
A96: Huệ | L96: 12138672 | M96: 2512040-001-C | N96: 0 | O96: 0 | P96: TEST | Q96: 0 | S96: 0 | T96: 0 | V96: 46228 | W96: TEST | Y96: 0 | Z96: 0 | AA96: 0 | AB96: TEST | AE96: TEST
A97: Huệ | B97: TER-PE-260339-17 | C97: 2000127541 | D97: 11107910 | E97: 2511508-001-A | F97: 2511508-001_CROSSRIDGE 6Fr 60cm_Kit | G97: 23 | H97: 31.Jul.26 | I97: 103561435 | J97: 260717X11B | K97: 23 | L97: 12142010 | M97: 2512221-001-C | N97: 0 | O97: 0 | P97: TEST | Q97: 0 | S97: 0 | T97: 0 | V97: 46228 | W97: TEST | Y97: 0 | Z97: 0 | AA97: 0 | AB97: TEST | AE97: TEST
A98: Huệ | L98: 12138664 | M98: 2512035-001-C | N98: 0 | O98: 0 | P98: TEST | Q98: 0 | S98: 0 | T98: 0 | V98: 46228 | W98: TEST | Y98: 0 | Z98: 0 | AA98: 0 | AB98: TEST | AE98: TEST
A99: Huệ | L99: 12138672 | M99: 2512040-001-C | N99: 0 | O99: 0 | P99: TEST | Q99: 0 | S99: 0 | T99: 0 | V99: 46228 | W99: TEST | Y99: 0 | Z99: 0 | AA99: 0 | AB99: TEST | AE99: TEST
A100: Huệ | L100: 12138672 | M100: 2512040-001-C | N100: 0 | O100: 0 | P100: TEST | Q100: 0 | S100: 0 | T100: 0 | V100: 46228 | W100: TEST | Y100: 0 | Z100: 0 | AA100: 0 | AB100: TEST | AE100: TEST
...

Sheet Sheet2
I5: ETD
D6: CA-H2608-PD-153 | E6: 11122087 | F6: 2341003-B-A | G6: CRV135-19P CE3 | H6: 799 | I6: 46268
D7: CA-H2608-PD-154 | E7: 11122088 | F7: 2341004-B-A | G7: CRV150-19P CE3 | H7: 160 | I7: 46268
D8: CA-H2608-PD-154 | E8: 11122088 | F8: 2341004-B-A | G8: CRV150-19P CE3 | H8: 108 | I8: 46268
D9: CA-H2608-PD-047 | E9: 11122087 | F9: 2341003-B-A | G9: CRV135-19P CE3 | H9: 40 | I9: 46282
D10: CA-H2608-PD-048 | E10: 11122088 | F10: 2341004-B-A | G10: CRV150-19P CE3 | H10: 15 | I10: 46282
M16: Test EN dotoxin
D17: 1001938869 | E17: 11131256 | F17: 1841033-E-A | G17: CRV135-19M JP | H17: 1202 | I17: 46259 | J17: 0103596402 | K17: 260805K03A | L17: 1202 | M17: 0
D18: 1001938871 | E18: 11131258 | F18: 1941001-D-A | G18: CSR135-26PR JP | H18: 1100 | I18: 46259 | J18: 0103596404 | K18: 260805K05A | L18: 1100 | M18: 0
D19: 1001942483 | E19: 11127226 | F19: 2351005-0-A | G19: TES0018S US | H19: 20 | I19: 46260 | J19: 0103602697 | K19: 260807G02A | L19: 22 | M19: 2
D24: CA-H2608-PD-449 | E24: Masters parkway | F24: 11126311 | G24: 1941011-E-A | H24: MST150-18PWSFR JP | I24: JAPAN | J24: 5
D25: CA-H2608-PD-449 | F25: 11124123 | G25: 1941011-F-A | H25: MST150-18PWSFR JP | I25: JAPAN | J25: 1

Sheet Sheet3
A1: PldOrd | B1: Material No | C1: Item code | D1: Item name | E1: Q'ty | F1: Complete Date | G1: Internal Lot | H1: External Lot Ster | I1: Q'ty Input | J1: Material No Type C | K1: Item Code Type C | L1: Label | M1: Seal | N1: STR 1 | O1: STR 2 | P1: MẺ | Q1: Family | R1: WH | S1: PROCESS | T1: ngày lưu kho | U1: Cột ƯỚc
A2: 2000119895 | B2: 11134343 | C2: 1941029-F-A | D2: VEL105-16SR_JP | E2: 92 | F2: 46107 | G2: 0103341900 | H2: 260402X13B | I2: 92 | J2: 12120504 | K2: 1942060-A-C | L2: 46146 | M2: 46147 | N2: 46147 | O2: 46149 | P2: M8 | S2: TEST | U2: Lân2 N7
A3: 2000119880 | B3: 11134343 | C3: 1941029-F-A | D3: VEL105-16SR_JP | E3: 92 | F3: 46140 | G3: 0103341597 | H3: 260402X02B | I3: 92 | J3: 12120504 | K3: 1942060-A-C | L3: 46146 | M3: 46147 | N3: 46147 | O3: 46149 | P3: M8 | S3: TEST | U3: Lân2 N7
A4: 2000119881 | B4: 11134343 | C4: 1941029-F-A | D4: VEL105-16SR_JP | E4: 92 | F4: 46140 | G4: 0103341601 | H4: 260402X03B | I4: 92 | J4: 12120504 | K4: 1942060-A-C | L4: 46146 | M4: 46147 | N4: 46147 | O4: 46149 | P4: M8 | S4: TEST | U4: Lân2 N7
A5: 2000119885 | B5: 11134345 | C5: 1941031-F-A | D5: VEL150-16SR_JP | E5: 57 | F5: 46134 | G5: 0103341645 | H5: 260402X07B | I5: 57 | J5: 12120506 | K5: 1942062-A-C | L5: 46146 | M5: 46147 | N5: 46147 | O5: 46149 | P5: M8 | S5: TEST | U5: Lân2 N7
A6: 2000119886 | B6: 11134345 | C6: 1941031-F-A | D6: VEL150-16SR_JP | E6: 57 | F6: 46134 | G6: 0103341651 | H6: 260402X08B | I6: 57 | J6: 12120506 | K6: 1942062-A-C | L6: 46146 | M6: 46147 | N6: 46147 | O6: 46149 | P6: M8 | S6: TEST | U6: Lân2 N7
A7: 2000119887 | B7: 11134345 | C7: 1941031-F-A | D7: VEL150-16SR_JP | E7: 57 | F7: 46134 | G7: 0103341654 | H7: 260402X09B | I7: 57 | J7: 12120506 | K7: 1942062-A-C | L7: 46146 | M7: 46147 | N7: 46147 | O7: 46149 | P7: M8 | S7: TEST | U7: Lân2 N7
A8: 2000119888 | B8: 11134345 | C8: 1941031-F-A | D8: VEL150-16SR_JP | E8: 56 | F8: 46156 | G8: 0103341656 | H8: 260402X10B | I8: 56 | J8: 12120506 | K8: 1942062-A-C | L8: 46160 | M8: 46161 | N8: 46161 | O8: 46164 | P8: M8 | S8: TEST | U8: Lân2 N22
A9: 2000119889 | B9: 11134345 | C9: 1941031-F-A | D9: VEL150-16SR_JP | E9: 56 | F9: 46156 | G9: 0103341659 | H9: 260402X11B | I9: 56 | J9: 12120506 | K9: 1942062-A-C | L9: 46160 | M9: 46161 | N9: 46161 | O9: 46164 | P9: M8 | S9: TEST | U9: Lân2 N22
A10: 2000119890 | B10: 11134345 | C10: 1941031-F-A | D10: VEL150-16SR_JP | E10: 56 | F10: 46156 | G10: 0103341660 | H10: 260402X12B | I10: 56 | J10: 12120506 | K10: 1942062-A-C | L10: 46160 | M10: 46161 | N10: 46161 | O10: 46164 | P10: M8 | S10: TEST | U10: Lân2 N22
A11: 2000120213 | B11: 11125153 | C11: 1941022-F-A | D11: MST105-27HFR_JP | E11: 250 | F11: 21.Apr,.26 | G11: 0103348715 | H11: 260406X03B | I11: 250 | J11: 12120612 | K11: 2042139-B-C | L11: 46128 | M11: 46147 | N11: 46147 | O11: 46149 | P11: M8 | S11: TEST | U11: Lân2 N7
A12: 2000120120 | B12: 11125140 | C12: 1941009-D-A | D12: MST105-18PWSFR_JP | E12: 129 | F12: 18.May.26 | G12: 0103345627 | H12: 260404X13B | I12: 129 | J12: 12120562 | K12: 1942040-A-C | L12: 46160 | M12: 46161 | N12: 46161 | O12: 46164 | P12: M8 | S12: TEST | U12: Lân2 N22
A13: 2000120122 | B13: 11125140 | C13: 1941009-D-A | D13: MST105-18PWSFR_JP | E13: 129 | F13: 18.May.26 | G13: 0103345628 | H13: 260404X14B | I13: 129 | J13: 12120562 | K13: 1942040-A-C | L13: 46160 | M13: 46161 | N13: 46161 | O13: 46164 | P13: M8 | S13: TEST | U13: Lân2 N22
A14: 2000120124 | B14: 11125140 | C14: 1941009-D-A | D14: MST105-18PWSFR_JP | E14: 129 | F14: 18.May.26 | G14: 0103345629 | H14: 260404X15B | I14: 129 | J14: 12120562 | K14: 1942040-A-C | L14: 46160 | M14: 46161 | N14: 46161 | O14: 46164 | P14: M8 | S14: TEST | U14: Lân2 N22
A15: 2000120132 | B15: 11125142 | C15: 1941011-D-A | D15: MST150-18PWSFR_JP | E15: 66 | F15: 18.May.26 | G15: 0103345643 | H15: 260404X22B | I15: 66 | J15: 12120564 | K15: 1942042-A-C | L15: 46160 | M15: 46161 | N15: 46161 | O15: 46164 | P15: M8 | S15: TEST | U15: Lân2 N22
A16: 2000120133 | B16: 11125142 | C16: 1941011-D-A | D16: MST150-18PWSFR_JP | E16: 66 | F16: 18.May.26 | G16: 0103345649 | H16: 260404X23B | I16: 66 | J16: 12120564 | K16: 1942042-A-C | L16: 46160 | M16: 46161 | N16: 46161 | O16: 46164 | P16: M8 | S16: TEST | U16: Lân2 N22
A17: 2000120134 | B17: 11125142 | C17: 1941011-D-A | D17: MST150-18PWSFR_JP | E17: 66 | F17: 18.May.26 | G17: 0103345655 | H17: 260404X24B | I17: 66 | J17: 12120564 | K17: 1942042-A-C | L17: 46160 | M17: 46161 | N17: 46161 | O17: 46164 | P17: M8 | S17: TEST | U17: Lân2 N22
A18: 2000120138 | B18: 11132001 | C18: 1941063-D-A | D18: TLS105-16YR_JP | E18: 129 | F18: 16.Apr.26 | G18: 0103345839 | H18: 260404X25B | I18: 129 | J18: 12120522 | K18: 1942078-A-C | L18: 46149 | M18: 46150 | N18: 46150 | O18: 46153 | P18: M8 | S18: TEST | U18: Lân2 N11
A19: 2000120139 | B19: 11132001 | C19: 1941063-D-A | D19: TLS105-16YR_JP | E19: 129 | F19: 16.Apr.26 | G19: 0103345841 | H19: 260404X26B | I19: 129 | J19: 12120522 | K19: 1942078-A-C | L19: 46149 | M19: 46150 | N19: 46150 | O19: 46153 | P19: M8 | S19: TEST | U19: Lân2 N11
A20: 2000120140 | B20: 11132001 | C20: 1941063-D-A | D20: TLS105-16YR_JP | E20: 129 | F20: 16.Apr.26 | G20: 0103345844 | H20: 260404X27B | I20: 129 | J20: 12120522 | K20: 1942078-A-C | L20: 46149 | M20: 46150 | N20: 46150 | O20: 46153 | P20: M8 | S20: TEST | U20: Lân2 N11
A21: 2000120141 | B21: 11132001 | C21: 1941063-D-A | D21: TLS105-16YR_JP | E21: 129 | F21: 18.May.26 | G21: 0103345846 | H21: 260404X28B | I21: 129 | J21: 12120522 | K21: 1942078-A-C | L21: 46160 | M21: 46161 | N21: 46161 | O21: 46164 | P21: M8 | S21: TEST | U21: Lân2 N22
A22: 2000120142 | B22: 11132001 | C22: 1941063-D-A | D22: TLS105-16YR_JP | E22: 129 | F22: 18.May.26 | G22: 0103345848 | H22: 260404X29B | I22: 129 | J22: 12120522 | K22: 1942078-A-C | L22: 46160 | M22: 46161 | N22: 46161 | O22: 46164 | P22: M8 | S22: TEST | U22: Lân2 N22
... A32: 2000120152 | B32: 11132003 | C32: 1941065-D-A | D32: TLS150-16YR_JP | E32: 69 | F32: 18.May.26 | G32: 0103345862 | H32: 260404X39B | I32: 69 | J32: 12120524 | K32: 1942080-A-C | L32: 46160 | M32: 46161 | N32: 46161 | O32: 46164 | P32: M8 | S32: TEST | U32: Lân2 N22
A41: TT | B41: PldOrd | C41: Material No | D41: Item code | E41: Item name | F41: Q'ty | G41: Complete Date | H41: Internal Lot | I41: External Lot Ster | J41: Q'ty Input | K41: Material No Type C | L41: Item Code Type C | M41: QA test | O41: KEEP | P41: KEEP | Q41: Bioburden | R41: Label | S41: Test Endotoxin ( pcs) | T41: Test Particle ( pcs) | U41: Seal | V41: Ster | W41: MẺ | X41: BOXING | Y41: Label | Z41: Seal | AA41: Boxing | AB41: ETD | AC41: Family | AD41: WH | AE41: PROCESS | AF41: ngày lưu kho | AG41: Cột ƯỚc
A42: TER-PE-260232-01 | B42: 2000119895 | C42: 11134343 | D42: 1941029-F-A | E42: VEL105-16SR_JP | F42: 92 | G42: 46107 | H42: 0103341900 | I42: 260402X13B | J42: 92 | K42: 12120504 | L42: 1942060-A-C | M42: 0 | O42: 0 | P42: 0 | Q42: 0 | R42: 46146 | S42: 0 | T42: 0 | U42: 46147 | V42: 46147 | W42: M8 | Y42: 0 | Z42: 0 | AA42: 0 | AB42: 46161 | AC42: 0 | AE42: TEST | AG42: Lân2 N7
A43: TER-PE-260232-02 | B43: 2000119880 | C43: 11134343 | D43: 1941029-F-A | E43: VEL105-16SR_JP | F43: 92 | G43: 46140 | H43: 0103341597 | I43: 260402X02B | J43: 92 | K43: 12120504 | L43: 1942060-A-C | M43: 0 | O43: 0 | P43: 0 | Q43: 0 | R43: 46146 | S43: 0 | T43: 0 | U43: 46147 | V43: 46147 | W43: M8 | Y43: 0 | Z43: 0 | AA43: 0 | AB43: 46161 | AC43: 0 | AE43: TEST | AG43: Lân2 N7
A44: TER-PE-260232-03 | B44: 2000119881 | C44: 11134343 | D44: 1941029-F-A | E44: VEL105-16SR_JP | F44: 92 | G44: 46140 | H44: 0103341601 | I44: 260402X03B | J44: 92 | K44: 12120504 | L44: 1942060-A-C | M44: 0 | O44: 0 | P44: 0 | Q44: 0 | R44: 46146 | S44: 0 | T44: 0 | U44: 46147 | V44: 46147 | W44: M8 | Y44: 0 | Z44: 0 | AA44: 0 | AB44: 46161 | AC44: 0 | AE44: TEST | AG44: Lân2 N7
A45: TER-PE-260232-07 | B45: 2000119885 | C45: 11134345 | D45: 1941031-F-A | E45: VEL150-16SR_JP | F45: 57 | G45: 46134 | H45: 0103341645 | I45: 260402X07B | J45: 57 | K45: 12120506 | L45: 1942062-A-C | M45: 0 | O45: 0 | P45: 0 | Q45: 0 | R45: 46146 | S45: 0 | T45: 0 | U45: 46147 | V45: 46147 | W45: M8 | Y45: 0 | Z45: 0 | AA45: 0 | AB45: 46157 | AC45: 0 | AE45: TEST | AG45: Lân2 N7
A46: TER-PE-260232-08 | B46: 2000119886 | C46: 11134345 | D46: 1941031-F-A | E46: VEL150-16SR_JP | F46: 57 | G46: 46134 | H46: 0103341651 | I46: 260402X08B | J46: 57 | K46: 12120506 | L46: 1942062-A-C | M46: 0 | O46: 0 | P46: 0 | Q46: 0 | R46: 46146 | S46: 0 | T46: 0 | U46: 46147 | V46: 46147 | W46: M8 | Y46: 0 | Z46: 0 | AA46: 0 | AB46: 46157 | AC46: 0 | AE46: TEST | AG46: Lân2 N7
A47: TER-PE-260232-09 | B47: 2000119887 | C47: 11134345 | D47: 1941031-F-A | E47: VEL150-16SR_JP | F47: 57 | G47: 46134 | H47: 0103341654 | I47: 260402X09B | J47: 57 | K47: 12120506 | L47: 1942062-A-C | M47: 0 | O47: 0 | P47: 0 | Q47: 0 | R47: 46146 | S47: 0 | T47: 0 | U47: 46147 | V47: 46147 | W47: M8 | Y47: 0 | Z47: 0 | AA47: 0 | AB47: 46157 | AC47: 0 | AE47: TEST | AG47: Lân2 N7
A48: TER-PE-260232-10 | B48: 2000119888 | C48: 11134345 | D48: 1941031-F-A | E48: VEL150-16SR_JP | F48: 56 | G48: 46156 | H48: 0103341656 | I48: 260402X10B | J48: 56 | K48: 12120506 | L48: 1942062-A-C | M48: 0 | O48: 0 | P48: 0 | Q48: 0 | R48: 46160 | S48: 0 | T48: 0 | U48: 46161 | V48: 46161 | W48: M8 | Y48: 0 | Z48: 0 | AA48: 0 | AB48: 46175 | AC48: 0 | AE48: TEST | AG48: Lân2 N22
A49: TER-PE-260232-11 | B49: 2000119889 | C49: 11134345 | D49: 1941031-F-A | E49: VEL150-16SR_JP | F49: 56 | G49: 46156 | H49: 0103341659 | I49: 260402X11B | J49: 56 | K49: 12120506 | L49: 1942062-A-C | M49: 0 | O49: 0 | P49: 0 | Q49: 0 | R49: 46160 | S49: 0 | T49: 0 | U49: 46161 | V49: 46161 | W49: M8 | Y49: 0 | Z49: 0 | AA49: 0 | AB49: 46175 | AC49: 0 | AE49: TEST | AG49: Lân2 N22
A50: TER-PE-260232-12 | B50: 2000119890 | C50: 11134345 | D50: 1941031-F-A | E50: VEL150-16SR_JP | F50: 56 | G50: 46156 | H50: 0103341660 | I50: 260402X12B | J50: 56 | K50: 12120506 | L50: 1942062-A-C | M50: 0 | O50: 0 | P50: 0 | Q50: 0 | R50: 46160 | S50: 0 | T50: 0 | U50: 46161 | V50: 46161 | W50: M8 | Y50: 0 | Z50: 0 | AA50: 0 | AB50: 46175 | AC50: 0 | AE50: TEST | AG50: Lân2 N22
A51: TER-PE-260235-03 | B51: 2000120213 | C51: 11125153 | D51: 1941022-F-A | E51: MST105-27HFR_JP | F51: 250 | G51: 21.Apr,.26 | H51: 0103348715 | I51: 260406X03B | J51: 250 | K51: 12120612 | L51: 2042139-B-C | M51: 0 | O51: 0 | P51: 0 | Q51: 0 | R51: 46128 | S51: 0 | T51: 0 | U51: 46147 | V51: 46147 | W51: M8 | X51: 46134 | Y51: 0 | Z51: 0 | AA51: 0 | AB51: 46154 | AE51: TEST | AG51: Lân2 N7
A52: TER-PE-260234-04 | B52: 2000120120 | C52: 11125140 | D52: 1941009-D-A | E52: MST105-18PWSFR_JP | F52: 129 | G52: 18.May.26 | H52: 0103345627 | I52: 260404X13B | J52: 129 | K52: 12120562 | L52: 1942040-A-C | M52: 0 | O52: 0 | P52: 0 | Q52: 0 | R52: 46160 | S52: 0 | T52: 0 | U52: 46161 | V52: 46161 | W52: M8 | AB52: 46175 | AE52: TEST | AG52: Lân2 N22
A53: TER-PE-260234-05 | B53: 2000120122 | C53: 11125140 | D53: 1941009-D-A | E53: MST105-18PWSFR_JP | F53: 129 | G53: 18.May.26 | H53: 0103345628 | I53: 260404X14B | J53: 129 | K53: 12120562 | L53: 1942040-A-C | M53: 0 | O53: 0 | P53: 0 | Q53: 0 | R53: 46160 | S53: 0 | T53: 0 | U53: 46161 | V53: 46161 | W53: M8 | AB53: 46175 | AE53: TEST | AG53: Lân2 N22
A54: TER-PE-260234-06 | B54: 2000120124 | C54: 11125140 | D54: 1941009-D-A | E54: MST105-18PWSFR_JP | F54: 129 | G54: 18.May.26 | H54: 0103345629 | I54: 260404X15B | J54: 129 | K54: 12120562 | L54: 1942040-A-C | M54: 0 | O54: 0 | P54: 0 | Q54: 0 | R54: 46160 | S54: 0 | T54: 0 | U54: 46161 | V54: 46161 | W54: M8 | AB54: 46175 | AE54: TEST | AG54: Lân2 N22
A55: TER-PE-260234-13 | B55: 2000120132 | C55: 11125142 | D55: 1941011-D-A | E55: MST150-18PWSFR_JP | F55: 66 | G55: 18.May.26 | H55: 0103345643 | I55: 260404X22B | J55: 66 | K55: 12120564 | L55: 1942042-A-C | M55: 0 | O55: 0 | P55: 0 | Q55: 0 | R55: 46160 | S55: 0 | T55: 0 | U55: 46161 | V55: 46161 | W55: M8 | AB55: 46175 | AE55: TEST | AG55: Lân2 N22
A56: TER-PE-260234-14 | B56: 2000120133 | C56: 11125142 | D56: 1941011-D-A | E56: MST150-18PWSFR_JP | F56: 66 | G56: 18.May.26 | H56: 0103345649 | I56: 260404X23B | J56: 66 | K56: 12120564 | L56: 1942042-A-C | M56: 0 | O56: 0 | P56: 0 | Q56: 0 | R56: 46160 | S56: 0 | T56: 0 | U56: 46161 | V56: 46161 | W56: M8 | AB56: 46175 | AE56: TEST | AG56: Lân2 N22
A57: TER-PE-260234-15 | B57: 2000120134 | C57: 11125142 | D57: 1941011-D-A | E57: MST150-18PWSFR_JP | F57: 66 | G57: 18.May.26 | H57: 0103345655 | I57: 260404X24B | J57: 66 | K57: 12120564 | L57: 1942042-A-C | M57: 0 | O57: 0 | P57: 0 | Q57: 0 | R57: 46160 | S57: 0 | T57: 0 | U57: 46161 | V57: 46161 | W57: M8 | AB57: 46175 | AE57: TEST | AG57: Lân2 N22
A58: TER-PE-260233-01 | B58: 2000120138 | C58: 11132001 | D58: 1941063-D-A | E58: TLS105-16YR_JP | F58: 129 | G58: 16.Apr.26 | H58: 0103345839 | I58: 260404X25B | J58: 129 | K58: 12120522 | L58: 1942078-A-C | M58: 0 | O58: 0 | P58: 0 | Q58: 0 | R58: 46149 | S58: 0 | T58: 0 | U58: 46150 | V58: 46150 | W58: M8 | AB58: 46164 | AE58: TEST | AG58: Lân2 N11
A59: TER-PE-260233-02 | B59: 2000120139 | C59: 11132001 | D59: 1941063-D-A | E59: TLS105-16YR_JP | F59: 129 | G59: 16.Apr.26 | H59: 0103345841 | I59: 260404X26B | J59: 129 | K59: 12120522 | L59: 1942078-A-C | M59: 0 | O59: 0 | P59: 0 | Q59: 0 | R59: 46149 | S59: 0 | T59: 0 | U59: 46150 | V59: 46150 | W59: M8 | AB59: 46164 | AE59: TEST | AG59: Lân2 N11
A60: TER-PE-260233-03 | B60: 2000120140 | C60: 11132001 | D60: 1941063-D-A | E60: TLS105-16YR_JP | F60: 129 | G60: 16.Apr.26 | H60: 0103345844 | I60: 260404X27B | J60: 129 | K60: 12120522 | L60: 1942078-A-C | M60: 0 | O60: 0 | P60: 0 | Q60: 0 | R60: 46149 | S60: 0 | T60: 0 | U60: 46150 | V60: 46150 | W60: M8 | AB60: 46164 | AE60: TEST | AG60: Lân2 N11
A61: TER-PE-260233-04 | B61: 2000120141 | C61: 11132001 | D61: 1941063-D-A | E61: TLS105-16YR_JP | F61: 129 | G61: 18.May.26 | H61: 0103345846 | I61: 260404X28B | J61: 129 | K61: 12120522 | L61: 1942078-A-C | M61: 0 | O61: 0 | P61: 0 | Q61: 0 | R61: 46160 | S61: 0 | T61: 0 | U61: 46161 | V61: 46161 | W61: M8 | AB61: 46175 | AE61: TEST | AG61: Lân2 N22
A62: TER-PE-260233-05 | B62: 2000120142 | C62: 11132001 | D62: 1941063-D-A | E62: TLS105-16YR_JP | F62: 129 | G62: 18.May.26 | H62: 0103345848 | I62: 260404X29B | J62: 129 | K62: 12120522 | L62: 1942078-A-C | M62: 0 | O62: 0 | P62: 0 | Q62: 0 | R62: 46160 | S62: 0 | T62: 0 | U62: 46161 | V62: 46161 | W62: M8 | AB62: 46175 | AE62: TEST | AG62: Lân2 N22
A63: TER-PE-260233-06 | B63: 2000120143 | C63: 11132001 | D63: 1941063-D-A | E63: TLS105-16YR_JP | F63: 129 | G63: 18.May.26 | H63: 0103345849 | I63: 260404X30B | J63: 129 | K63: 12120522 | L63: 1942078-A-C | M63: 0 | O63: 0 | P63: 0 | Q63: 0 | R63: 46160 | S63: 0 | T63: 0 | U63: 46161 | V63: 46161 | W63: M8 | AB63: 46175 | AE63: TEST | AG63: Lân2 N22
... A72: TER-PE-260233-15 | B72: 2000120152 | C72: 11132003 | D72: 1941065-D-A | E72: TLS150-16YR_JP | F72: 69 | G72: 18.May.26 | H72: 0103345862 | I72: 260404X39B | J72: 69 | K72: 12120524 | L72: 1942080-A-C | M72: 0 | O72: 0 | P72: 0 | Q72: 0 | R72: 46160 | S72: 0 | T72: 0 | U72: 46161 | V72: 46161 | W72: M8 | AB72: 46175 | AE72: TEST | AG72: Lân2 N22

Sheet Label
A1: DIV/ SECTION | C1: DAILY PLAN AND IN-OUT LABEL CONTROL LIST ( Kế hoạch sản xuất hàng ngày và quản lý việc In-Out Label) | N1: F-1469 Ver 1.07
A2: GPC/ Order control | N2: Page : / 1
A4: PLAN DATE : | C4: 46259
A5: No | B5: Material | C5: Drawing List No | D5: Item name/Description | E5: Plnd order / PO | F5: Schuled Finish Date | G5: Internal Lot (SAP Lot) | H5: External Lot (Hanoi Lot) | I5: Q'ty | J5: Sterilize | L5: Finish | M5: Out label control | O5: Remark
J6: Date | K6: Batch | M6: Bag | N6: Box
A7: Aug15-01 | B7: =VLOOKUP($A7,PLAN!$B:$AC,3,0) -> 12129248 | C7: =VLOOKUP($A7,PLAN!$B:$AC,4,0) -> PR2145021-0-A | D7: =VLOOKUP($A7,PLAN!$B:$AC,5,0) -> 2009051 Masters HF CN | E7: =VLOOKUP($A7,PLAN!$B:$AC,2,0) -> 1001897397 | F7: =VLOOKUP($A7,PLAN!$B:$AC,7,0) -> 46249 | G7: =VLOOKUP($A7,PLAN!$B:$AC,8,0) -> 0103516476 | H7: =VLOOKUP($A7,PLAN!$B:$AC,9,0) -> 260625K01A | I7: =VLOOKUP($A7,PLAN!$B:$AC,10,0) -> 3306 | J7: =VLOOKUP($A7,PLAN!$B:$AC,21,0) -> 46206 | K7: =VLOOKUP($A7,PLAN!$B:$AC,22,0) -> M8 | O7: CAG | Q7: =VLOOKUP(A7,PLAN!B:R,17,0) -> 46205
A8: Jul29-02 | B8: =VLOOKUP($A8,PLAN!$B:$AC,3,0) -> 11134248 | C8: =VLOOKUP($A8,PLAN!$B:$AC,4,0) -> 2041189-D-A | D8: =VLOOKUP($A8,PLAN!$B:$AC,5,0) -> CSR135-26P CN | E8: =VLOOKUP($A8,PLAN!$B:$AC,2,0) -> 1001910173 | F8: =VLOOKUP($A8,PLAN!$B:$AC,7,0) -> 46232 | G8: =VLOOKUP($A8,PLAN!$B:$AC,8,0) -> 0103541259 | H8: =VLOOKUP($A8,PLAN!$B:$AC,9,0) -> 260709K24A | I8: =VLOOKUP($A8,PLAN!$B:$AC,10,0) -> 626 | J8: =VLOOKUP($A8,PLAN!$B:$AC,21,0) -> 46218 | K8: =VLOOKUP($A8,PLAN!$B:$AC,22,0) -> M8 | O8: CAG | Q8: =VLOOKUP(A8,PLAN!B:R,17,0) -> 46217
A9: Jul30-01 | B9: =VLOOKUP($A9,PLAN!$B:$AC,3,0) -> 11134249 | C9: =VLOOKUP($A9,PLAN!$B:$AC,4,0) -> 2041190-D-A | D9: =VLOOKUP($A9,PLAN!$B:$AC,5,0) -> CSR150-26P CN | E9: =VLOOKUP($A9,PLAN!$B:$AC,2,0) -> 1001910722 | F9: =VLOOKUP($A9,PLAN!$B:$AC,7,0) -> 46233 | G9: =VLOOKUP($A9,PLAN!$B:$AC,8,0) -> 0103542125 | H9: =VLOOKUP($A9,PLAN!$B:$AC,9,0) -> 260709K25A | I9: =VLOOKUP($A9,PLAN!$B:$AC,10,0) -> 36 | J9: =VLOOKUP($A9,PLAN!$B:$AC,21,0) -> 46219 | K9: =VLOOKUP($A9,PLAN!$B:$AC,22,0) -> M8 | O9: CAG | Q9: =VLOOKUP(A9,PLAN!B:R,17,0) -> 46218
A10: Jul30-02 | B10: =VLOOKUP($A10,PLAN!$B:$AC,3,0) -> 11134248 | C10: =VLOOKUP($A10,PLAN!$B:$AC,4,0) -> 2041189-D-A | D10: =VLOOKUP($A10,PLAN!$B:$AC,5,0) -> CSR135-26P CN | E10: =VLOOKUP($A10,PLAN!$B:$AC,2,0) -> 1001910723 | F10: =VLOOKUP($A10,PLAN!$B:$AC,7,0) -> 46233 | G10: =VLOOKUP($A10,PLAN!$B:$AC,8,0) -> 0103542126 | H10: =VLOOKUP($A10,PLAN!$B:$AC,9,0) -> 260709K26A | I10: =VLOOKUP($A10,PLAN!$B:$AC,10,0) -> 270 | J10: =VLOOKUP($A10,PLAN!$B:$AC,21,0) -> 46219 | K10: =VLOOKUP($A10,PLAN!$B:$AC,22,0) -> M8 | O10: CAG | Q10: =VLOOKUP(A10,PLAN!B:R,17,0) -> 46218
A11: Jul30-03 | B11: =VLOOKUP($A11,PLAN!$B:$AC,3,0) -> 11134248 | C11: =VLOOKUP($A11,PLAN!$B:$AC,4,0) -> 2041189-D-A | D11: =VLOOKUP($A11,PLAN!$B:$AC,5,0) -> CSR135-26P CN | E11: =VLOOKUP($A11,PLAN!$B:$AC,2,0) -> 1001910724 | F11: =VLOOKUP($A11,PLAN!$B:$AC,7,0) -> 46233 | G11: =VLOOKUP($A11,PLAN!$B:$AC,8,0) -> 0103542127 | H11: =VLOOKUP($A11,PLAN!$B:$AC,9,0) -> 260709K27A | I11: =VLOOKUP($A11,PLAN!$B:$AC,10,0) -> 2050 | J11: =VLOOKUP($A11,PLAN!$B:$AC,21,0) -> 46219 | K11: =VLOOKUP($A11,PLAN!$B:$AC,22,0) -> M8 | O11: CAG | Q11: =VLOOKUP(A11,PLAN!B:R,17,0) -> 46218
A12: QC-5 | B12: =VLOOKUP($A12,PLAN!$B:$AC,3,0) -> 11125142 | C12: =VLOOKUP($A12,PLAN!$B:$AC,4,0) -> 1941011-D-A | D12: =VLOOKUP($A12,PLAN!$B:$AC,5,0) -> Masters PARKWAY SOFT 150cm Straight | E12: =VLOOKUP($A12,PLAN!$B:$AC,2,0) -> 2000126703 | F12: =VLOOKUP($A12,PLAN!$B:$AC,7,0) -> 46234 | G12: =VLOOKUP($A12,PLAN!$B:$AC,8,0) -> 0103539406 | H12: =VLOOKUP($A12,PLAN!$B:$AC,9,0) -> 260707Y17A | I12: =VLOOKUP($A12,PLAN!$B:$AC,10,0) -> 3 | J12: =VLOOKUP($A12,PLAN!$B:$AC,21,0) -> N/A | K12: =VLOOKUP($A12,PLAN!$B:$AC,22,0) -> TEST | O12: CAG | Q12: Bio
A13: QC-6 | B13: =VLOOKUP($A13,PLAN!$B:$AC,3,0) -> 11125142 | C13: =VLOOKUP($A13,PLAN!$B:$AC,4,0) -> 1941011-D-A | D13: =VLOOKUP($A13,PLAN!$B:$AC,5,0) -> Masters PARKWAY SOFT 150cm Straight | E13: =VLOOKUP($A13,PLAN!$B:$AC,2,0) -> 2000126704 | F13: =VLOOKUP($A13,PLAN!$B:$AC,7,0) -> 46234 | G13: =VLOOKUP($A13,PLAN!$B:$AC,8,0) -> 0103539408 | H13: =VLOOKUP($A13,PLAN!$B:$AC,9,0) -> 260707Y17D | I13: =VLOOKUP($A13,PLAN!$B:$AC,10,0) -> 9 | J13: =VLOOKUP($A13,PLAN!$B:$AC,21,0) -> 46230 | K13: =VLOOKUP($A13,PLAN!$B:$AC,22,0) -> TEST | O13: CAG | Q13: Bio
A14: QC-7 | B14: =VLOOKUP($A14,PLAN!$B:$AC,3,0) -> 11112488 | C14: =VLOOKUP($A14,PLAN!$B:$AC,4,0) -> PSC35170S-E-A | D14: =VLOOKUP($A14,PLAN!$B:$AC,5,0) -> CROSSWALK 035 170cm Straight | E14: =VLOOKUP($A14,PLAN!$B:$AC,2,0) -> 2000126705 | F14: =VLOOKUP($A14,PLAN!$B:$AC,7,0) -> 46234 | G14: =VLOOKUP($A14,PLAN!$B:$AC,8,0) -> 0103539409 | H14: =VLOOKUP($A14,PLAN!$B:$AC,9,0) -> 260707Y18A | I14: =VLOOKUP($A14,PLAN!$B:$AC,10,0) -> 3 | J14: =VLOOKUP($A14,PLAN!$B:$AC,21,0) -> N/A | K14: =VLOOKUP($A14,PLAN!$B:$AC,22,0) -> TEST | O14: CAG | Q14: Bio
A15: QC-8 | B15: =VLOOKUP($A15,PLAN!$B:$AC,3,0) -> 11112488 | C15: =VLOOKUP($A15,PLAN!$B:$AC,4,0) -> PSC35170S-E-A | D15: =VLOOKUP($A15,PLAN!$B:$AC,5,0) -> CROSSWALK 035 170cm Straight | E15: =VLOOKUP($A15,PLAN!$B:$AC,2,0) -> 2000126706 | F15: =VLOOKUP($A15,PLAN!$B:$AC,7,0) -> 46234 | G15: =VLOOKUP($A15,PLAN!$B:$AC,8,0) -> 0103539410 | H15: =VLOOKUP($A15,PLAN!$B:$AC,9,0) -> 260707Y18D | I15: =VLOOKUP($A15,PLAN!$B:$AC,10,0) -> 9 | J15: =VLOOKUP($A15,PLAN!$B:$AC,21,0) -> 46230 | K15: =VLOOKUP($A15,PLAN!$B:$AC,22,0) -> TEST | O15: CAG | Q15: Bio
A16: QC-9 | B16: =VLOOKUP($A16,PLAN!$B:$AC,3,0) -> 12012480 | C16: =VLOOKUP($A16,PLAN!$B:$AC,4,0) -> PR1944001-0-A | D16: =VLOOKUP($A16,PLAN!$B:$AC,5,0) -> Accessories for Masters Parkway HF | E16: =VLOOKUP($A16,PLAN!$B:$AC,2,0) -> 2000126709 | F16: =VLOOKUP($A16,PLAN!$B:$AC,7,0) -> 46234 | G16: =VLOOKUP($A16,PLAN!$B:$AC,8,0) -> 0103539413 | H16: =VLOOKUP($A16,PLAN!$B:$AC,9,0) -> 260707Y20A | I16: =VLOOKUP($A16,PLAN!$B:$AC,10,0) -> 3 | J16: =VLOOKUP($A16,PLAN!$B:$AC,21,0) -> N/A | K16: =VLOOKUP($A16,PLAN!$B:$AC,22,0) -> TEST | O16: CAG | Q16: Bio
A17: QC-10 | B17: =VLOOKUP($A17,PLAN!$B:$AC,3,0) -> 12012480 | C17: =VLOOKUP($A17,PLAN!$B:$AC,4,0) -> PR1944001-0-A | D17: =VLOOKUP($A17,PLAN!$B:$AC,5,0) -> Accessories for Masters Parkway HF | E17: =VLOOKUP($A17,PLAN!$B:$AC,2,0) -> 2000126710 | F17: =VLOOKUP($A17,PLAN!$B:$AC,7,0) -> 46234 | G17: =VLOOKUP($A17,PLAN!$B:$AC,8,0) -> 0103539414 | H17: =VLOOKUP($A17,PLAN!$B:$AC,9,0) -> 260707Y20D | I17: =VLOOKUP($A17,PLAN!$B:$AC,10,0) -> 9 | J17: =VLOOKUP($A17,PLAN!$B:$AC,21,0) -> 46230 | K17: =VLOOKUP($A17,PLAN!$B:$AC,22,0) -> TEST | O17: CAG | Q17: Bio
A18: QC-11 | B18: =VLOOKUP($A18,PLAN!$B:$AC,3,0) -> 12143523 | C18: =VLOOKUP($A18,PLAN!$B:$AC,4,0) -> PR2545028-0-A | D18: =VLOOKUP($A18,PLAN!$B:$AC,5,0) -> 2009009 Veloute | E18: =VLOOKUP($A18,PLAN!$B:$AC,2,0) -> 2000127274 | F18: =VLOOKUP($A18,PLAN!$B:$AC,7,0) -> 46234 | G18: =VLOOKUP($A18,PLAN!$B:$AC,8,0) -> 0103553325 | H18: =VLOOKUP($A18,PLAN!$B:$AC,9,0) -> 260707Y21A | I18: =VLOOKUP($A18,PLAN!$B:$AC,10,0) -> 3 | J18: =VLOOKUP($A18,PLAN!$B:$AC,21,0) -> N/A | K18: =VLOOKUP($A18,PLAN!$B:$AC,22,0) -> TEST | O18: CAG | Q18: Bio
A19: QC-12 | B19: =VLOOKUP($A19,PLAN!$B:$AC,3,0) -> 12143523 | C19: =VLOOKUP($A19,PLAN!$B:$AC,4,0) -> PR2545028-0-A | D19: =VLOOKUP($A19,PLAN!$B:$AC,5,0) -> 2009009 Veloute | E19: =VLOOKUP($A19,PLAN!$B:$AC,2,0) -> 2000127275 | F19: =VLOOKUP($A19,PLAN!$B:$AC,7,0) -> 46234 | G19: =VLOOKUP($A19,PLAN!$B:$AC,8,0) -> 0103553326 | H19: =VLOOKUP($A19,PLAN!$B:$AC,9,0) -> 260707Y21D | I19: =VLOOKUP($A19,PLAN!$B:$AC,10,0) -> 9 | J19: =VLOOKUP($A19,PLAN!$B:$AC,21,0) -> 46230 | K19: =VLOOKUP($A19,PLAN!$B:$AC,22,0) -> TEST | O19: CAG | Q19: Bio
A20: QC-13 | B20: =VLOOKUP($A20,PLAN!$B:$AC,3,0) -> 11134563 | C20: =VLOOKUP($A20,PLAN!$B:$AC,4,0) -> 2041304-C-A | D20: =VLOOKUP($A20,PLAN!$B:$AC,5,0) -> ASAHI Masters PARKWAY HF 150cm Straight | E20: =VLOOKUP($A20,PLAN!$B:$AC,2,0) -> 2000126731 | F20: =VLOOKUP($A20,PLAN!$B:$AC,7,0) -> 46234 | G20: =VLOOKUP($A20,PLAN!$B:$AC,8,0) -> 0103539435 | H20: =VLOOKUP($A20,PLAN!$B:$AC,9,0) -> 260707Y30A | I20: =VLOOKUP($A20,PLAN!$B:$AC,10,0) -> 3 | J20: =VLOOKUP($A20,PLAN!$B:$AC,21,0) -> N/A | K20: =VLOOKUP($A20,PLAN!$B:$AC,22,0) -> TEST | O20: CAG | Q20: Bio
A21: QC-14 | B21: =VLOOKUP($A21,PLAN!$B:$AC,3,0) -> 11134563 | C21: =VLOOKUP($A21,PLAN!$B:$AC,4,0) -> 2041304-C-A | D21: =VLOOKUP($A21,PLAN!$B:$AC,5,0) -> ASAHI Masters PARKWAY HF 150cm Straight | E21: =VLOOKUP($A21,PLAN!$B:$AC,2,0) -> 2000126732 | F21: =VLOOKUP($A21,PLAN!$B:$AC,7,0) -> 46234 | G21: =VLOOKUP($A21,PLAN!$B:$AC,8,0) -> 0103539437 | H21: =VLOOKUP($A21,PLAN!$B:$AC,9,0) -> 260707Y30B | I21: =VLOOKUP($A21,PLAN!$B:$AC,10,0) -> 9 | J21: =VLOOKUP($A21,PLAN!$B:$AC,21,0) -> 46230 | K21: =VLOOKUP($A21,PLAN!$B:$AC,22,0) -> TEST | O21: CAG | Q21: Bio
A22: QC-15 | B22: =VLOOKUP($A22,PLAN!$B:$AC,3,0) -> 11134563 | C22: =VLOOKUP($A22,PLAN!$B:$AC,4,0) -> 2041304-C-A | D22: =VLOOKUP($A22,PLAN!$B:$AC,5,0) -> ASAHI Masters PARKWAY HF 150cm Straight | E22: =VLOOKUP($A22,PLAN!$B:$AC,2,0) -> 2000126733 | F22: =VLOOKUP($A22,PLAN!$B:$AC,7,0) -> 46234 | G22: =VLOOKUP($A22,PLAN!$B:$AC,8,0) -> 0103539438 | H22: =VLOOKUP($A22,PLAN!$B:$AC,9,0) -> 260707Y30D | I22: =VLOOKUP($A22,PLAN!$B:$AC,10,0) -> 9 | J22: =VLOOKUP($A22,PLAN!$B:$AC,21,0) -> 46230 | K22: =VLOOKUP($A22,PLAN!$B:$AC,22,0) -> TEST | O22: CAG | Q22: Bio
A23: QC-16 | B23: =VLOOKUP($A23,PLAN!$B:$AC,3,0) -> 11134247 | C23: =VLOOKUP($A23,PLAN!$B:$AC,4,0) -> 2141050-D-A | D23: =VLOOKUP($A23,PLAN!$B:$AC,5,0) -> ASAHI Caravel 150cm | E23: =VLOOKUP($A23,PLAN!$B:$AC,2,0) -> 2000126734 | F23: =VLOOKUP($A23,PLAN!$B:$AC,7,0) -> 46234 | G23: =VLOOKUP($A23,PLAN!$B:$AC,8,0) -> 0103539439 | H23: =VLOOKUP($A23,PLAN!$B:$AC,9,0) -> 260707Y31A | I23: =VLOOKUP($A23,PLAN!$B:$AC,10,0) -> 3 | J23: =VLOOKUP($A23,PLAN!$B:$AC,21,0) -> N/A | K23: =VLOOKUP($A23,PLAN!$B:$AC,22,0) -> TEST | O23: CAG | Q23: Bio
... A33: QC-25 | B33: =VLOOKUP($A33,PLAN!$B:$AC,3,0) -> 12129248 | C33: =VLOOKUP($A33,PLAN!$B:$AC,4,0) -> PR2145021-0-A | D33: =VLOOKUP($A33,PLAN!$B:$AC,5,0) -> Accessories for Masters Parkway HF | E33: =VLOOKUP($A33,PLAN!$B:$AC,2,0) -> 2000126743 | F33: =VLOOKUP($A33,PLAN!$B:$AC,7,0) -> 46234 | G33: =VLOOKUP($A33,PLAN!$B:$AC,8,0) -> 0103539449 | H33: =VLOOKUP($A33,PLAN!$B:$AC,9,0) -> 260707Y34D | I33: =VLOOKUP($A33,PLAN!$B:$AC,10,0) -> 9 | J33: =VLOOKUP($A33,PLAN!$B:$AC,21,0) -> 46230 | K33: =VLOOKUP($A33,PLAN!$B:$AC,22,0) -> TEST | O33: CAG | Q33: Bio
A34: Jul30-04 | B34: =VLOOKUP($A34,PLAN!$B:$AC,3,0) -> 11134152 | C34: =VLOOKUP($A34,PLAN!$B:$AC,4,0) -> 1811913-L-A | D34: =VLOOKUP($A34,PLAN!$B:$AC,5,0) -> HW60SP400P10000 CN | E34: =VLOOKUP($A34,PLAN!$B:$AC,2,0) -> 1001913378 | F34: =VLOOKUP($A34,PLAN!$B:$AC,7,0) -> 46233 | G34: =VLOOKUP($A34,PLAN!$B:$AC,8,0) -> 0103547088 | H34: =VLOOKUP($A34,PLAN!$B:$AC,9,0) -> 260713C01A | I34: =VLOOKUP($A34,PLAN!$B:$AC,10,0) -> 3 | J34: =VLOOKUP($A34,PLAN!$B:$AC,21,0) -> 46220 | K34: =VLOOKUP($A34,PLAN!$B:$AC,22,0) -> M9 | O34: CAG | Q34: =VLOOKUP(A34,PLAN!B:R,17,0) -> 46219
A35: Jul30-05 | B35: =VLOOKUP($A35,PLAN!$B:$AC,3,0) -> 11134149 | C35: =VLOOKUP($A35,PLAN!$B:$AC,4,0) -> 1811910-L-A | D35: =VLOOKUP($A35,PLAN!$B:$AC,5,0) -> HW60SP352P10000 CN | E35: =VLOOKUP($A35,PLAN!$B:$AC,2,0) -> 1001913379 | F35: =VLOOKUP($A35,PLAN!$B:$AC,7,0) -> 46233 | G35: =VLOOKUP($A35,PLAN!$B:$AC,8,0) -> 0103547089 | H35: =VLOOKUP($A35,PLAN!$B:$AC,9,0) -> 260713C02A | I35: =VLOOKUP($A35,PLAN!$B:$AC,10,0) -> 10 | J35: =VLOOKUP($A35,PLAN!$B:$AC,21,0) -> 46220 | K35: =VLOOKUP($A35,PLAN!$B:$AC,22,0) -> M9 | O35: CAG | Q35: =VLOOKUP(A35,PLAN!B:R,17,0) -> 46219
A36: Jul30-06 | B36: =VLOOKUP($A36,PLAN!$B:$AC,3,0) -> 11134146 | C36: =VLOOKUP($A36,PLAN!$B:$AC,4,0) -> 1811907-L-A | D36: =VLOOKUP($A36,PLAN!$B:$AC,5,0) -> HW60SP300P10000 CN | E36: =VLOOKUP($A36,PLAN!$B:$AC,2,0) -> 1001913380 | F36: =VLOOKUP($A36,PLAN!$B:$AC,7,0) -> 46233 | G36: =VLOOKUP($A36,PLAN!$B:$AC,8,0) -> 0103547090 | H36: =VLOOKUP($A36,PLAN!$B:$AC,9,0) -> 260713C03A | I36: =VLOOKUP($A36,PLAN!$B:$AC,10,0) -> 21 | J36: =VLOOKUP($A36,PLAN!$B:$AC,21,0) -> 46220 | K36: =VLOOKUP($A36,PLAN!$B:$AC,22,0) -> M9 | O36: CAG | Q36: =VLOOKUP(A36,PLAN!B:R,17,0) -> 46219
A37: Jul30-07 | B37: =VLOOKUP($A37,PLAN!$B:$AC,3,0) -> 11134150 | C37: =VLOOKUP($A37,PLAN!$B:$AC,4,0) -> 1811911-L-A | D37: =VLOOKUP($A37,PLAN!$B:$AC,5,0) -> HW60SP370P10000 CN | E37: =VLOOKUP($A37,PLAN!$B:$AC,2,0) -> 1001913381 | F37: =VLOOKUP($A37,PLAN!$B:$AC,7,0) -> 46233 | G37: =VLOOKUP($A37,PLAN!$B:$AC,8,0) -> 0103547091 | H37: =VLOOKUP($A37,PLAN!$B:$AC,9,0) -> 260713C04A | I37: =VLOOKUP($A37,PLAN!$B:$AC,10,0) -> 290 | J37: =VLOOKUP($A37,PLAN!$B:$AC,21,0) -> 46220 | K37: =VLOOKUP($A37,PLAN!$B:$AC,22,0) -> M9 | O37: CAG | Q37: =VLOOKUP(A37,PLAN!B:R,17,0) -> 46219
A38: Jul30-08 | B38: =VLOOKUP($A38,PLAN!$B:$AC,3,0) -> 11134148 | C38: =VLOOKUP($A38,PLAN!$B:$AC,4,0) -> 1811909-L-A | D38: =VLOOKUP($A38,PLAN!$B:$AC,5,0) -> HW60SP350P10000 CN | E38: =VLOOKUP($A38,PLAN!$B:$AC,2,0) -> 1001913382 | F38: =VLOOKUP($A38,PLAN!$B:$AC,7,0) -> 46233 | G38: =VLOOKUP($A38,PLAN!$B:$AC,8,0) -> 0103547092 | H38: =VLOOKUP($A38,PLAN!$B:$AC,9,0) -> 260713C05A | I38: =VLOOKUP($A38,PLAN!$B:$AC,10,0) -> 400 | J38: =VLOOKUP($A38,PLAN!$B:$AC,21,0) -> 46220 | K38: =VLOOKUP($A38,PLAN!$B:$AC,22,0) -> M9 | O38: CAG | Q38: =VLOOKUP(A38,PLAN!B:R,17,0) -> 46219
A39: Jul30-09 | B39: =VLOOKUP($A39,PLAN!$B:$AC,3,0) -> 11134129 | C39: =VLOOKUP($A39,PLAN!$B:$AC,4,0) -> 1811861-J-A | D39: =VLOOKUP($A39,PLAN!$B:$AC,5,0) -> HW60AL070P10000 CN | E39: =VLOOKUP($A39,PLAN!$B:$AC,2,0) -> 1001913383 | F39: =VLOOKUP($A39,PLAN!$B:$AC,7,0) -> 46233 | G39: =VLOOKUP($A39,PLAN!$B:$AC,8,0) -> 0103547093 | H39: =VLOOKUP($A39,PLAN!$B:$AC,9,0) -> 260713C06A | I39: =VLOOKUP($A39,PLAN!$B:$AC,10,0) -> 40 | J39: =VLOOKUP($A39,PLAN!$B:$AC,21,0) -> 46220 | K39: =VLOOKUP($A39,PLAN!$B:$AC,22,0) -> M10 | O39: CAG | Q39: =VLOOKUP(A39,PLAN!B:R,17,0) -> 46219
A40: Jul30-10 | B40: =VLOOKUP($A40,PLAN!$B:$AC,3,0) -> 11134131 | C40: =VLOOKUP($A40,PLAN!$B:$AC,4,0) -> 1811863-J-A | D40: =VLOOKUP($A40,PLAN!$B:$AC,5,0) -> HW60AL100P10000 CN | E40: =VLOOKUP($A40,PLAN!$B:$AC,2,0) -> 1001913384 | F40: =VLOOKUP($A40,PLAN!$B:$AC,7,0) -> 46233 | G40: =VLOOKUP($A40,PLAN!$B:$AC,8,0) -> 0103547094 | H40: =VLOOKUP($A40,PLAN!$B:$AC,9,0) -> 260713C07A | I40: =VLOOKUP($A40,PLAN!$B:$AC,10,0) -> 96 | J40: =VLOOKUP($A40,PLAN!$B:$AC,21,0) -> 46220 | K40: =VLOOKUP($A40,PLAN!$B:$AC,22,0) -> M10 | O40: CAG | Q40: =VLOOKUP(A40,PLAN!B:R,17,0) -> 46219
A41: Jul30-11 | B41: =VLOOKUP($A41,PLAN!$B:$AC,3,0) -> 11134120 | C41: =VLOOKUP($A41,PLAN!$B:$AC,4,0) -> 1811831-J-A | D41: =VLOOKUP($A41,PLAN!$B:$AC,5,0) -> HW60JL400P10000 CN | E41: =VLOOKUP($A41,PLAN!$B:$AC,2,0) -> 1001913385 | F41: =VLOOKUP($A41,PLAN!$B:$AC,7,0) -> 46233 | G41: =VLOOKUP($A41,PLAN!$B:$AC,8,0) -> 0103547095 | H41: =VLOOKUP($A41,PLAN!$B:$AC,9,0) -> 260713C08A | I41: =VLOOKUP($A41,PLAN!$B:$AC,10,0) -> 380 | J41: =VLOOKUP($A41,PLAN!$B:$AC,21,0) -> 46220 | K41: =VLOOKUP($A41,PLAN!$B:$AC,22,0) -> M10 | O41: CAG | Q41: =VLOOKUP(A41,PLAN!B:R,17,0) -> 46219
A42: Jul30-12 | B42: =VLOOKUP($A42,PLAN!$B:$AC,3,0) -> 11134117 | C42: =VLOOKUP($A42,PLAN!$B:$AC,4,0) -> 1811827-J-A | D42: =VLOOKUP($A42,PLAN!$B:$AC,5,0) -> HW60JL350P10000 CN | E42: =VLOOKUP($A42,PLAN!$B:$AC,2,0) -> 1001913386 | F42: =VLOOKUP($A42,PLAN!$B:$AC,7,0) -> 46233 | G42: =VLOOKUP($A42,PLAN!$B:$AC,8,0) -> 0103547096 | H42: =VLOOKUP($A42,PLAN!$B:$AC,9,0) -> 260713C09A | I42: =VLOOKUP($A42,PLAN!$B:$AC,10,0) -> 324 | J42: =VLOOKUP($A42,PLAN!$B:$AC,21,0) -> 46220 | K42: =VLOOKUP($A42,PLAN!$B:$AC,22,0) -> M10 | O42: CAG | Q42: =VLOOKUP(A42,PLAN!B:R,17,0) -> 46219
A43: Jul31-01 | B43: =VLOOKUP($A43,PLAN!$B:$AC,3,0) -> 11134148 | C43: =VLOOKUP($A43,PLAN!$B:$AC,4,0) -> 1811909-L-A | D43: =VLOOKUP($A43,PLAN!$B:$AC,5,0) -> HW60SP350P10000 CN | E43: =VLOOKUP($A43,PLAN!$B:$AC,2,0) -> 1001913433 | F43: =VLOOKUP($A43,PLAN!$B:$AC,7,0) -> 46234 | G43: =VLOOKUP($A43,PLAN!$B:$AC,8,0) -> 0103547143 | H43: =VLOOKUP($A43,PLAN!$B:$AC,9,0) -> 260713C56A | I43: =VLOOKUP($A43,PLAN!$B:$AC,10,0) -> 486 | J43: =VLOOKUP($A43,PLAN!$B:$AC,21,0) -> 46221 | K43: =VLOOKUP($A43,PLAN!$B:$AC,22,0) -> M10 | O43: CAG | Q43: =VLOOKUP(A43,PLAN!B:R,17,0) -> 46220
A44: Jul31-02 | B44: =VLOOKUP($A44,PLAN!$B:$AC,3,0) -> 11134148 | C44: =VLOOKUP($A44,PLAN!$B:$AC,4,0) -> 1811909-L-A | D44: =VLOOKUP($A44,PLAN!$B:$AC,5,0) -> HW60SP350P10000 CN | E44: =VLOOKUP($A44,PLAN!$B:$AC,2,0) -> 1001914294 | F44: =VLOOKUP($A44,PLAN!$B:$AC,7,0) -> 46234 | G44: =VLOOKUP($A44,PLAN!$B:$AC,8,0) -> 0103548549 | H44: =VLOOKUP($A44,PLAN!$B:$AC,9,0) -> 260616C17B | I44: =VLOOKUP($A44,PLAN!$B:$AC,10,0) -> 1 | J44: =VLOOKUP($A44,PLAN!$B:$AC,21,0) -> 46221 | K44: =VLOOKUP($A44,PLAN!$B:$AC,22,0) -> M10 | O44: CAG | Q44: =VLOOKUP(A44,PLAN!B:R,17,0) -> 46220
A45: Aug03-01 | B45: =VLOOKUP($A45,PLAN!$B:$AC,3,0) -> 11134146 | C45: =VLOOKUP($A45,PLAN!$B:$AC,4,0) -> 1811907-L-A | D45: =VLOOKUP($A45,PLAN!$B:$AC,5,0) -> HW60SP300P10000 CN | E45: =VLOOKUP($A45,PLAN!$B:$AC,2,0) -> 1001916295 | F45: =VLOOKUP($A45,PLAN!$B:$AC,7,0) -> 46237 | G45: =VLOOKUP($A45,PLAN!$B:$AC,8,0) -> 0103552270 | H45: =VLOOKUP($A45,PLAN!$B:$AC,9,0) -> 260715C44A | I45: =VLOOKUP($A45,PLAN!$B:$AC,10,0) -> 720 | J45: =VLOOKUP($A45,PLAN!$B:$AC,21,0) -> 46223 | K45: =VLOOKUP($A45,PLAN!$B:$AC,22,0) -> M10 | O45: CAG | Q45: =VLOOKUP(A45,PLAN!B:R,17,0) -> 46221
... A80: Aug13-04 | B80: =VLOOKUP($A80,PLAN!$B:$AC,3,0) -> 11134146 | C80: =VLOOKUP($A80,PLAN!$B:$AC,4,0) -> 1811907-L-A | D80: =VLOOKUP($A80,PLAN!$B:$AC,5,0) -> HW60SP300P10000 CN | E80: =VLOOKUP($A80,PLAN!$B:$AC,2,0) -> 1001921248 | F80: =VLOOKUP($A80,PLAN!$B:$AC,7,0) -> 46247 | G80: =VLOOKUP($A80,PLAN!$B:$AC,8,0) -> 0103562352 | H80: =VLOOKUP($A80,PLAN!$B:$AC,9,0) -> 260720C64A | I80: =VLOOKUP($A80,PLAN!$B:$AC,10,0) -> 720 | J80: =VLOOKUP($A80,PLAN!$B:$AC,21,0) -> 46230 | K80: =VLOOKUP($A80,PLAN!$B:$AC,22,0) -> M10 | O80: CAG | Q80: =VLOOKUP(A80,PLAN!B:R,17,0) -> 46227
A81: Bio-1 | B81: =VLOOKUP($A81,PLAN!$B:$AC,3,0) -> 11107911 | C81: =VLOOKUP($A81,PLAN!$B:$AC,4,0) -> 2511509-001 | D81: =VLOOKUP($A81,PLAN!$B:$AC,5,0) -> CROSSRIDGE 6Fr 100cm_Kit | E81: =VLOOKUP($A81,PLAN!$B:$AC,2,0) -> 2000127633 | F81: =VLOOKUP($A81,PLAN!$B:$AC,7,0) -> 46234 | G81: =VLOOKUP($A81,PLAN!$B:$AC,8,0) -> 0103565388 | H81: =VLOOKUP($A81,PLAN!$B:$AC,9,0) -> 260720Y01A | I81: =VLOOKUP($A81,PLAN!$B:$AC,10,0) -> 20 | J81: =VLOOKUP($A81,PLAN!$B:$AC,21,0) -> 46228 | K81: =VLOOKUP($A81,PLAN!$B:$AC,22,0) -> TEST | O81: CAG | Q81: Bio-1
A82: Bio-2 | B82: =VLOOKUP($A82,PLAN!$B:$AC,3,0) -> 11107911 | C82: =VLOOKUP($A82,PLAN!$B:$AC,4,0) -> 2511509-001 | D82: =VLOOKUP($A82,PLAN!$B:$AC,5,0) -> CROSSRIDGE 6Fr 100cm_Kit | E82: =VLOOKUP($A82,PLAN!$B:$AC,2,0) -> 2000127634 | F82: =VLOOKUP($A82,PLAN!$B:$AC,7,0) -> 46234 | G82: =VLOOKUP($A82,PLAN!$B:$AC,8,0) -> 0103565391 | H82: =VLOOKUP($A82,PLAN!$B:$AC,9,0) -> 260720Y02A | I82: =VLOOKUP($A82,PLAN!$B:$AC,10,0) -> 3 | J82: =VLOOKUP($A82,PLAN!$B:$AC,21,0) -> N/A | K82: =VLOOKUP($A82,PLAN!$B:$AC,22,0) -> TEST | O82: CAG | Q82: Bio-1
A83: Bio-3 | B83: =VLOOKUP($A83,PLAN!$B:$AC,3,0) -> 11107911 | C83: =VLOOKUP($A83,PLAN!$B:$AC,4,0) -> 2511509-001 | D83: =VLOOKUP($A83,PLAN!$B:$AC,5,0) -> CROSSRIDGE 6Fr 100cm_Kit | E83: =VLOOKUP($A83,PLAN!$B:$AC,2,0) -> 2000127635 | F83: =VLOOKUP($A83,PLAN!$B:$AC,7,0) -> 46234 | G83: =VLOOKUP($A83,PLAN!$B:$AC,8,0) -> 0103565392 | H83: =VLOOKUP($A83,PLAN!$B:$AC,9,0) -> 260720Y03A | I83: =VLOOKUP($A83,PLAN!$B:$AC,10,0) -> 5 | J83: =VLOOKUP($A83,PLAN!$B:$AC,21,0) -> 46228 | K83: =VLOOKUP($A83,PLAN!$B:$AC,22,0) -> TEST | O83: CAG | Q83: Bio-1
A84: Bio-4 | B84: =VLOOKUP($A84,PLAN!$B:$AC,3,0) -> 11107911 | C84: =VLOOKUP($A84,PLAN!$B:$AC,4,0) -> 2511509-001 | D84: =VLOOKUP($A84,PLAN!$B:$AC,5,0) -> CROSSRIDGE 6Fr 100cm_Kit | E84: =VLOOKUP($A84,PLAN!$B:$AC,2,0) -> 2000127636 | F84: =VLOOKUP($A84,PLAN!$B:$AC,7,0) -> 46234 | G84: =VLOOKUP($A84,PLAN!$B:$AC,8,0) -> 0103565394 | H84: =VLOOKUP($A84,PLAN!$B:$AC,9,0) -> 260720Y04A | I84: =VLOOKUP($A84,PLAN!$B:$AC,10,0) -> 5 | J84: =VLOOKUP($A84,PLAN!$B:$AC,21,0) -> 46228 | K84: =VLOOKUP($A84,PLAN!$B:$AC,22,0) -> TEST | O84: CAG | Q84: Bio-1
A85: Bio-5 | B85: =VLOOKUP($A85,PLAN!$B:$AC,3,0) -> 11107911 | C85: =VLOOKUP($A85,PLAN!$B:$AC,4,0) -> 2511509-001 | D85: =VLOOKUP($A85,PLAN!$B:$AC,5,0) -> CROSSRIDGE 6Fr 100cm_Kit | E85: =VLOOKUP($A85,PLAN!$B:$AC,2,0) -> 2000127637 | F85: =VLOOKUP($A85,PLAN!$B:$AC,7,0) -> 46234 | G85: =VLOOKUP($A85,PLAN!$B:$AC,8,0) -> 0103565396 | H85: =VLOOKUP($A85,PLAN!$B:$AC,9,0) -> 260720Y05A | I85: =VLOOKUP($A85,PLAN!$B:$AC,10,0) -> 5 | J85: =VLOOKUP($A85,PLAN!$B:$AC,21,0) -> 46228 | K85: =VLOOKUP($A85,PLAN!$B:$AC,22,0) -> TEST | O85: CAG | Q85: Bio-1
A86: Bio-6 | B86: =VLOOKUP($A86,PLAN!$B:$AC,3,0) -> 11107911 | C86: =VLOOKUP($A86,PLAN!$B:$AC,4,0) -> 2511509-001 | D86: =VLOOKUP($A86,PLAN!$B:$AC,5,0) -> CROSSRIDGE 6Fr 100cm_Kit | E86: =VLOOKUP($A86,PLAN!$B:$AC,2,0) -> 2000127638 | F86: =VLOOKUP($A86,PLAN!$B:$AC,7,0) -> 46234 | G86: =VLOOKUP($A86,PLAN!$B:$AC,8,0) -> 0103565398 | H86: =VLOOKUP($A86,PLAN!$B:$AC,9,0) -> 260720Y06A | I86: =VLOOKUP($A86,PLAN!$B:$AC,10,0) -> 5 | J86: =VLOOKUP($A86,PLAN!$B:$AC,21,0) -> 46228 | K86: =VLOOKUP($A86,PLAN!$B:$AC,22,0) -> TEST | O86: CAG | Q86: Bio-1
A87: Bio-7 | B87: =VLOOKUP($A87,PLAN!$B:$AC,3,0) -> 11107911 | C87: =VLOOKUP($A87,PLAN!$B:$AC,4,0) -> 2511509-001 | D87: =VLOOKUP($A87,PLAN!$B:$AC,5,0) -> CROSSRIDGE 6Fr 100cm_Kit | E87: =VLOOKUP($A87,PLAN!$B:$AC,2,0) -> 2000127639 | F87: =VLOOKUP($A87,PLAN!$B:$AC,7,0) -> 46234 | G87: =VLOOKUP($A87,PLAN!$B:$AC,8,0) -> 0103565400 | H87: =VLOOKUP($A87,PLAN!$B:$AC,9,0) -> 260720Y07A | I87: =VLOOKUP($A87,PLAN!$B:$AC,10,0) -> 3 | J87: =VLOOKUP($A87,PLAN!$B:$AC,21,0) -> N/A | K87: =VLOOKUP($A87,PLAN!$B:$AC,22,0) -> TEST | O87: CAG | Q87: Bio-1
A88: Bio-8 | B88: =VLOOKUP($A88,PLAN!$B:$AC,3,0) -> 11107911 | C88: =VLOOKUP($A88,PLAN!$B:$AC,4,0) -> 2511509-001 | D88: =VLOOKUP($A88,PLAN!$B:$AC,5,0) -> CROSSRIDGE 6Fr 100cm_Kit | E88: =VLOOKUP($A88,PLAN!$B:$AC,2,0) -> 2000127640 | F88: =VLOOKUP($A88,PLAN!$B:$AC,7,0) -> 46234 | G88: =VLOOKUP($A88,PLAN!$B:$AC,8,0) -> 0103565402 | H88: =VLOOKUP($A88,PLAN!$B:$AC,9,0) -> 260720Y07D | I88: =VLOOKUP($A88,PLAN!$B:$AC,10,0) -> 9 | J88: =VLOOKUP($A88,PLAN!$B:$AC,21,0) -> 46228 | K88: =VLOOKUP($A88,PLAN!$B:$AC,22,0) -> TEST | O88: CAG | Q88: Bio-1
A89: Aug14-01 | B89: =VLOOKUP($A89,PLAN!$B:$AC,3,0) -> 11134170 | C89: =VLOOKUP($A89,PLAN!$B:$AC,4,0) -> 1811989-G-A | D89: =VLOOKUP($A89,PLAN!$B:$AC,5,0) -> HW70AL070P10000 CN | E89: =VLOOKUP($A89,PLAN!$B:$AC,2,0) -> 1001923411 | F89: =VLOOKUP($A89,PLAN!$B:$AC,7,0) -> 46248 | G89: =VLOOKUP($A89,PLAN!$B:$AC,8,0) -> 0103566724 | H89: =VLOOKUP($A89,PLAN!$B:$AC,9,0) -> 260721C01A | I89: =VLOOKUP($A89,PLAN!$B:$AC,10,0) -> 41 | J89: =VLOOKUP($A89,PLAN!$B:$AC,21,0) -> 46231 | K89: =VLOOKUP($A89,PLAN!$B:$AC,22,0) -> M9 | O89: CAG | Q89: =VLOOKUP(A89,PLAN!B:R,17,0) -> 46230
A90: Aug14-02 | B90: =VLOOKUP($A90,PLAN!$B:$AC,3,0) -> 11134178 | C90: =VLOOKUP($A90,PLAN!$B:$AC,4,0) -> 1861004-G-A | D90: =VLOOKUP($A90,PLAN!$B:$AC,5,0) -> HW70AL070P10002 CN | E90: =VLOOKUP($A90,PLAN!$B:$AC,2,0) -> 1001923412 | F90: =VLOOKUP($A90,PLAN!$B:$AC,7,0) -> 46248 | G90: =VLOOKUP($A90,PLAN!$B:$AC,8,0) -> 0103566726 | H90: =VLOOKUP($A90,PLAN!$B:$AC,9,0) -> 260721C02A | I90: =VLOOKUP($A90,PLAN!$B:$AC,10,0) -> 50 | J90: =VLOOKUP($A90,PLAN!$B:$AC,21,0) -> 46231 | K90: =VLOOKUP($A90,PLAN!$B:$AC,22,0) -> M9 | O90: CAG | Q90: =VLOOKUP(A90,PLAN!B:R,17,0) -> 46230
A91: Aug14-03 | B91: =VLOOKUP($A91,PLAN!$B:$AC,3,0) -> 11134172 | C91: =VLOOKUP($A91,PLAN!$B:$AC,4,0) -> 1811991-G-A | D91: =VLOOKUP($A91,PLAN!$B:$AC,5,0) -> HW70AL100P10000 CN | E91: =VLOOKUP($A91,PLAN!$B:$AC,2,0) -> 1001923413 | F91: =VLOOKUP($A91,PLAN!$B:$AC,7,0) -> 46248 | G91: =VLOOKUP($A91,PLAN!$B:$AC,8,0) -> 0103566727 | H91: =VLOOKUP($A91,PLAN!$B:$AC,9,0) -> 260721C03A | I91: =VLOOKUP($A91,PLAN!$B:$AC,10,0) -> 6 | J91: =VLOOKUP($A91,PLAN!$B:$AC,21,0) -> 46231 | K91: =VLOOKUP($A91,PLAN!$B:$AC,22,0) -> M9 | O91: CAG | Q91: =VLOOKUP(A91,PLAN!B:R,17,0) -> 46230
A92: Aug14-04 | B92: =VLOOKUP($A92,PLAN!$B:$AC,3,0) -> 11134180 | C92: =VLOOKUP($A92,PLAN!$B:$AC,4,0) -> 1861006-G-A | D92: =VLOOKUP($A92,PLAN!$B:$AC,5,0) -> HW70AL100P10002 CN | E92: =VLOOKUP($A92,PLAN!$B:$AC,2,0) -> 1001923414 | F92: =VLOOKUP($A92,PLAN!$B:$AC,7,0) -> 46248 | G92: =VLOOKUP($A92,PLAN!$B:$AC,8,0) -> 0103566728 | H92: =VLOOKUP($A92,PLAN!$B:$AC,9,0) -> 260721C04A | I92: =VLOOKUP($A92,PLAN!$B:$AC,10,0) -> 7 | J92: =VLOOKUP($A92,PLAN!$B:$AC,21,0) -> 46231 | K92: =VLOOKUP($A92,PLAN!$B:$AC,22,0) -> M9 | O92: CAG | Q92: =VLOOKUP(A92,PLAN!B:R,17,0) -> 46230
A93: Aug14-05 | B93: =VLOOKUP($A93,PLAN!$B:$AC,3,0) -> 11134160 | C93: =VLOOKUP($A93,PLAN!$B:$AC,4,0) -> 1811955-G-A | D93: =VLOOKUP($A93,PLAN!$B:$AC,5,0) -> HW70JL350P10000 CN | E93: =VLOOKUP($A93,PLAN!$B:$AC,2,0) -> 1001923415 | F93: =VLOOKUP($A93,PLAN!$B:$AC,7,0) -> 46248 | G93: =VLOOKUP($A93,PLAN!$B:$AC,8,0) -> 0103566729 | H93: =VLOOKUP($A93,PLAN!$B:$AC,9,0) -> 260721C05A | I93: =VLOOKUP($A93,PLAN!$B:$AC,10,0) -> 10 | J93: =VLOOKUP($A93,PLAN!$B:$AC,21,0) -> 46231 | K93: =VLOOKUP($A93,PLAN!$B:$AC,22,0) -> M9 | O93: CAG | Q93: =VLOOKUP(A93,PLAN!B:R,17,0) -> 46230
A94: Aug14-06 | B94: =VLOOKUP($A94,PLAN!$B:$AC,3,0) -> 11134163 | C94: =VLOOKUP($A94,PLAN!$B:$AC,4,0) -> 1811959-G-A | D94: =VLOOKUP($A94,PLAN!$B:$AC,5,0) -> HW70JL400P10000 CN | E94: =VLOOKUP($A94,PLAN!$B:$AC,2,0) -> 1001923417 | F94: =VLOOKUP($A94,PLAN!$B:$AC,7,0) -> 46248 | G94: =VLOOKUP($A94,PLAN!$B:$AC,8,0) -> 0103566730 | H94: =VLOOKUP($A94,PLAN!$B:$AC,9,0) -> 260721C06A | I94: =VLOOKUP($A94,PLAN!$B:$AC,10,0) -> 20 | J94: =VLOOKUP($A94,PLAN!$B:$AC,21,0) -> 46231 | K94: =VLOOKUP($A94,PLAN!$B:$AC,22,0) -> M9 | O94: CAG | Q94: =VLOOKUP(A94,PLAN!B:R,17,0) -> 46230
A95: Aug14-07 | B95: =VLOOKUP($A95,PLAN!$B:$AC,3,0) -> 11134166 | C95: =VLOOKUP($A95,PLAN!$B:$AC,4,0) -> 1811977-G-A | D95: =VLOOKUP($A95,PLAN!$B:$AC,5,0) -> HW70JR350P10000 CN | E95: =VLOOKUP($A95,PLAN!$B:$AC,2,0) -> 1001923418 | F95: =VLOOKUP($A95,PLAN!$B:$AC,7,0) -> 46248 | G95: =VLOOKUP($A95,PLAN!$B:$AC,8,0) -> 0103566731 | H95: =VLOOKUP($A95,PLAN!$B:$AC,9,0) -> 260721C07A | I95: =VLOOKUP($A95,PLAN!$B:$AC,10,0) -> 10 | J95: =VLOOKUP($A95,PLAN!$B:$AC,21,0) -> 46231 | K95: =VLOOKUP($A95,PLAN!$B:$AC,22,0) -> M9 | O95: CAG | Q95: =VLOOKUP(A95,PLAN!B:R,17,0) -> 46230
A96: Aug14-08 | B96: =VLOOKUP($A96,PLAN!$B:$AC,3,0) -> 11134168 | C96: =VLOOKUP($A96,PLAN!$B:$AC,4,0) -> 1811979-G-A | D96: =VLOOKUP($A96,PLAN!$B:$AC,5,0) -> HW70JR400P10000 CN | E96: =VLOOKUP($A96,PLAN!$B:$AC,2,0) -> 1001923419 | F96: =VLOOKUP($A96,PLAN!$B:$AC,7,0) -> 46248 | G96: =VLOOKUP($A96,PLAN!$B:$AC,8,0) -> 0103566732 | H96: =VLOOKUP($A96,PLAN!$B:$AC,9,0) -> 260721C08A | I96: =VLOOKUP($A96,PLAN!$B:$AC,10,0) -> 26 | J96: =VLOOKUP($A96,PLAN!$B:$AC,21,0) -> 46231 | K96: =VLOOKUP($A96,PLAN!$B:$AC,22,0) -> M9 | O96: CAG | Q96: =VLOOKUP(A96,PLAN!B:R,17,0) -> 46230
A97: Aug14-09 | B97: =VLOOKUP($A97,PLAN!$B:$AC,3,0) -> 11134137 | C97: =VLOOKUP($A97,PLAN!$B:$AC,4,0) -> 1811875-J-A | D97: =VLOOKUP($A97,PLAN!$B:$AC,5,0) -> HW60AL070P10002 CN | E97: =VLOOKUP($A97,PLAN!$B:$AC,2,0) -> 1001923420 | F97: =VLOOKUP($A97,PLAN!$B:$AC,7,0) -> 46248 | G97: =VLOOKUP($A97,PLAN!$B:$AC,8,0) -> 0103566733 | H97: =VLOOKUP($A97,PLAN!$B:$AC,9,0) -> 260721C09A | I97: =VLOOKUP($A97,PLAN!$B:$AC,10,0) -> 132 | J97: =VLOOKUP($A97,PLAN!$B:$AC,21,0) -> 46231 | K97: =VLOOKUP($A97,PLAN!$B:$AC,22,0) -> M9 | O97: CAG | Q97: =VLOOKUP(A97,PLAN!B:R,17,0) -> 46230
A98: Aug14-10 | B98: =VLOOKUP($A98,PLAN!$B:$AC,3,0) -> 11134137 | C98: =VLOOKUP($A98,PLAN!$B:$AC,4,0) -> 1811875-J-A | D98: =VLOOKUP($A98,PLAN!$B:$AC,5,0) -> HW60AL070P10002 CN | E98: =VLOOKUP($A98,PLAN!$B:$AC,2,0) -> 1001923421 | F98: =VLOOKUP($A98,PLAN!$B:$AC,7,0) -> 46248 | G98: =VLOOKUP($A98,PLAN!$B:$AC,8,0) -> 0103566734 | H98: =VLOOKUP($A98,PLAN!$B:$AC,9,0) -> 260721C10A | I98: =VLOOKUP($A98,PLAN!$B:$AC,10,0) -> 765 | J98: =VLOOKUP($A98,PLAN!$B:$AC,21,0) -> 46231 | K98: =VLOOKUP($A98,PLAN!$B:$AC,22,0) -> M9 | O98: CAG | Q98: =VLOOKUP(A98,PLAN!B:R,17,0) -> 46230
A99: Aug14-11 | B99: =VLOOKUP($A99,PLAN!$B:$AC,3,0) -> 11134125 | C99: =VLOOKUP($A99,PLAN!$B:$AC,4,0) -> 1811851-J-A | D99: =VLOOKUP($A99,PLAN!$B:$AC,5,0) -> HW60JR400P10000 CN | E99: =VLOOKUP($A99,PLAN!$B:$AC,2,0) -> 1001923423 | F99: =VLOOKUP($A99,PLAN!$B:$AC,7,0) -> 46248 | G99: =VLOOKUP($A99,PLAN!$B:$AC,8,0) -> 0103566736 | H99: =VLOOKUP($A99,PLAN!$B:$AC,9,0) -> 260721C11A | I99: =VLOOKUP($A99,PLAN!$B:$AC,10,0) -> 183 | J99: =VLOOKUP($A99,PLAN!$B:$AC,21,0) -> 46231 | K99: =VLOOKUP($A99,PLAN!$B:$AC,22,0) -> M9 | O99: CAG | Q99: =VLOOKUP(A99,PLAN!B:R,17,0) -> 46230
A100: Aug15-02 | B100: =VLOOKUP($A100,PLAN!$B:$AC,3,0) -> 11134125 | C100: =VLOOKUP($A100,PLAN!$B:$AC,4,0) -> 1811851-J-A | D100: =VLOOKUP($A100,PLAN!$B:$AC,5,0) -> HW60JR400P10000 CN | E100: =VLOOKUP($A100,PLAN!$B:$AC,2,0) -> 1001923424 | F100: =VLOOKUP($A100,PLAN!$B:$AC,7,0) -> 46249 | G100: =VLOOKUP($A100,PLAN!$B:$AC,8,0) -> 0103566737 | H100: =VLOOKUP($A100,PLAN!$B:$AC,9,0) -> 260721C12A | I100: =VLOOKUP($A100,PLAN!$B:$AC,10,0) -> 905 | J100: =VLOOKUP($A100,PLAN!$B:$AC,21,0) -> 46232 | K100: =VLOOKUP($A100,PLAN!$B:$AC,22,0) -> M9 | O100: CAG | Q100: =VLOOKUP(A100,PLAN!B:R,17,0) -> 46231
... A112: Aug08-03 | B112: =VLOOKUP($A112,PLAN!$B:$AC,3,0) -> 11116932 | C112: =VLOOKUP($A112,PLAN!$B:$AC,4,0) -> 1521546-M-A | D112: =VLOOKUP($A112,PLAN!$B:$AC,5,0) -> MS3552H21-PIG100N | E112: =VLOOKUP($A112,PLAN!$B:$AC,2,0) -> 1001925389 | F112: =VLOOKUP($A112,PLAN!$B:$AC,7,0) -> 46242 | G112: =VLOOKUP($A112,PLAN!$B:$AC,8,0) -> 0103570648 | H112: =VLOOKUP($A112,PLAN!$B:$AC,9,0) -> 260723H03A | I112: =VLOOKUP($A112,PLAN!$B:$AC,10,0) -> 201 | J112: =VLOOKUP($A112,PLAN!$B:$AC,21,0) -> 46234 | K112: =VLOOKUP($A112,PLAN!$B:$AC,22,0) -> M9 | O112: CAG | Q112: =VLOOKUP(A112,PLAN!B:R,17,0) -> 46233
A113: Tan-01 | B113: =VLOOKUP($A113,PLAN!$B:$AC,3,0) -> 11112487 | C113: =VLOOKUP($A113,PLAN!$B:$AC,4,0) -> PSC35150S-E-A | D113: =VLOOKUP($A113,PLAN!$B:$AC,5,0) -> PSC35150S US | E113: =VLOOKUP($A113,PLAN!$B:$AC,2,0) -> 2000127842 | F113: =VLOOKUP($A113,PLAN!$B:$AC,7,0) -> 46240 | G113: =VLOOKUP($A113,PLAN!$B:$AC,8,0) -> 0103569851 | H113: =VLOOKUP($A113,PLAN!$B:$AC,9,0) -> 260722Z01A | I113: =VLOOKUP($A113,PLAN!$B:$AC,10,0) -> 65 | J113: =VLOOKUP($A113,PLAN!$B:$AC,21,0) -> 46233 | K113: =VLOOKUP($A113,PLAN!$B:$AC,22,0) -> M8 | O113: CAG | Q113: M8-30
A114: Aug08-05 | B114: =VLOOKUP($A114,PLAN!$B:$AC,3,0) -> 11134401 | C114: =VLOOKUP($A114,PLAN!$B:$AC,4,0) -> 1941102-C-A | D114: =VLOOKUP($A114,PLAN!$B:$AC,5,0) -> CRV135-19P US2 | E114: =VLOOKUP($A114,PLAN!$B:$AC,2,0) -> 1001928729 | F114: =VLOOKUP($A114,PLAN!$B:$AC,7,0) -> 46242 | G114: =VLOOKUP($A114,PLAN!$B:$AC,8,0) -> 0103577664 | H114: =VLOOKUP($A114,PLAN!$B:$AC,9,0) -> 260727K01A | I114: =VLOOKUP($A114,PLAN!$B:$AC,10,0) -> 87 | J114: =VLOOKUP($A114,PLAN!$B:$AC,21,0) -> 46235 | K114: =VLOOKUP($A114,PLAN!$B:$AC,22,0) -> M8 | O114: CAG | Q114: =VLOOKUP(A114,PLAN!B:R,17,0) -> 46234
A115: Aug08-06 | B115: =VLOOKUP($A115,PLAN!$B:$AC,3,0) -> 11131257 | C115: =VLOOKUP($A115,PLAN!$B:$AC,4,0) -> 1841034-D-A | D115: =VLOOKUP($A115,PLAN!$B:$AC,5,0) -> CRV150-19M JP | E115: =VLOOKUP($A115,PLAN!$B:$AC,2,0) -> 1001928730 | F115: =VLOOKUP($A115,PLAN!$B:$AC,7,0) -> 46242 | G115: =VLOOKUP($A115,PLAN!$B:$AC,8,0) -> 0103577665 | H115: =VLOOKUP($A115,PLAN!$B:$AC,9,0) -> 260727K02A | I115: =VLOOKUP($A115,PLAN!$B:$AC,10,0) -> 38 | J115: =VLOOKUP($A115,PLAN!$B:$AC,21,0) -> 46235 | K115: =VLOOKUP($A115,PLAN!$B:$AC,22,0) -> M8 | O115: CAG | Q115: =VLOOKUP(A115,PLAN!B:R,17,0) -> 46234
A116: Aug08-07 | B116: =VLOOKUP($A116,PLAN!$B:$AC,3,0) -> 11131256 | C116: =VLOOKUP($A116,PLAN!$B:$AC,4,0) -> 1841033-E-A | D116: =VLOOKUP($A116,PLAN!$B:$AC,5,0) -> CRV135-19M JP | E116: =VLOOKUP($A116,PLAN!$B:$AC,2,0) -> 1001928731 | F116: =VLOOKUP($A116,PLAN!$B:$AC,7,0) -> 46242 | G116: =VLOOKUP($A116,PLAN!$B:$AC,8,0) -> 0103577666 | H116: =VLOOKUP($A116,PLAN!$B:$AC,9,0) -> 260727K03A | I116: =VLOOKUP($A116,PLAN!$B:$AC,10,0) -> 477 | J116: =VLOOKUP($A116,PLAN!$B:$AC,21,0) -> 46235 | K116: =VLOOKUP($A116,PLAN!$B:$AC,22,0) -> M8 | O116: CAG | Q116: =VLOOKUP(A116,PLAN!B:R,17,0) -> 46234
A117: Aug08-08 | B117: =VLOOKUP($A117,PLAN!$B:$AC,3,0) -> 11134343 | C117: =VLOOKUP($A117,PLAN!$B:$AC,4,0) -> 1941029-F-A | D117: =VLOOKUP($A117,PLAN!$B:$AC,5,0) -> VEL105-16SR JP | E117: =VLOOKUP($A117,PLAN!$B:$AC,2,0) -> 1001928732 | F117: =VLOOKUP($A117,PLAN!$B:$AC,7,0) -> 46242 | G117: =VLOOKUP($A117,PLAN!$B:$AC,8,0) -> 0103577667 | H117: =VLOOKUP($A117,PLAN!$B:$AC,9,0) -> 260727K04A | I117: =VLOOKUP($A117,PLAN!$B:$AC,10,0) -> 3 | J117: =VLOOKUP($A117,PLAN!$B:$AC,21,0) -> 46235 | K117: =VLOOKUP($A117,PLAN!$B:$AC,22,0) -> M8 | O117: CAG | Q117: =VLOOKUP(A117,PLAN!B:R,17,0) -> 46234
A118: Aug08-09 | B118: =VLOOKUP($A118,PLAN!$B:$AC,3,0) -> 11134346 | C118: =VLOOKUP($A118,PLAN!$B:$AC,4,0) -> 1941032-G-A | D118: =VLOOKUP($A118,PLAN!$B:$AC,5,0) -> VEL105-16ASR JP | E118: =VLOOKUP($A118,PLAN!$B:$AC,2,0) -> 1001928733 | F118: =VLOOKUP($A118,PLAN!$B:$AC,7,0) -> 46242 | G118: =VLOOKUP($A118,PLAN!$B:$AC,8,0) -> 0103577668 | H118: =VLOOKUP($A118,PLAN!$B:$AC,9,0) -> 260727K05A | I118: =VLOOKUP($A118,PLAN!$B:$AC,10,0) -> 17 | J118: =VLOOKUP($A118,PLAN!$B:$AC,21,0) -> 46235 | K118: =VLOOKUP($A118,PLAN!$B:$AC,22,0) -> M8 | O118: CAG | Q118: =VLOOKUP(A118,PLAN!B:R,17,0) -> 46234
A119: Aug08-10 | B119: =VLOOKUP($A119,PLAN!$B:$AC,3,0) -> 11134347 | C119: =VLOOKUP($A119,PLAN!$B:$AC,4,0) -> 1941033-G-A | D119: =VLOOKUP($A119,PLAN!$B:$AC,5,0) -> VEL125-16ASR JP | E119: =VLOOKUP($A119,PLAN!$B:$AC,2,0) -> 1001928734 | F119: =VLOOKUP($A119,PLAN!$B:$AC,7,0) -> 46242 | G119: =VLOOKUP($A119,PLAN!$B:$AC,8,0) -> 0103577670 | H119: =VLOOKUP($A119,PLAN!$B:$AC,9,0) -> 260727K06A | I119: =VLOOKUP($A119,PLAN!$B:$AC,10,0) -> 24 | J119: =VLOOKUP($A119,PLAN!$B:$AC,21,0) -> 46235 | K119: =VLOOKUP($A119,PLAN!$B:$AC,22,0) -> M8 | O119: CAG | Q119: =VLOOKUP(A119,PLAN!B:R,17,0) -> 46234
A120: Aug08-11 | B120: =VLOOKUP($A120,PLAN!$B:$AC,3,0) -> 11134365 | C120: =VLOOKUP($A120,PLAN!$B:$AC,4,0) -> 1941061-G-A | D120: =VLOOKUP($A120,PLAN!$B:$AC,5,0) -> TLS125-16SSRR JP | E120: =VLOOKUP($A120,PLAN!$B:$AC,2,0) -> 1001928735 | F120: =VLOOKUP($A120,PLAN!$B:$AC,7,0) -> 46242 | G120: =VLOOKUP($A120,PLAN!$B:$AC,8,0) -> 0103577671 | H120: =VLOOKUP($A120,PLAN!$B:$AC,9,0) -> 260727K07A | I120: =VLOOKUP($A120,PLAN!$B:$AC,10,0) -> 1 | J120: =VLOOKUP($A120,PLAN!$B:$AC,21,0) -> 46235 | K120: =VLOOKUP($A120,PLAN!$B:$AC,22,0) -> M8 | O120: CAG | Q120: =VLOOKUP(A120,PLAN!B:R,17,0) -> 46234
A121: Aug08-12 | B121: =VLOOKUP($A121,PLAN!$B:$AC,3,0) -> 11132003 | C121: =VLOOKUP($A121,PLAN!$B:$AC,4,0) -> 1941065-D-A | D121: =VLOOKUP($A121,PLAN!$B:$AC,5,0) -> TLS150-16YR JP | E121: =VLOOKUP($A121,PLAN!$B:$AC,2,0) -> 1001928736 | F121: =VLOOKUP($A121,PLAN!$B:$AC,7,0) -> 46242 | G121: =VLOOKUP($A121,PLAN!$B:$AC,8,0) -> 0103577672 | H121: =VLOOKUP($A121,PLAN!$B:$AC,9,0) -> 260727K08A | I121: =VLOOKUP($A121,PLAN!$B:$AC,10,0) -> 1 | J121: =VLOOKUP($A121,PLAN!$B:$AC,21,0) -> 46235 | K121: =VLOOKUP($A121,PLAN!$B:$AC,22,0) -> M8 | O121: CAG | Q121: =VLOOKUP(A121,PLAN!B:R,17,0) -> 46234
A122: Aug08-13 | B122: =VLOOKUP($A122,PLAN!$B:$AC,3,0) -> 11134366 | C122: =VLOOKUP($A122,PLAN!$B:$AC,4,0) -> 1941062-G-A | D122: =VLOOKUP($A122,PLAN!$B:$AC,5,0) -> TLS125-16SSLR JP | E122: =VLOOKUP($A122,PLAN!$B:$AC,2,0) -> 1001928737 | F122: =VLOOKUP($A122,PLAN!$B:$AC,7,0) -> 46242 | G122: =VLOOKUP($A122,PLAN!$B:$AC,8,0) -> 0103577673 | H122: =VLOOKUP($A122,PLAN!$B:$AC,9,0) -> 260727K09A | I122: =VLOOKUP($A122,PLAN!$B:$AC,10,0) -> 2 | J122: =VLOOKUP($A122,PLAN!$B:$AC,21,0) -> 46235 | K122: =VLOOKUP($A122,PLAN!$B:$AC,22,0) -> M8 | O122: CAG | Q122: =VLOOKUP(A122,PLAN!B:R,17,0) -> 46234
A123: Aug08-14 | B123: =VLOOKUP($A123,PLAN!$B:$AC,3,0) -> 11134364 | C123: =VLOOKUP($A123,PLAN!$B:$AC,4,0) -> 1941060-G-A | D123: =VLOOKUP($A123,PLAN!$B:$AC,5,0) -> TLS125-16ASR JP | E123: =VLOOKUP($A123,PLAN!$B:$AC,2,0) -> 1001928738 | F123: =VLOOKUP($A123,PLAN!$B:$AC,7,0) -> 46242 | G123: =VLOOKUP($A123,PLAN!$B:$AC,8,0) -> 0103577675 | H123: =VLOOKUP($A123,PLAN!$B:$AC,9,0) -> 260727K10A | I123: =VLOOKUP($A123,PLAN!$B:$AC,10,0) -> 3 | J123: =VLOOKUP($A123,PLAN!$B:$AC,21,0) -> 46235 | K123: =VLOOKUP($A123,PLAN!$B:$AC,22,0) -> M8 | O123: CAG | Q123: =VLOOKUP(A123,PLAN!B:R,17,0) -> 46234
A124: Aug08-15 | B124: =VLOOKUP($A124,PLAN!$B:$AC,3,0) -> 11134360 | C124: =VLOOKUP($A124,PLAN!$B:$AC,4,0) -> 1941056-F-A | D124: =VLOOKUP($A124,PLAN!$B:$AC,5,0) -> TLS105-16SR JP | E124: =VLOOKUP($A124,PLAN!$B:$AC,2,0) -> 1001928739 | F124: =VLOOKUP($A124,PLAN!$B:$AC,7,0) -> 46242 | G124: =VLOOKUP($A124,PLAN!$B:$AC,8,0) -> 0103577677 | H124: =VLOOKUP($A124,PLAN!$B:$AC,9,0) -> 260727K11A | I124: =VLOOKUP($A124,PLAN!$B:$AC,10,0) -> 18 | J124: =VLOOKUP($A124,PLAN!$B:$AC,21,0) -> 46235 | K124: =VLOOKUP($A124,PLAN!$B:$AC,22,0) -> M8 | O124: CAG | Q124: =VLOOKUP(A124,PLAN!B:R,17,0) -> 46234
A125: Aug08-16 | B125: =VLOOKUP($A125,PLAN!$B:$AC,3,0) -> 11125143 | C125: =VLOOKUP($A125,PLAN!$B:$AC,4,0) -> 1941012-E-A | D125: =VLOOKUP($A125,PLAN!$B:$AC,5,0) -> MST45A-18PWSSFR JP | E125: =VLOOKUP($A125,PLAN!$B:$AC,2,0) -> 1001928740 | F125: =VLOOKUP($A125,PLAN!$B:$AC,7,0) -> 46242 | G125: =VLOOKUP($A125,PLAN!$B:$AC,8,0) -> 0103577678 | H125: =VLOOKUP($A125,PLAN!$B:$AC,9,0) -> 260727K12A | I125: =VLOOKUP($A125,PLAN!$B:$AC,10,0) -> 2 | J125: =VLOOKUP($A125,PLAN!$B:$AC,21,0) -> 46235 | K125: =VLOOKUP($A125,PLAN!$B:$AC,22,0) -> M8 | O125: CAG | Q125: =VLOOKUP(A125,PLAN!B:R,17,0) -> 46234
... A281: Aug14-62 | B281: =VLOOKUP($A281,PLAN!$B:$AC,3,0) -> 11134259 | C281: =VLOOKUP($A281,PLAN!$B:$AC,4,0) -> 1911096-E-A | D281: =VLOOKUP($A281,PLAN!$B:$AC,5,0) -> HJ60SP322P10020 JP | E281: =VLOOKUP($A281,PLAN!$B:$AC,2,0) -> 1001931042 | F281: =VLOOKUP($A281,PLAN!$B:$AC,7,0) -> 46248 | G281: =VLOOKUP($A281,PLAN!$B:$AC,8,0) -> 0103582594 | H281: =VLOOKUP($A281,PLAN!$B:$AC,9,0) -> 260729C40A | I281: =VLOOKUP($A281,PLAN!$B:$AC,10,0) -> 7 | J281: =VLOOKUP($A281,PLAN!$B:$AC,21,0) -> 46239 | K281: =VLOOKUP($A281,PLAN!$B:$AC,22,0) -> M9 | O281: CAG | Q281: =VLOOKUP(A281,PLAN!B:R,17,0) -> 46238
A282: Bio-9 | B282: =VLOOKUP($A282,PLAN!$B:$AC,3,0) -> 11107911 | C282: =VLOOKUP($A282,PLAN!$B:$AC,4,0) -> 2511509-001 | D282: =VLOOKUP($A282,PLAN!$B:$AC,5,0) -> CROSSRIDGE 6Fr 100cm_Kit | E282: =VLOOKUP($A282,PLAN!$B:$AC,2,0) -> 2000128236 | F282: =VLOOKUP($A282,PLAN!$B:$AC,7,0) -> 46234 | G282: =VLOOKUP($A282,PLAN!$B:$AC,8,0) -> 0103584147 | H282: =VLOOKUP($A282,PLAN!$B:$AC,9,0) -> 260730Y01A | I282: =VLOOKUP($A282,PLAN!$B:$AC,10,0) -> 10 | J282: =VLOOKUP($A282,PLAN!$B:$AC,21,0) -> 46234 | K282: =VLOOKUP($A282,PLAN!$B:$AC,22,0) -> M9 | O282: CAG | Q282: M9-31
A283: Bio-10 | B283: =VLOOKUP($A283,PLAN!$B:$AC,3,0) -> 11107911 | C283: =VLOOKUP($A283,PLAN!$B:$AC,4,0) -> 2511509-001 | D283: =VLOOKUP($A283,PLAN!$B:$AC,5,0) -> CROSSRIDGE 6Fr 100cm_Kit | E283: =VLOOKUP($A283,PLAN!$B:$AC,2,0) -> 2000128237 | F283: =VLOOKUP($A283,PLAN!$B:$AC,7,0) -> 46234 | G283: =VLOOKUP($A283,PLAN!$B:$AC,8,0) -> 0103584149 | H283: =VLOOKUP($A283,PLAN!$B:$AC,9,0) -> 260730Y02A | I283: =VLOOKUP($A283,PLAN!$B:$AC,10,0) -> 16 | J283: =VLOOKUP($A283,PLAN!$B:$AC,21,0) -> 46234 | K283: =VLOOKUP($A283,PLAN!$B:$AC,22,0) -> M9 | O283: CAG | Q283: M9-31
A284: Aug08-04 | B284: =VLOOKUP($A284,PLAN!$B:$AC,3,0) -> 11116930 | C284: =VLOOKUP($A284,PLAN!$B:$AC,4,0) -> 1521544-M-A | D284: =VLOOKUP($A284,PLAN!$B:$AC,5,0) -> MS3552H26-PIG110J | E284: =VLOOKUP($A284,PLAN!$B:$AC,2,0) -> 1001925390 | F284: =VLOOKUP($A284,PLAN!$B:$AC,7,0) -> 46242 | G284: =VLOOKUP($A284,PLAN!$B:$AC,8,0) -> 0103570649 | H284: =VLOOKUP($A284,PLAN!$B:$AC,9,0) -> 260723H04A | I284: =VLOOKUP($A284,PLAN!$B:$AC,10,0) -> 181 | J284: =VLOOKUP($A284,PLAN!$B:$AC,21,0) -> 46241 | K284: =VLOOKUP($A284,PLAN!$B:$AC,22,0) -> M9 | O284: CAG | Q284: =VLOOKUP(A284,PLAN!B:R,17,0) -> 46240
A285: Aug21-01 | B285: =VLOOKUP($A285,PLAN!$B:$AC,3,0) -> 11134137 | C285: =VLOOKUP($A285,PLAN!$B:$AC,4,0) -> 1811875-J-A | D285: =VLOOKUP($A285,PLAN!$B:$AC,5,0) -> HW60AL070P10002 CN | E285: =VLOOKUP($A285,PLAN!$B:$AC,2,0) -> 1001936155 | F285: =VLOOKUP($A285,PLAN!$B:$AC,7,0) -> 46255 | G285: =VLOOKUP($A285,PLAN!$B:$AC,8,0) -> 0103591605 | H285: =VLOOKUP($A285,PLAN!$B:$AC,9,0) -> 260803C01A | I285: =VLOOKUP($A285,PLAN!$B:$AC,10,0) -> 555 | J285: =VLOOKUP($A285,PLAN!$B:$AC,21,0) -> 46241 | K285: =VLOOKUP($A285,PLAN!$B:$AC,22,0) -> M9 | O285: CAG | Q285: =VLOOKUP(A285,PLAN!B:R,17,0) -> 46240
A286: Aug21-02 | B286: =VLOOKUP($A286,PLAN!$B:$AC,3,0) -> 11134139 | C286: =VLOOKUP($A286,PLAN!$B:$AC,4,0) -> 1811877-J-A | D286: =VLOOKUP($A286,PLAN!$B:$AC,5,0) -> HW60AL100P10002 CN | E286: =VLOOKUP($A286,PLAN!$B:$AC,2,0) -> 1001936156 | F286: =VLOOKUP($A286,PLAN!$B:$AC,7,0) -> 46255 | G286: =VLOOKUP($A286,PLAN!$B:$AC,8,0) -> 0103591606 | H286: =VLOOKUP($A286,PLAN!$B:$AC,9,0) -> 260803C02A | I286: =VLOOKUP($A286,PLAN!$B:$AC,10,0) -> 40 | J286: =VLOOKUP($A286,PLAN!$B:$AC,21,0) -> 46241 | K286: =VLOOKUP($A286,PLAN!$B:$AC,22,0) -> M9 | O286: CAG | Q286: =VLOOKUP(A286,PLAN!B:R,17,0) -> 46240
A287: Aug21-03 | B287: =VLOOKUP($A287,PLAN!$B:$AC,3,0) -> 11134117 | C287: =VLOOKUP($A287,PLAN!$B:$AC,4,0) -> 1811827-J-A | D287: =VLOOKUP($A287,PLAN!$B:$AC,5,0) -> HW60JL350P10000 CN | E287: =VLOOKUP($A287,PLAN!$B:$AC,2,0) -> 1001936157 | F287: =VLOOKUP($A287,PLAN!$B:$AC,7,0) -> 46255 | G287: =VLOOKUP($A287,PLAN!$B:$AC,8,0) -> 0103591607 | H287: =VLOOKUP($A287,PLAN!$B:$AC,9,0) -> 260803C03A | I287: =VLOOKUP($A287,PLAN!$B:$AC,10,0) -> 400 | J287: =VLOOKUP($A287,PLAN!$B:$AC,21,0) -> 46241 | K287: =VLOOKUP($A287,PLAN!$B:$AC,22,0) -> M9 | O287: CAG | Q287: =VLOOKUP(A287,PLAN!B:R,17,0) -> 46240
A288: Aug21-04 | B288: =VLOOKUP($A288,PLAN!$B:$AC,3,0) -> 11134125 | C288: =VLOOKUP($A288,PLAN!$B:$AC,4,0) -> 1811851-J-A | D288: =VLOOKUP($A288,PLAN!$B:$AC,5,0) -> HW60JR400P10000 CN | E288: =VLOOKUP($A288,PLAN!$B:$AC,2,0) -> 1001936159 | F288: =VLOOKUP($A288,PLAN!$B:$AC,7,0) -> 46255 | G288: =VLOOKUP($A288,PLAN!$B:$AC,8,0) -> 0103591608 | H288: =VLOOKUP($A288,PLAN!$B:$AC,9,0) -> 260803C04A | I288: =VLOOKUP($A288,PLAN!$B:$AC,10,0) -> 160 | J288: =VLOOKUP($A288,PLAN!$B:$AC,21,0) -> 46241 | K288: =VLOOKUP($A288,PLAN!$B:$AC,22,0) -> M9 | O288: CAG | Q288: =VLOOKUP(A288,PLAN!B:R,17,0) -> 46240
A289: Aug21-05 | B289: =VLOOKUP($A289,PLAN!$B:$AC,3,0) -> 11134148 | C289: =VLOOKUP($A289,PLAN!$B:$AC,4,0) -> 1811909-L-A | D289: =VLOOKUP($A289,PLAN!$B:$AC,5,0) -> HW60SP350P10000 CN | E289: =VLOOKUP($A289,PLAN!$B:$AC,2,0) -> 1001936161 | F289: =VLOOKUP($A289,PLAN!$B:$AC,7,0) -> 46255 | G289: =VLOOKUP($A289,PLAN!$B:$AC,8,0) -> 0103591610 | H289: =VLOOKUP($A289,PLAN!$B:$AC,9,0) -> 260803C05A | I289: =VLOOKUP($A289,PLAN!$B:$AC,10,0) -> 266 | J289: =VLOOKUP($A289,PLAN!$B:$AC,21,0) -> 46241 | K289: =VLOOKUP($A289,PLAN!$B:$AC,22,0) -> M10 | O289: CAG | Q289: =VLOOKUP(A289,PLAN!B:R,17,0) -> 46240
A290: Aug21-06 | B290: =VLOOKUP($A290,PLAN!$B:$AC,3,0) -> 11134146 | C290: =VLOOKUP($A290,PLAN!$B:$AC,4,0) -> 1811907-L-A | D290: =VLOOKUP($A290,PLAN!$B:$AC,5,0) -> HW60SP300P10000 CN | E290: =VLOOKUP($A290,PLAN!$B:$AC,2,0) -> 1001936162 | F290: =VLOOKUP($A290,PLAN!$B:$AC,7,0) -> 46255 | G290: =VLOOKUP($A290,PLAN!$B:$AC,8,0) -> 0103591611 | H290: =VLOOKUP($A290,PLAN!$B:$AC,9,0) -> 260803C06A | I290: =VLOOKUP($A290,PLAN!$B:$AC,10,0) -> 460 | J290: =VLOOKUP($A290,PLAN!$B:$AC,21,0) -> 46241 | K290: =VLOOKUP($A290,PLAN!$B:$AC,22,0) -> M10 | O290: CAG | Q290: =VLOOKUP(A290,PLAN!B:R,17,0) -> 46240
A291: Aug24-01 | B291: =VLOOKUP($A291,PLAN!$B:$AC,3,0) -> 11134249 | C291: =VLOOKUP($A291,PLAN!$B:$AC,4,0) -> 2041190-D-A | D291: =VLOOKUP($A291,PLAN!$B:$AC,5,0) -> CSR150-26P CN | E291: =VLOOKUP($A291,PLAN!$B:$AC,2,0) -> 1001936553 | F291: =VLOOKUP($A291,PLAN!$B:$AC,7,0) -> 46258 | G291: =VLOOKUP($A291,PLAN!$B:$AC,8,0) -> 0103592377 | H291: =VLOOKUP($A291,PLAN!$B:$AC,9,0) -> 260803K01A | I291: =VLOOKUP($A291,PLAN!$B:$AC,10,0) -> 231 | J291: =VLOOKUP($A291,PLAN!$B:$AC,21,0) -> 46242 | K291: =VLOOKUP($A291,PLAN!$B:$AC,22,0) -> M8 | O291: CAG | Q291: =VLOOKUP(A291,PLAN!B:R,17,0) -> 46241
A292: Aug24-02 | B292: =VLOOKUP($A292,PLAN!$B:$AC,3,0) -> 11134248 | C292: =VLOOKUP($A292,PLAN!$B:$AC,4,0) -> 2041189-D-A | D292: =VLOOKUP($A292,PLAN!$B:$AC,5,0) -> CSR135-26P CN | E292: =VLOOKUP($A292,PLAN!$B:$AC,2,0) -> 1001936554 | F292: =VLOOKUP($A292,PLAN!$B:$AC,7,0) -> 46258 | G292: =VLOOKUP($A292,PLAN!$B:$AC,8,0) -> 0103592378 | H292: =VLOOKUP($A292,PLAN!$B:$AC,9,0) -> 260803K02A | I292: =VLOOKUP($A292,PLAN!$B:$AC,10,0) -> 2158 | J292: =VLOOKUP($A292,PLAN!$B:$AC,21,0) -> 46242 | K292: =VLOOKUP($A292,PLAN!$B:$AC,22,0) -> M8 | O292: CAG | Q292: =VLOOKUP(A292,PLAN!B:R,17,0) -> 46241
A293: Aug24-03 | B293: =VLOOKUP($A293,PLAN!$B:$AC,3,0) -> 11134120 | C293: =VLOOKUP($A293,PLAN!$B:$AC,4,0) -> 1811831-J-A | D293: =VLOOKUP($A293,PLAN!$B:$AC,5,0) -> HW60JL400P10000 CN | E293: =VLOOKUP($A293,PLAN!$B:$AC,2,0) -> 1001936547 | F293: =VLOOKUP($A293,PLAN!$B:$AC,7,0) -> 46258 | G293: =VLOOKUP($A293,PLAN!$B:$AC,8,0) -> 0103592371 | H293: =VLOOKUP($A293,PLAN!$B:$AC,9,0) -> 260803C07A | I293: =VLOOKUP($A293,PLAN!$B:$AC,10,0) -> 55 | J293: =VLOOKUP($A293,PLAN!$B:$AC,21,0) -> 46242 | K293: =VLOOKUP($A293,PLAN!$B:$AC,22,0) -> M9 | O293: CAG | Q293: =VLOOKUP(A293,PLAN!B:R,17,0) -> 46241
A294: Aug24-04 | B294: =VLOOKUP($A294,PLAN!$B:$AC,3,0) -> 11134123 | C294: =VLOOKUP($A294,PLAN!$B:$AC,4,0) -> 1811849-J-A | D294: =VLOOKUP($A294,PLAN!$B:$AC,5,0) -> HW60JR350P10000 CN | E294: =VLOOKUP($A294,PLAN!$B:$AC,2,0) -> 1001936548 | F294: =VLOOKUP($A294,PLAN!$B:$AC,7,0) -> 46258 | G294: =VLOOKUP($A294,PLAN!$B:$AC,8,0) -> 0103592372 | H294: =VLOOKUP($A294,PLAN!$B:$AC,9,0) -> 260803C08A | I294: =VLOOKUP($A294,PLAN!$B:$AC,10,0) -> 480 | J294: =VLOOKUP($A294,PLAN!$B:$AC,21,0) -> 46242 | K294: =VLOOKUP($A294,PLAN!$B:$AC,22,0) -> M9 | O294: CAG | Q294: =VLOOKUP(A294,PLAN!B:R,17,0) -> 46241
A295: Aug24-05 | B295: =VLOOKUP($A295,PLAN!$B:$AC,3,0) -> 11134125 | C295: =VLOOKUP($A295,PLAN!$B:$AC,4,0) -> 1811851-J-A | D295: =VLOOKUP($A295,PLAN!$B:$AC,5,0) -> HW60JR400P10000 CN | E295: =VLOOKUP($A295,PLAN!$B:$AC,2,0) -> 1001936549 | F295: =VLOOKUP($A295,PLAN!$B:$AC,7,0) -> 46258 | G295: =VLOOKUP($A295,PLAN!$B:$AC,8,0) -> 0103592373 | H295: =VLOOKUP($A295,PLAN!$B:$AC,9,0) -> 260803C09A | I295: =VLOOKUP($A295,PLAN!$B:$AC,10,0) -> 649 | J295: =VLOOKUP($A295,PLAN!$B:$AC,21,0) -> 46242 | K295: =VLOOKUP($A295,PLAN!$B:$AC,22,0) -> M9 | O295: CAG | Q295: =VLOOKUP(A295,PLAN!B:R,17,0) -> 46241
... A645: Sep05-09 | B645: =VLOOKUP($A645,PLAN!$B:$AC,3,0) -> 11116930 | C645: =VLOOKUP($A645,PLAN!$B:$AC,4,0) -> 1521544-M-A | D645: =VLOOKUP($A645,PLAN!$B:$AC,5,0) -> MS3552H26-PIG110J | E645: =VLOOKUP($A645,PLAN!$B:$AC,2,0) -> 1001950551 | F645: =VLOOKUP($A645,PLAN!$B:$AC,7,0) -> 46270 | G645: =VLOOKUP($A645,PLAN!$B:$AC,8,0) -> 0103618378 | H645: =VLOOKUP($A645,PLAN!$B:$AC,9,0) -> 260818H04A | I645: =VLOOKUP($A645,PLAN!$B:$AC,10,0) -> 231 | J645: =VLOOKUP($A645,PLAN!$B:$AC,21,0) -> 46260 | K645: =VLOOKUP($A645,PLAN!$B:$AC,22,0) -> M9 | O645: CAG | Q645: =VLOOKUP(A645,PLAN!B:R,17,0) -> 46259
B646: =VLOOKUP($A646,PLAN!$B:$AC,3,0) -> #N/A | C646: =VLOOKUP($A646,PLAN!$B:$AC,4,0) -> #N/A | D646: =VLOOKUP($A646,PLAN!$B:$AC,5,0) -> #N/A | E646: =VLOOKUP($A646,PLAN!$B:$AC,2,0) -> #N/A | F646: =VLOOKUP($A646,PLAN!$B:$AC,7,0) -> #N/A | G646: =VLOOKUP($A646,PLAN!$B:$AC,8,0) -> #N/A | H646: =VLOOKUP($A646,PLAN!$B:$AC,9,0) -> #N/A | I646: =VLOOKUP($A646,PLAN!$B:$AC,10,0) -> #N/A | J646: =VLOOKUP($A646,PLAN!$B:$AC,21,0) -> #N/A | K646: =VLOOKUP($A646,PLAN!$B:$AC,22,0) -> #N/A | O646: CAG | Q646: =VLOOKUP(A646,PLAN!B:R,17,0) -> #N/A
B647: =VLOOKUP($A647,PLAN!$B:$AC,3,0) -> #N/A | C647: =VLOOKUP($A647,PLAN!$B:$AC,4,0) -> #N/A | D647: =VLOOKUP($A647,PLAN!$B:$AC,5,0) -> #N/A | E647: =VLOOKUP($A647,PLAN!$B:$AC,2,0) -> #N/A | F647: =VLOOKUP($A647,PLAN!$B:$AC,7,0) -> #N/A | G647: =VLOOKUP($A647,PLAN!$B:$AC,8,0) -> #N/A | H647: =VLOOKUP($A647,PLAN!$B:$AC,9,0) -> #N/A | I647: =VLOOKUP($A647,PLAN!$B:$AC,10,0) -> #N/A | J647: =VLOOKUP($A647,PLAN!$B:$AC,21,0) -> #N/A | K647: =VLOOKUP($A647,PLAN!$B:$AC,22,0) -> #N/A | O647: CAG | Q647: =VLOOKUP(A647,PLAN!B:R,17,0) -> #N/A
B648: =VLOOKUP($A648,PLAN!$B:$AC,3,0) -> #N/A | C648: =VLOOKUP($A648,PLAN!$B:$AC,4,0) -> #N/A | D648: =VLOOKUP($A648,PLAN!$B:$AC,5,0) -> #N/A | E648: =VLOOKUP($A648,PLAN!$B:$AC,2,0) -> #N/A | F648: =VLOOKUP($A648,PLAN!$B:$AC,7,0) -> #N/A | G648: =VLOOKUP($A648,PLAN!$B:$AC,8,0) -> #N/A | H648: =VLOOKUP($A648,PLAN!$B:$AC,9,0) -> #N/A | I648: =VLOOKUP($A648,PLAN!$B:$AC,10,0) -> #N/A | J648: =VLOOKUP($A648,PLAN!$B:$AC,21,0) -> #N/A | K648: =VLOOKUP($A648,PLAN!$B:$AC,22,0) -> #N/A | O648: CAG | Q648: =VLOOKUP(A648,PLAN!B:R,17,0) -> #N/A
B649: =VLOOKUP($A649,PLAN!$B:$AC,3,0) -> #N/A | C649: =VLOOKUP($A649,PLAN!$B:$AC,4,0) -> #N/A | D649: =VLOOKUP($A649,PLAN!$B:$AC,5,0) -> #N/A | E649: =VLOOKUP($A649,PLAN!$B:$AC,2,0) -> #N/A | F649: =VLOOKUP($A649,PLAN!$B:$AC,7,0) -> #N/A | G649: =VLOOKUP($A649,PLAN!$B:$AC,8,0) -> #N/A | H649: =VLOOKUP($A649,PLAN!$B:$AC,9,0) -> #N/A | I649: =VLOOKUP($A649,PLAN!$B:$AC,10,0) -> #N/A | J649: =VLOOKUP($A649,PLAN!$B:$AC,21,0) -> #N/A | K649: =VLOOKUP($A649,PLAN!$B:$AC,22,0) -> #N/A | O649: CAG | Q649: =VLOOKUP(A649,PLAN!B:R,17,0) -> #N/A
B650: =VLOOKUP($A650,PLAN!$B:$AC,3,0) -> #N/A | C650: =VLOOKUP($A650,PLAN!$B:$AC,4,0) -> #N/A | D650: =VLOOKUP($A650,PLAN!$B:$AC,5,0) -> #N/A | E650: =VLOOKUP($A650,PLAN!$B:$AC,2,0) -> #N/A | F650: =VLOOKUP($A650,PLAN!$B:$AC,7,0) -> #N/A | G650: =VLOOKUP($A650,PLAN!$B:$AC,8,0) -> #N/A | H650: =VLOOKUP($A650,PLAN!$B:$AC,9,0) -> #N/A | I650: =VLOOKUP($A650,PLAN!$B:$AC,10,0) -> #N/A | J650: =VLOOKUP($A650,PLAN!$B:$AC,21,0) -> #N/A | K650: =VLOOKUP($A650,PLAN!$B:$AC,22,0) -> #N/A | O650: CAG | Q650: =VLOOKUP(A650,PLAN!B:R,17,0) -> #N/A
B651: =VLOOKUP($A651,PLAN!$B:$AC,3,0) -> #N/A | C651: =VLOOKUP($A651,PLAN!$B:$AC,4,0) -> #N/A | D651: =VLOOKUP($A651,PLAN!$B:$AC,5,0) -> #N/A | E651: =VLOOKUP($A651,PLAN!$B:$AC,2,0) -> #N/A | F651: =VLOOKUP($A651,PLAN!$B:$AC,7,0) -> #N/A | G651: =VLOOKUP($A651,PLAN!$B:$AC,8,0) -> #N/A | H651: =VLOOKUP($A651,PLAN!$B:$AC,9,0) -> #N/A | I651: =VLOOKUP($A651,PLAN!$B:$AC,10,0) -> #N/A | J651: =VLOOKUP($A651,PLAN!$B:$AC,21,0) -> #N/A | K651: =VLOOKUP($A651,PLAN!$B:$AC,22,0) -> #N/A | O651: CAG | Q651: =VLOOKUP(A651,PLAN!B:R,17,0) -> #N/A
B652: =VLOOKUP($A652,PLAN!$B:$AC,3,0) -> #N/A | C652: =VLOOKUP($A652,PLAN!$B:$AC,4,0) -> #N/A | D652: =VLOOKUP($A652,PLAN!$B:$AC,5,0) -> #N/A | E652: =VLOOKUP($A652,PLAN!$B:$AC,2,0) -> #N/A | F652: =VLOOKUP($A652,PLAN!$B:$AC,7,0) -> #N/A | G652: =VLOOKUP($A652,PLAN!$B:$AC,8,0) -> #N/A | H652: =VLOOKUP($A652,PLAN!$B:$AC,9,0) -> #N/A | I652: =VLOOKUP($A652,PLAN!$B:$AC,10,0) -> #N/A | J652: =VLOOKUP($A652,PLAN!$B:$AC,21,0) -> #N/A | K652: =VLOOKUP($A652,PLAN!$B:$AC,22,0) -> #N/A | O652: CAG | Q652: =VLOOKUP(A652,PLAN!B:R,17,0) -> #N/A
B653: =VLOOKUP($A653,PLAN!$B:$AC,3,0) -> #N/A | C653: =VLOOKUP($A653,PLAN!$B:$AC,4,0) -> #N/A | D653: =VLOOKUP($A653,PLAN!$B:$AC,5,0) -> #N/A | E653: =VLOOKUP($A653,PLAN!$B:$AC,2,0) -> #N/A | F653: =VLOOKUP($A653,PLAN!$B:$AC,7,0) -> #N/A | G653: =VLOOKUP($A653,PLAN!$B:$AC,8,0) -> #N/A | H653: =VLOOKUP($A653,PLAN!$B:$AC,9,0) -> #N/A | I653: =VLOOKUP($A653,PLAN!$B:$AC,10,0) -> #N/A | J653: =VLOOKUP($A653,PLAN!$B:$AC,21,0) -> #N/A | K653: =VLOOKUP($A653,PLAN!$B:$AC,22,0) -> #N/A | O653: CAG | Q653: =VLOOKUP(A653,PLAN!B:R,17,0) -> #N/A
B654: =VLOOKUP($A654,PLAN!$B:$AC,3,0) -> #N/A | C654: =VLOOKUP($A654,PLAN!$B:$AC,4,0) -> #N/A | D654: =VLOOKUP($A654,PLAN!$B:$AC,5,0) -> #N/A | E654: =VLOOKUP($A654,PLAN!$B:$AC,2,0) -> #N/A | F654: =VLOOKUP($A654,PLAN!$B:$AC,7,0) -> #N/A | G654: =VLOOKUP($A654,PLAN!$B:$AC,8,0) -> #N/A | H654: =VLOOKUP($A654,PLAN!$B:$AC,9,0) -> #N/A | I654: =VLOOKUP($A654,PLAN!$B:$AC,10,0) -> #N/A | J654: =VLOOKUP($A654,PLAN!$B:$AC,21,0) -> #N/A | K654: =VLOOKUP($A654,PLAN!$B:$AC,22,0) -> #N/A | O654: CAG | Q654: =VLOOKUP(A654,PLAN!B:R,17,0) -> #N/A
B655: =VLOOKUP($A655,PLAN!$B:$AC,3,0) -> #N/A | C655: =VLOOKUP($A655,PLAN!$B:$AC,4,0) -> #N/A | D655: =VLOOKUP($A655,PLAN!$B:$AC,5,0) -> #N/A | E655: =VLOOKUP($A655,PLAN!$B:$AC,2,0) -> #N/A | F655: =VLOOKUP($A655,PLAN!$B:$AC,7,0) -> #N/A | G655: =VLOOKUP($A655,PLAN!$B:$AC,8,0) -> #N/A | H655: =VLOOKUP($A655,PLAN!$B:$AC,9,0) -> #N/A | I655: =VLOOKUP($A655,PLAN!$B:$AC,10,0) -> #N/A | J655: =VLOOKUP($A655,PLAN!$B:$AC,21,0) -> #N/A | K655: =VLOOKUP($A655,PLAN!$B:$AC,22,0) -> #N/A | O655: CAG | Q655: =VLOOKUP(A655,PLAN!B:R,17,0) -> #N/A
B656: =VLOOKUP($A656,PLAN!$B:$AC,3,0) -> #N/A | C656: =VLOOKUP($A656,PLAN!$B:$AC,4,0) -> #N/A | D656: =VLOOKUP($A656,PLAN!$B:$AC,5,0) -> #N/A | E656: =VLOOKUP($A656,PLAN!$B:$AC,2,0) -> #N/A | F656: =VLOOKUP($A656,PLAN!$B:$AC,7,0) -> #N/A | G656: =VLOOKUP($A656,PLAN!$B:$AC,8,0) -> #N/A | H656: =VLOOKUP($A656,PLAN!$B:$AC,9,0) -> #N/A | I656: =VLOOKUP($A656,PLAN!$B:$AC,10,0) -> #N/A | J656: =VLOOKUP($A656,PLAN!$B:$AC,21,0) -> #N/A | K656: =VLOOKUP($A656,PLAN!$B:$AC,22,0) -> #N/A | O656: CAG | Q656: =VLOOKUP(A656,PLAN!B:R,17,0) -> #N/A
B657: =VLOOKUP($A657,PLAN!$B:$AC,3,0) -> #N/A | C657: =VLOOKUP($A657,PLAN!$B:$AC,4,0) -> #N/A | D657: =VLOOKUP($A657,PLAN!$B:$AC,5,0) -> #N/A | E657: =VLOOKUP($A657,PLAN!$B:$AC,2,0) -> #N/A | F657: =VLOOKUP($A657,PLAN!$B:$AC,7,0) -> #N/A | G657: =VLOOKUP($A657,PLAN!$B:$AC,8,0) -> #N/A | H657: =VLOOKUP($A657,PLAN!$B:$AC,9,0) -> #N/A | I657: =VLOOKUP($A657,PLAN!$B:$AC,10,0) -> #N/A | J657: =VLOOKUP($A657,PLAN!$B:$AC,21,0) -> #N/A | K657: =VLOOKUP($A657,PLAN!$B:$AC,22,0) -> #N/A | O657: CAG | Q657: =VLOOKUP(A657,PLAN!B:R,17,0) -> #N/A
Q658: A
Q659: A
...

Sheet seal (2)
C1: DIV/ SECTION | E1: PRODUCTION PLAN FOR STERILIZE (KẾ HOẠCH SẢN XUẤT CỦA PHÒNG STERILIZE) | W1: F- 5740 Ver:2
C2: GPC/ Order control | W2: Page: / 3
C4: Plan date: | E4: 46258
C5: No | D5: Material | E5: Drawing list No | F5: Item name/ Description | G5: Plnd order / PO | H5: Scheduled Finish Date | I5: Internal Lot (SAP Lot) | J5: External Lot (Hanoi Lot) | K5: Q`ty | L5: Destination | M5: Test Endotoxin ( pcs) | N5: Test Particle ( pcs) | O5: Wip request infomation | U5: Sterilize | W5: Start date (Sealing) | Y5: Remark
O6: Item code Type C | P6: Material Type C | Q6: Internal Lot (SAP Lot) | R6: External Lot | S6: Q`ty | T6: Sheft | U6: Date | V6: No | W6: Date | X6: Time
C7: =AA7 -> Aug15-01 | D7: =IFERROR(VLOOKUP($AA7,PLAN!$B:$AA,3,0),"") -> 12129248 | E7: =IFERROR(VLOOKUP($AA7,PLAN!$B:$AA,4,0),"") -> PR2145021-0-A | F7: =IFERROR(VLOOKUP($AA7,PLAN!$B:$AA,5,0),"") -> 2009051 Masters HF CN | G7: =IFERROR(VLOOKUP($AA7,PLAN!$B:$AA,2,0),"") -> 1001897397 | H7: =IFERROR(VLOOKUP($AA7,PLAN!$B:$AA,7,0),"") -> 46249 | I7: =IFERROR(VLOOKUP($AA7,PLAN!$B:$AA,8,0),"") -> 0103516476 | J7: =IFERROR(VLOOKUP($AA7,PLAN!$B:$AA,9,0),"") -> 260625K01A | K7: =IFERROR(VLOOKUP($AA7,PLAN!$B:$AA,10,0),"") -> 3306 | L7: =IFERROR(VLOOKUP($AA7,PLAN!$B:$AA,15,0),"") -> CHINA | M7: =IFERROR(VLOOKUP($AA7,PLAN!$B:$AA,18,0),"") -> 3 | N7: =IFERROR(VLOOKUP($AA7,PLAN!$B:$AA,19,0),"") -> 0 | O7: =IFERROR(VLOOKUP($AA7,PLAN!$B:$AA,12,0),"") -> PR19SR002-0-D | P7: =IFERROR(VLOOKUP($AA7,PLAN!$B:$AA,11,0),"") -> 12003986 | Q7: 0103383152 | R7: JP26424A3 | S7: 318 | U7: =IFERROR(VLOOKUP($AA7,PLAN!$B:$AA,21,0),"") -> 46206 | V7: =IFERROR(VLOOKUP($AA7,PLAN!$B:$AA,22,0),"") -> M8 | AA7: Aug15-01 | AB7: =VLOOKUP(AA7,PLAN!B:V,20,0) -> 46206
C8: =AA8 -> 0 | D8: =IFERROR(VLOOKUP($AA8,PLAN!$B:$AA,3,0),"") | E8: =IFERROR(VLOOKUP($AA8,PLAN!$B:$AA,4,0),"") | F8: =IFERROR(VLOOKUP($AA8,PLAN!$B:$AA,5,0),"") | G8: =IFERROR(VLOOKUP($AA8,PLAN!$B:$AA,2,0),"") | H8: =IFERROR(VLOOKUP($AA8,PLAN!$B:$AA,7,0),"") | I8: =IFERROR(VLOOKUP($AA8,PLAN!$B:$AA,8,0),"") | J8: =IFERROR(VLOOKUP($AA8,PLAN!$B:$AA,9,0),"") | K8: =IFERROR(VLOOKUP($AA8,PLAN!$B:$AA,10,0),"") | L8: =IFERROR(VLOOKUP($AA8,PLAN!$B:$AA,15,0),"") | M8: =IFERROR(VLOOKUP($AA8,PLAN!$B:$AA,18,0),"") | N8: =IFERROR(VLOOKUP($AA8,PLAN!$B:$AA,19,0),"") | O8: =IFERROR(VLOOKUP($AA8,PLAN!$B:$AA,12,0),"") | P8: =IFERROR(VLOOKUP($AA8,PLAN!$B:$AA,11,0),"") | Q8: 0103383153 | R8: JP26424A4 | S8: 1000 | U8: =IFERROR(VLOOKUP($AA8,PLAN!$B:$AA,21,0),"") | V8: =IFERROR(VLOOKUP($AA8,PLAN!$B:$AA,22,0),"") | AB8: 46206
C9: =AA9 -> 0 | D9: =IFERROR(VLOOKUP($AA9,PLAN!$B:$AA,3,0),"") | E9: =IFERROR(VLOOKUP($AA9,PLAN!$B:$AA,4,0),"") | F9: =IFERROR(VLOOKUP($AA9,PLAN!$B:$AA,5,0),"") | G9: =IFERROR(VLOOKUP($AA9,PLAN!$B:$AA,2,0),"") | H9: =IFERROR(VLOOKUP($AA9,PLAN!$B:$AA,7,0),"") | I9: =IFERROR(VLOOKUP($AA9,PLAN!$B:$AA,8,0),"") | J9: =IFERROR(VLOOKUP($AA9,PLAN!$B:$AA,9,0),"") | K9: =IFERROR(VLOOKUP($AA9,PLAN!$B:$AA,10,0),"") | L9: =IFERROR(VLOOKUP($AA9,PLAN!$B:$AA,15,0),"") | M9: =IFERROR(VLOOKUP($AA9,PLAN!$B:$AA,18,0),"") | N9: =IFERROR(VLOOKUP($AA9,PLAN!$B:$AA,19,0),"") | O9: =IFERROR(VLOOKUP($AA9,PLAN!$B:$AA,12,0),"") | P9: =IFERROR(VLOOKUP($AA9,PLAN!$B:$AA,11,0),"") | Q9: 0103457714 | R9: JP26528E4 | S9: 1000 | U9: =IFERROR(VLOOKUP($AA9,PLAN!$B:$AA,21,0),"") | V9: =IFERROR(VLOOKUP($AA9,PLAN!$B:$AA,22,0),"") | AB9: 46206
C10: =AA10 -> 0 | D10: =IFERROR(VLOOKUP($AA10,PLAN!$B:$AA,3,0),"") | E10: =IFERROR(VLOOKUP($AA10,PLAN!$B:$AA,4,0),"") | F10: =IFERROR(VLOOKUP($AA10,PLAN!$B:$AA,5,0),"") | G10: =IFERROR(VLOOKUP($AA10,PLAN!$B:$AA,2,0),"") | H10: =IFERROR(VLOOKUP($AA10,PLAN!$B:$AA,7,0),"") | I10: =IFERROR(VLOOKUP($AA10,PLAN!$B:$AA,8,0),"") | J10: =IFERROR(VLOOKUP($AA10,PLAN!$B:$AA,9,0),"") | K10: =IFERROR(VLOOKUP($AA10,PLAN!$B:$AA,10,0),"") | L10: =IFERROR(VLOOKUP($AA10,PLAN!$B:$AA,15,0),"") | M10: =IFERROR(VLOOKUP($AA10,PLAN!$B:$AA,18,0),"") | N10: =IFERROR(VLOOKUP($AA10,PLAN!$B:$AA,19,0),"") | O10: =IFERROR(VLOOKUP($AA10,PLAN!$B:$AA,12,0),"") | P10: =IFERROR(VLOOKUP($AA10,PLAN!$B:$AA,11,0),"") | Q10: 0103457715 | R10: JP26528E5 | S10: =K7-S7-S8-S9 -> 988 | U10: =IFERROR(VLOOKUP($AA10,PLAN!$B:$AA,21,0),"") | V10: =IFERROR(VLOOKUP($AA10,PLAN!$B:$AA,22,0),"") | AB10: 46206
C11: =AA11 -> Jul29-02 | D11: =IFERROR(VLOOKUP($AA11,PLAN!$B:$AA,3,0),"") -> 11134248 | E11: =IFERROR(VLOOKUP($AA11,PLAN!$B:$AA,4,0),"") -> 2041189-D-A | F11: =IFERROR(VLOOKUP($AA11,PLAN!$B:$AA,5,0),"") -> CSR135-26P CN | G11: =IFERROR(VLOOKUP($AA11,PLAN!$B:$AA,2,0),"") -> 1001910173 | H11: =IFERROR(VLOOKUP($AA11,PLAN!$B:$AA,7,0),"") -> 46232 | I11: =IFERROR(VLOOKUP($AA11,PLAN!$B:$AA,8,0),"") -> 0103541259 | J11: =IFERROR(VLOOKUP($AA11,PLAN!$B:$AA,9,0),"") -> 260709K24A | K11: =IFERROR(VLOOKUP($AA11,PLAN!$B:$AA,10,0),"") -> 626 | L11: =IFERROR(VLOOKUP($AA11,PLAN!$B:$AA,15,0),"") -> CHINA | M11: =IFERROR(VLOOKUP($AA11,PLAN!$B:$AA,18,0),"") -> 3 | N11: =IFERROR(VLOOKUP($AA11,PLAN!$B:$AA,19,0),"") -> 3 | O11: =IFERROR(VLOOKUP($AA11,PLAN!$B:$AA,12,0),"") -> 2342019-A-C-CN | P11: =IFERROR(VLOOKUP($AA11,PLAN!$B:$AA,11,0),"") -> 12139931 | Q11: 0103502481 | R11: JF26618A7 | S11: 90 | U11: =IFERROR(VLOOKUP($AA11,PLAN!$B:$AA,21,0),"") -> 46218 | V11: =IFERROR(VLOOKUP($AA11,PLAN!$B:$AA,22,0),"") -> M8 | AA11: Jul29-02 | AB11: =VLOOKUP(AA11,PLAN!B:V,20,0) -> 46218
Q12: 0103502482 | R12: JF26618A8 | S12: 306 | AB12: 46218
Q13: 0103502483 | R13: JF26618A9 | S13: =K11-S11-S12 -> 230 | AB13: 46218
C14: =AA14 -> Jul30-01 | D14: =IFERROR(VLOOKUP($AA14,PLAN!$B:$AA,3,0),"") -> 11134249 | E14: =IFERROR(VLOOKUP($AA14,PLAN!$B:$AA,4,0),"") -> 2041190-D-A | F14: =IFERROR(VLOOKUP($AA14,PLAN!$B:$AA,5,0),"") -> CSR150-26P CN | G14: =IFERROR(VLOOKUP($AA14,PLAN!$B:$AA,2,0),"") -> 1001910722 | H14: =IFERROR(VLOOKUP($AA14,PLAN!$B:$AA,7,0),"") -> 46233 | I14: =IFERROR(VLOOKUP($AA14,PLAN!$B:$AA,8,0),"") -> 0103542125 | J14: =IFERROR(VLOOKUP($AA14,PLAN!$B:$AA,9,0),"") -> 260709K25A | K14: =IFERROR(VLOOKUP($AA14,PLAN!$B:$AA,10,0),"") -> 36 | L14: =IFERROR(VLOOKUP($AA14,PLAN!$B:$AA,15,0),"") -> CHINA | M14: =IFERROR(VLOOKUP($AA14,PLAN!$B:$AA,18,0),"") -> 3 | N14: =IFERROR(VLOOKUP($AA14,PLAN!$B:$AA,19,0),"") -> 3 | O14: =IFERROR(VLOOKUP($AA14,PLAN!$B:$AA,12,0),"") -> 2342020-A-C-CN | P14: =IFERROR(VLOOKUP($AA14,PLAN!$B:$AA,11,0),"") -> 12139932 | Q14: 0103476723 | R14: JF26606A3 | S14: =K14 -> 36 | U14: =IFERROR(VLOOKUP($AA14,PLAN!$B:$AA,21,0),"") -> 46219 | V14: =IFERROR(VLOOKUP($AA14,PLAN!$B:$AA,22,0),"") -> M8 | AA14: Jul30-01 | AB14: =VLOOKUP(AA14,PLAN!B:V,20,0) -> 46219
C15: =AA15 -> Jul30-02 | D15: =IFERROR(VLOOKUP($AA15,PLAN!$B:$AA,3,0),"") -> 11134248 | E15: =IFERROR(VLOOKUP($AA15,PLAN!$B:$AA,4,0),"") -> 2041189-D-A | F15: =IFERROR(VLOOKUP($AA15,PLAN!$B:$AA,5,0),"") -> CSR135-26P CN | G15: =IFERROR(VLOOKUP($AA15,PLAN!$B:$AA,2,0),"") -> 1001910723 | H15: =IFERROR(VLOOKUP($AA15,PLAN!$B:$AA,7,0),"") -> 46233 | I15: =IFERROR(VLOOKUP($AA15,PLAN!$B:$AA,8,0),"") -> 0103542126 | J15: =IFERROR(VLOOKUP($AA15,PLAN!$B:$AA,9,0),"") -> 260709K26A | K15: =IFERROR(VLOOKUP($AA15,PLAN!$B:$AA,10,0),"") -> 270 | L15: =IFERROR(VLOOKUP($AA15,PLAN!$B:$AA,15,0),"") -> CHINA | M15: =IFERROR(VLOOKUP($AA15,PLAN!$B:$AA,18,0),"") -> 0 | N15: =IFERROR(VLOOKUP($AA15,PLAN!$B:$AA,19,0),"") -> 0 | O15: =IFERROR(VLOOKUP($AA15,PLAN!$B:$AA,12,0),"") -> 2342019-A-C-CN | P15: =IFERROR(VLOOKUP($AA15,PLAN!$B:$AA,11,0),"") -> 12139931 | Q15: 0103502483 | R15: JF26618A9 | S15: 76 | U15: =IFERROR(VLOOKUP($AA15,PLAN!$B:$AA,21,0),"") -> 46219 | V15: =IFERROR(VLOOKUP($AA15,PLAN!$B:$AA,22,0),"") -> M8 | AA15: Jul30-02 | AB15: =VLOOKUP(AA15,PLAN!B:V,20,0) -> 46219
Q16: 0103502484 | R16: JF26618B1 | S16: =K15-S15 -> 194 | AB16: 46219
C17: =AA17 -> Jul30-03 | D17: =IFERROR(VLOOKUP($AA17,PLAN!$B:$AA,3,0),"") -> 11134248 | E17: =IFERROR(VLOOKUP($AA17,PLAN!$B:$AA,4,0),"") -> 2041189-D-A | F17: =IFERROR(VLOOKUP($AA17,PLAN!$B:$AA,5,0),"") -> CSR135-26P CN | G17: =IFERROR(VLOOKUP($AA17,PLAN!$B:$AA,2,0),"") -> 1001910724 | H17: =IFERROR(VLOOKUP($AA17,PLAN!$B:$AA,7,0),"") -> 46233 | I17: =IFERROR(VLOOKUP($AA17,PLAN!$B:$AA,8,0),"") -> 0103542127 | J17: =IFERROR(VLOOKUP($AA17,PLAN!$B:$AA,9,0),"") -> 260709K27A | K17: =IFERROR(VLOOKUP($AA17,PLAN!$B:$AA,10,0),"") -> 2050 | L17: =IFERROR(VLOOKUP($AA17,PLAN!$B:$AA,15,0),"") -> CHINA | M17: =IFERROR(VLOOKUP($AA17,PLAN!$B:$AA,18,0),"") -> 0 | N17: =IFERROR(VLOOKUP($AA17,PLAN!$B:$AA,19,0),"") -> 0 | O17: =IFERROR(VLOOKUP($AA17,PLAN!$B:$AA,12,0),"") -> 2342019-A-C-CN | P17: =IFERROR(VLOOKUP($AA17,PLAN!$B:$AA,11,0),"") -> 12139931 | Q17: 0103502484 | R17: JF26618B1 | S17: 112 | U17: =IFERROR(VLOOKUP($AA17,PLAN!$B:$AA,21,0),"") -> 46219 | V17: =IFERROR(VLOOKUP($AA17,PLAN!$B:$AA,22,0),"") -> M8 | AA17: Jul30-03 | AB17: =VLOOKUP(AA17,PLAN!B:V,20,0) -> 46219
Q18: 0103502485 | R18: JF26618B2 | S18: 305 | AB18: 46219
Q19: 0103513959 | R19: JF26624A2 | S19: 306 | AB19: 46219
Q20: 0103513960 | R20: JF26624A3 | S20: 306 | AB20: 46219
Q21: 0103513962 | R21: JF26624A4 | S21: 306 | AB21: 46219
Q22: 0103513963 | R22: JF26624A5 | S22: 306 | AB22: 46219
Q23: 0103513965 | R23: JF26624A6 | S23: 306 | AB23: 46219
Q24: 0103513966 | R24: JF26624A7 | S24: =K17-S17-S18-S19-S20-S21-S22-S23 -> 103 | AB24: 46219
C25: =AA25 -> QC-5 | D25: =IFERROR(VLOOKUP($AA25,PLAN!$B:$AA,3,0),"") -> 11125142 | E25: =IFERROR(VLOOKUP($AA25,PLAN!$B:$AA,4,0),"") -> 1941011-D-A | F25: =IFERROR(VLOOKUP($AA25,PLAN!$B:$AA,5,0),"") -> Masters PARKWAY SOFT 150cm Straight | G25: =IFERROR(VLOOKUP($AA25,PLAN!$B:$AA,2,0),"") -> 2000126703 | H25: =IFERROR(VLOOKUP($AA25,PLAN!$B:$AA,7,0),"") -> 46234 | I25: =IFERROR(VLOOKUP($AA25,PLAN!$B:$AA,8,0),"") -> 0103539406 | J25: =IFERROR(VLOOKUP($AA25,PLAN!$B:$AA,9,0),"") -> 260707Y17A | K25: =IFERROR(VLOOKUP($AA25,PLAN!$B:$AA,10,0),"") -> 3 | L25: =IFERROR(VLOOKUP($AA25,PLAN!$B:$AA,15,0),"") -> TEST | M25: =IFERROR(VLOOKUP($AA25,PLAN!$B:$AA,18,0),"") -> 0 | N25: =IFERROR(VLOOKUP($AA25,PLAN!$B:$AA,19,0),"") -> 0 | O25: =IFERROR(VLOOKUP($AA25,PLAN!$B:$AA,12,0),"") -> 1942042-A-C | P25: =IFERROR(VLOOKUP($AA25,PLAN!$B:$AA,11,0),"") -> 12120564 | Q25: 0103527220 | R25: JF26702A5 | S25: =K25 -> 3 | U25: =IFERROR(VLOOKUP($AA25,PLAN!$B:$AA,21,0),"") -> N/A | V25: =IFERROR(VLOOKUP($AA25,PLAN!$B:$AA,22,0),"") -> TEST | AA25: QC-5 | AB25: Bio
C26: =AA26 -> QC-6 | D26: =IFERROR(VLOOKUP($AA26,PLAN!$B:$AA,3,0),"") -> 11125142 | E26: =IFERROR(VLOOKUP($AA26,PLAN!$B:$AA,4,0),"") -> 1941011-D-A | F26: =IFERROR(VLOOKUP($AA26,PLAN!$B:$AA,5,0),"") -> Masters PARKWAY SOFT 150cm Straight | G26: =IFERROR(VLOOKUP($AA26,PLAN!$B:$AA,2,0),"") -> 2000126704 | H26: =IFERROR(VLOOKUP($AA26,PLAN!$B:$AA,7,0),"") -> 46234 | I26: =IFERROR(VLOOKUP($AA26,PLAN!$B:$AA,8,0),"") -> 0103539408 | J26: =IFERROR(VLOOKUP($AA26,PLAN!$B:$AA,9,0),"") -> 260707Y17D | K26: =IFERROR(VLOOKUP($AA26,PLAN!$B:$AA,10,0),"") -> 9 | L26: =IFERROR(VLOOKUP($AA26,PLAN!$B:$AA,15,0),"") -> TEST | M26: =IFERROR(VLOOKUP($AA26,PLAN!$B:$AA,18,0),"") -> 0 | N26: =IFERROR(VLOOKUP($AA26,PLAN!$B:$AA,19,0),"") -> 0 | O26: =IFERROR(VLOOKUP($AA26,PLAN!$B:$AA,12,0),"") -> 1942042-A-C | P26: =IFERROR(VLOOKUP($AA26,PLAN!$B:$AA,11,0),"") -> 12120564 | Q26: 0103527220 | R26: JF26702A5 | S26: =K26 -> 9 | U26: =IFERROR(VLOOKUP($AA26,PLAN!$B:$AA,21,0),"") -> 46230 | V26: =IFERROR(VLOOKUP($AA26,PLAN!$B:$AA,22,0),"") -> TEST | AA26: QC-6 | AB26: Bio
C27: =AA27 -> QC-7 | D27: =IFERROR(VLOOKUP($AA27,PLAN!$B:$AA,3,0),"") -> 11112488 | E27: =IFERROR(VLOOKUP($AA27,PLAN!$B:$AA,4,0),"") -> PSC35170S-E-A | F27: =IFERROR(VLOOKUP($AA27,PLAN!$B:$AA,5,0),"") -> CROSSWALK 035 170cm Straight | G27: =IFERROR(VLOOKUP($AA27,PLAN!$B:$AA,2,0),"") -> 2000126705 | H27: =IFERROR(VLOOKUP($AA27,PLAN!$B:$AA,7,0),"") -> 46234 | I27: =IFERROR(VLOOKUP($AA27,PLAN!$B:$AA,8,0),"") -> 0103539409 | J27: =IFERROR(VLOOKUP($AA27,PLAN!$B:$AA,9,0),"") -> 260707Y18A | K27: =IFERROR(VLOOKUP($AA27,PLAN!$B:$AA,10,0),"") -> 3 | L27: =IFERROR(VLOOKUP($AA27,PLAN!$B:$AA,15,0),"") -> TEST | M27: =IFERROR(VLOOKUP($AA27,PLAN!$B:$AA,18,0),"") -> 0 | N27: =IFERROR(VLOOKUP($AA27,PLAN!$B:$AA,19,0),"") -> 0 | O27: =IFERROR(VLOOKUP($AA27,PLAN!$B:$AA,12,0),"") -> PSC35170S-E-C | P27: =IFERROR(VLOOKUP($AA27,PLAN!$B:$AA,11,0),"") -> 12115911 | Q27: 0103437721 | R27: JF26520A2 | S27: =K27 -> 3 | U27: =IFERROR(VLOOKUP($AA27,PLAN!$B:$AA,21,0),"") -> N/A | V27: =IFERROR(VLOOKUP($AA27,PLAN!$B:$AA,22,0),"") -> TEST | AA27: QC-7 | AB27: Bio
C28: =AA28 -> QC-8 | D28: =IFERROR(VLOOKUP($AA28,PLAN!$B:$AA,3,0),"") -> 11112488 | E28: =IFERROR(VLOOKUP($AA28,PLAN!$B:$AA,4,0),"") -> PSC35170S-E-A | F28: =IFERROR(VLOOKUP($AA28,PLAN!$B:$AA,5,0),"") -> CROSSWALK 035 170cm Straight | G28: =IFERROR(VLOOKUP($AA28,PLAN!$B:$AA,2,0),"") -> 2000126706 | H28: =IFERROR(VLOOKUP($AA28,PLAN!$B:$AA,7,0),"") -> 46234 | I28: =IFERROR(VLOOKUP($AA28,PLAN!$B:$AA,8,0),"") -> 0103539410 | J28: =IFERROR(VLOOKUP($AA28,PLAN!$B:$AA,9,0),"") -> 260707Y18D | K28: =IFERROR(VLOOKUP($AA28,PLAN!$B:$AA,10,0),"") -> 9 | L28: =IFERROR(VLOOKUP($AA28,PLAN!$B:$AA,15,0),"") -> TEST | M28: =IFERROR(VLOOKUP($AA28,PLAN!$B:$AA,18,0),"") -> 0 | N28: =IFERROR(VLOOKUP($AA28,PLAN!$B:$AA,19,0),"") -> 0 | O28: =IFERROR(VLOOKUP($AA28,PLAN!$B:$AA,12,0),"") -> PSC35170S-E-C | P28: =IFERROR(VLOOKUP($AA28,PLAN!$B:$AA,11,0),"") -> 12115911 | Q28: 0103498269 | R28: JF26616C2 | S28: =K28 -> 9 | U28: =IFERROR(VLOOKUP($AA28,PLAN!$B:$AA,21,0),"") -> 46230 | V28: =IFERROR(VLOOKUP($AA28,PLAN!$B:$AA,22,0),"") -> TEST | AA28: QC-8 | AB28: Bio
C29: =AA29 -> QC-9 | D29: =IFERROR(VLOOKUP($AA29,PLAN!$B:$AA,3,0),"") -> 12012480 | E29: =IFERROR(VLOOKUP($AA29,PLAN!$B:$AA,4,0),"") -> PR1944001-0-A | F29: =IFERROR(VLOOKUP($AA29,PLAN!$B:$AA,5,0),"") -> Accessories for Masters Parkway HF | G29: =IFERROR(VLOOKUP($AA29,PLAN!$B:$AA,2,0),"") -> 2000126709 | H29: =IFERROR(VLOOKUP($AA29,PLAN!$B:$AA,7,0),"") -> 46234 | I29: =IFERROR(VLOOKUP($AA29,PLAN!$B:$AA,8,0),"") -> 0103539413 | J29: =IFERROR(VLOOKUP($AA29,PLAN!$B:$AA,9,0),"") -> 260707Y20A | K29: =IFERROR(VLOOKUP($AA29,PLAN!$B:$AA,10,0),"") -> 3 | L29: =IFERROR(VLOOKUP($AA29,PLAN!$B:$AA,15,0),"") -> TEST | M29: =IFERROR(VLOOKUP($AA29,PLAN!$B:$AA,18,0),"") -> 0 | N29: =IFERROR(VLOOKUP($AA29,PLAN!$B:$AA,19,0),"") -> 0 | O29: =IFERROR(VLOOKUP($AA29,PLAN!$B:$AA,12,0),"") -> PR19SR002-0-D | P29: =IFERROR(VLOOKUP($AA29,PLAN!$B:$AA,11,0),"") -> 12003986 | Q29: 0103457716 | R29: JP26528E6 | S29: =K29 -> 3 | U29: =IFERROR(VLOOKUP($AA29,PLAN!$B:$AA,21,0),"") -> N/A | V29: =IFERROR(VLOOKUP($AA29,PLAN!$B:$AA,22,0),"") -> TEST | AA29: QC-9 | AB29: Bio
C30: =AA30 -> QC-10 | D30: =IFERROR(VLOOKUP($AA30,PLAN!$B:$AA,3,0),"") -> 12012480 | E30: =IFERROR(VLOOKUP($AA30,PLAN!$B:$AA,4,0),"") -> PR1944001-0-A | F30: =IFERROR(VLOOKUP($AA30,PLAN!$B:$AA,5,0),"") -> Accessories for Masters Parkway HF | G30: =IFERROR(VLOOKUP($AA30,PLAN!$B:$AA,2,0),"") -> 2000126710 | H30: =IFERROR(VLOOKUP($AA30,PLAN!$B:$AA,7,0),"") -> 46234 | I30: =IFERROR(VLOOKUP($AA30,PLAN!$B:$AA,8,0),"") -> 0103539414 | J30: =IFERROR(VLOOKUP($AA30,PLAN!$B:$AA,9,0),"") -> 260707Y20D | K30: =IFERROR(VLOOKUP($AA30,PLAN!$B:$AA,10,0),"") -> 9 | L30: =IFERROR(VLOOKUP($AA30,PLAN!$B:$AA,15,0),"") -> TEST | M30: =IFERROR(VLOOKUP($AA30,PLAN!$B:$AA,18,0),"") -> 0 | N30: =IFERROR(VLOOKUP($AA30,PLAN!$B:$AA,19,0),"") -> 0 | O30: =IFERROR(VLOOKUP($AA30,PLAN!$B:$AA,12,0),"") -> PR19SR002-0-D | P30: =IFERROR(VLOOKUP($AA30,PLAN!$B:$AA,11,0),"") -> 12003986 | Q30: 0103457716 | R30: JP26528E6 | S30: =K30 -> 9 | U30: =IFERROR(VLOOKUP($AA30,PLAN!$B:$AA,21,0),"") -> 46230 | V30: =IFERROR(VLOOKUP($AA30,PLAN!$B:$AA,22,0),"") -> TEST | AA30: QC-10 | AB30: Bio
C31: =AA31 -> QC-11 | D31: =IFERROR(VLOOKUP($AA31,PLAN!$B:$AA,3,0),"") -> 12143523 | E31: =IFERROR(VLOOKUP($AA31,PLAN!$B:$AA,4,0),"") -> PR2545028-0-A | F31: =IFERROR(VLOOKUP($AA31,PLAN!$B:$AA,5,0),"") -> 2009009 Veloute | G31: =IFERROR(VLOOKUP($AA31,PLAN!$B:$AA,2,0),"") -> 2000127274 | H31: =IFERROR(VLOOKUP($AA31,PLAN!$B:$AA,7,0),"") -> 46234 | I31: =IFERROR(VLOOKUP($AA31,PLAN!$B:$AA,8,0),"") -> 0103553325 | J31: =IFERROR(VLOOKUP($AA31,PLAN!$B:$AA,9,0),"") -> 260707Y21A | K31: =IFERROR(VLOOKUP($AA31,PLAN!$B:$AA,10,0),"") -> 3 | L31: =IFERROR(VLOOKUP($AA31,PLAN!$B:$AA,15,0),"") -> TEST | M31: =IFERROR(VLOOKUP($AA31,PLAN!$B:$AA,18,0),"") -> 0 | N31: =IFERROR(VLOOKUP($AA31,PLAN!$B:$AA,19,0),"") -> 0 | O31: =IFERROR(VLOOKUP($AA31,PLAN!$B:$AA,12,0),"") -> PR19SR003-0-D | P31: =IFERROR(VLOOKUP($AA31,PLAN!$B:$AA,11,0),"") -> 12001113 | Q31: 0103209269 | R31: JP26128A2 | S31: =K31 -> 3 | U31: =IFERROR(VLOOKUP($AA31,PLAN!$B:$AA,21,0),"") -> N/A | V31: =IFERROR(VLOOKUP($AA31,PLAN!$B:$AA,22,0),"") -> TEST | AA31: QC-11 | AB31: Bio
C32: =AA32 -> QC-12 | D32: =IFERROR(VLOOKUP($AA32,PLAN!$B:$AA,3,0),"") -> 12143523 | E32: =IFERROR(VLOOKUP($AA32,PLAN!$B:$AA,4,0),"") -> PR2545028-0-A | F32: =IFERROR(VLOOKUP($AA32,PLAN!$B:$AA,5,0),"") -> 2009009 Veloute | G32: =IFERROR(VLOOKUP($AA32,PLAN!$B:$AA,2,0),"") -> 2000127275 | H32: =IFERROR(VLOOKUP($AA32,PLAN!$B:$AA,7,0),"") -> 46234 | I32: =IFERROR(VLOOKUP($AA32,PLAN!$B:$AA,8,0),"") -> 0103553326 | J32: =IFERROR(VLOOKUP($AA32,PLAN!$B:$AA,9,0),"") -> 260707Y21D | K32: =IFERROR(VLOOKUP($AA32,PLAN!$B:$AA,10,0),"") -> 9 | L32: =IFERROR(VLOOKUP($AA32,PLAN!$B:$AA,15,0),"") -> TEST | M32: =IFERROR(VLOOKUP($AA32,PLAN!$B:$AA,18,0),"") -> 0 | N32: =IFERROR(VLOOKUP($AA32,PLAN!$B:$AA,19,0),"") -> 0 | O32: =IFERROR(VLOOKUP($AA32,PLAN!$B:$AA,12,0),"") -> PR19SR003-0-D | P32: =IFERROR(VLOOKUP($AA32,PLAN!$B:$AA,11,0),"") -> 12001113 | Q32: 0103209269 | R32: JP26128A2 | S32: =K32 -> 9 | U32: =IFERROR(VLOOKUP($AA32,PLAN!$B:$AA,21,0),"") -> 46230 | V32: =IFERROR(VLOOKUP($AA32,PLAN!$B:$AA,22,0),"") -> TEST | AA32: QC-12 | AB32: Bio
C33: =AA33 -> QC-13 | D33: =IFERROR(VLOOKUP($AA33,PLAN!$B:$AA,3,0),"") -> 11134563 | E33: =IFERROR(VLOOKUP($AA33,PLAN!$B:$AA,4,0),"") -> 2041304-C-A | F33: =IFERROR(VLOOKUP($AA33,PLAN!$B:$AA,5,0),"") -> ASAHI Masters PARKWAY HF 150cm Straight | G33: =IFERROR(VLOOKUP($AA33,PLAN!$B:$AA,2,0),"") -> 2000126731 | H33: =IFERROR(VLOOKUP($AA33,PLAN!$B:$AA,7,0),"") -> 46234 | I33: =IFERROR(VLOOKUP($AA33,PLAN!$B:$AA,8,0),"") -> 0103539435 | J33: =IFERROR(VLOOKUP($AA33,PLAN!$B:$AA,9,0),"") -> 260707Y30A | K33: =IFERROR(VLOOKUP($AA33,PLAN!$B:$AA,10,0),"") -> 3 | L33: =IFERROR(VLOOKUP($AA33,PLAN!$B:$AA,15,0),"") -> TEST | M33: =IFERROR(VLOOKUP($AA33,PLAN!$B:$AA,18,0),"") -> 0 | N33: =IFERROR(VLOOKUP($AA33,PLAN!$B:$AA,19,0),"") -> 0 | O33: =IFERROR(VLOOKUP($AA33,PLAN!$B:$AA,12,0),"") -> 2042141-B-C | P33: =IFERROR(VLOOKUP($AA33,PLAN!$B:$AA,11,0),"") -> 12131598 | Q33: 0103343196 | R33: JF26401B3 | S33: =K33 -> 3 | U33: =IFERROR(VLOOKUP($AA33,PLAN!$B:$AA,21,0),"") -> N/A | V33: =IFERROR(VLOOKUP($AA33,PLAN!$B:$AA,22,0),"") -> TEST | AA33: QC-13 | AB33: Bio
C34: =AA34 -> QC-14 | D34: =IFERROR(VLOOKUP($AA34,PLAN!$B:$AA,3,0),"") -> 11134563 | E34: =IFERROR(VLOOKUP($AA34,PLAN!$B:$AA,4,0),"") -> 2041304-C-A | F34: =IFERROR(VLOOKUP($AA34,PLAN!$B:$AA,5,0),"") -> ASAHI Masters PARKWAY HF 150cm Straight | G34: =IFERROR(VLOOKUP($AA34,PLAN!$B:$AA,2,0),"") -> 2000126732 | H34: =IFERROR(VLOOKUP($AA34,PLAN!$B:$AA,7,0),"") -> 46234 | I34: =IFERROR(VLOOKUP($AA34,PLAN!$B:$AA,8,0),"") -> 0103539437 | J34: =IFERROR(VLOOKUP($AA34,PLAN!$B:$AA,9,0),"") -> 260707Y30B | K34: =IFERROR(VLOOKUP($AA34,PLAN!$B:$AA,10,0),"") -> 9 | L34: =IFERROR(VLOOKUP($AA34,PLAN!$B:$AA,15,0),"") -> TEST | M34: =IFERROR(VLOOKUP($AA34,PLAN!$B:$AA,18,0),"") -> 0 | N34: =IFERROR(VLOOKUP($AA34,PLAN!$B:$AA,19,0),"") -> 0 | O34: =IFERROR(VLOOKUP($AA34,PLAN!$B:$AA,12,0),"") -> 2042141-B-C | P34: =IFERROR(VLOOKUP($AA34,PLAN!$B:$AA,11,0),"") -> 12131598 | Q34: 0103343196 | R34: JF26401B3 | S34: =K34 -> 9 | U34: =IFERROR(VLOOKUP($AA34,PLAN!$B:$AA,21,0),"") -> 46230 | V34: =IFERROR(VLOOKUP($AA34,PLAN!$B:$AA,22,0),"") -> TEST | AA34: QC-14 | AB34: Bio
C35: =AA35 -> QC-15 | D35: =IFERROR(VLOOKUP($AA35,PLAN!$B:$AA,3,0),"") -> 11134563 | E35: =IFERROR(VLOOKUP($AA35,PLAN!$B:$AA,4,0),"") -> 2041304-C-A | F35: =IFERROR(VLOOKUP($AA35,PLAN!$B:$AA,5,0),"") -> ASAHI Masters PARKWAY HF 150cm Straight | G35: =IFERROR(VLOOKUP($AA35,PLAN!$B:$AA,2,0),"") -> 2000126733 | H35: =IFERROR(VLOOKUP($AA35,PLAN!$B:$AA,7,0),"") -> 46234 | I35: =IFERROR(VLOOKUP($AA35,PLAN!$B:$AA,8,0),"") -> 0103539438 | J35: =IFERROR(VLOOKUP($AA35,PLAN!$B:$AA,9,0),"") -> 260707Y30D | K35: =IFERROR(VLOOKUP($AA35,PLAN!$B:$AA,10,0),"") -> 9 | L35: =IFERROR(VLOOKUP($AA35,PLAN!$B:$AA,15,0),"") -> TEST | M35: =IFERROR(VLOOKUP($AA35,PLAN!$B:$AA,18,0),"") -> 0 | N35: =IFERROR(VLOOKUP($AA35,PLAN!$B:$AA,19,0),"") -> 0 | O35: =IFERROR(VLOOKUP($AA35,PLAN!$B:$AA,12,0),"") -> 2042141-B-C | P35: =IFERROR(VLOOKUP($AA35,PLAN!$B:$AA,11,0),"") -> 12131598 | Q35: 0103343196 | R35: JF26401B3 | S35: 2 | U35: =IFERROR(VLOOKUP($AA35,PLAN!$B:$AA,21,0),"") -> 46230 | V35: =IFERROR(VLOOKUP($AA35,PLAN!$B:$AA,22,0),"") -> TEST | AA35: QC-15 | AB35: Bio
Q36: 0103415296 | R36: JF26511A1 | S36: 7 | AB36: Bio
C37: =AA37 -> QC-16 | D37: =IFERROR(VLOOKUP($AA37,PLAN!$B:$AA,3,0),"") -> 11134247 | E37: =IFERROR(VLOOKUP($AA37,PLAN!$B:$AA,4,0),"") -> 2141050-D-A | F37: =IFERROR(VLOOKUP($AA37,PLAN!$B:$AA,5,0),"") -> ASAHI Caravel 150cm | G37: =IFERROR(VLOOKUP($AA37,PLAN!$B:$AA,2,0),"") -> 2000126734 | H37: =IFERROR(VLOOKUP($AA37,PLAN!$B:$AA,7,0),"") -> 46234 | I37: =IFERROR(VLOOKUP($AA37,PLAN!$B:$AA,8,0),"") -> 0103539439 | J37: =IFERROR(VLOOKUP($AA37,PLAN!$B:$AA,9,0),"") -> 260707Y31A | K37: =IFERROR(VLOOKUP($AA37,PLAN!$B:$AA,10,0),"") -> 3 | L37: =IFERROR(VLOOKUP($AA37,PLAN!$B:$AA,15,0),"") -> TEST | M37: =IFERROR(VLOOKUP($AA37,PLAN!$B:$AA,18,0),"") -> 0 | N37: =IFERROR(VLOOKUP($AA37,PLAN!$B:$AA,19,0),"") -> 0 | O37: =IFERROR(VLOOKUP($AA37,PLAN!$B:$AA,12,0),"") -> 1842015-B-C | P37: =IFERROR(VLOOKUP($AA37,PLAN!$B:$AA,11,0),"") -> 12129253 | Q37: 0102933042 | R37: JF25908A8 | S37: =K37 -> 3 | U37: =IFERROR(VLOOKUP($AA37,PLAN!$B:$AA,21,0),"") -> N/A | V37: =IFERROR(VLOOKUP($AA37,PLAN!$B:$AA,22,0),"") -> TEST | AA37: QC-16 | AB37: Bio
C38: =AA38 -> QC-17 | D38: =IFERROR(VLOOKUP($AA38,PLAN!$B:$AA,3,0),"") -> 11134247 | E38: =IFERROR(VLOOKUP($AA38,PLAN!$B:$AA,4,0),"") -> 2141050-D-A | F38: =IFERROR(VLOOKUP($AA38,PLAN!$B:$AA,5,0),"") -> ASAHI Caravel 150cm | G38: =IFERROR(VLOOKUP($AA38,PLAN!$B:$AA,2,0),"") -> 2000126735 | H38: =IFERROR(VLOOKUP($AA38,PLAN!$B:$AA,7,0),"") -> 46234 | I38: =IFERROR(VLOOKUP($AA38,PLAN!$B:$AA,8,0),"") -> 0103539440 | J38: =IFERROR(VLOOKUP($AA38,PLAN!$B:$AA,9,0),"") -> 260707Y31B | K38: =IFERROR(VLOOKUP($AA38,PLAN!$B:$AA,10,0),"") -> 9 | L38: =IFERROR(VLOOKUP($AA38,PLAN!$B:$AA,15,0),"") -> TEST | M38: =IFERROR(VLOOKUP($AA38,PLAN!$B:$AA,18,0),"") -> 0 | N38: =IFERROR(VLOOKUP($AA38,PLAN!$B:$AA,19,0),"") -> 0 | O38: =IFERROR(VLOOKUP($AA38,PLAN!$B:$AA,12,0),"") -> 1842015-B-C | P38: =IFERROR(VLOOKUP($AA38,PLAN!$B:$AA,11,0),"") -> 12129253 | Q38: 0102933042 | R38: JF25908A8 | S38: =K38 -> 9 | U38: =IFERROR(VLOOKUP($AA38,PLAN!$B:$AA,21,0),"") -> 46230 | V38: =IFERROR(VLOOKUP($AA38,PLAN!$B:$AA,22,0),"") -> TEST | AA38: QC-17 | AB38: Bio
C39: =AA39 -> QC-18 | D39: =IFERROR(VLOOKUP($AA39,PLAN!$B:$AA,3,0),"") -> 11134247 | E39: =IFERROR(VLOOKUP($AA39,PLAN!$B:$AA,4,0),"") -> 2141050-D-A | F39: =IFERROR(VLOOKUP($AA39,PLAN!$B:$AA,5,0),"") -> ASAHI Caravel 150cm | G39: =IFERROR(VLOOKUP($AA39,PLAN!$B:$AA,2,0),"") -> 2000126736 | H39: =IFERROR(VLOOKUP($AA39,PLAN!$B:$AA,7,0),"") -> 46234 | I39: =IFERROR(VLOOKUP($AA39,PLAN!$B:$AA,8,0),"") -> 0103539441 | J39: =IFERROR(VLOOKUP($AA39,PLAN!$B:$AA,9,0),"") -> 260707Y31D | K39: =IFERROR(VLOOKUP($AA39,PLAN!$B:$AA,10,0),"") -> 9 | L39: =IFERROR(VLOOKUP($AA39,PLAN!$B:$AA,15,0),"") -> TEST | M39: =IFERROR(VLOOKUP($AA39,PLAN!$B:$AA,18,0),"") -> 0 | N39: =IFERROR(VLOOKUP($AA39,PLAN!$B:$AA,19,0),"") -> 0 | O39: =IFERROR(VLOOKUP($AA39,PLAN!$B:$AA,12,0),"") -> 1842015-B-C | P39: =IFERROR(VLOOKUP($AA39,PLAN!$B:$AA,11,0),"") -> 12129253 | Q39: 0102933042 | R39: JF25908A8 | S39: =K39 -> 9 | U39: =IFERROR(VLOOKUP($AA39,PLAN!$B:$AA,21,0),"") -> 46230 | V39: =IFERROR(VLOOKUP($AA39,PLAN!$B:$AA,22,0),"") -> TEST | AA39: QC-18 | AB39: Bio
C40: =AA40 -> QC-19 | D40: =IFERROR(VLOOKUP($AA40,PLAN!$B:$AA,3,0),"") -> 11134249 | E40: =IFERROR(VLOOKUP($AA40,PLAN!$B:$AA,4,0),"") -> 2041190-D-A | F40: =IFERROR(VLOOKUP($AA40,PLAN!$B:$AA,5,0),"") -> ASAHI Corsair Pro 150㎝ | G40: =IFERROR(VLOOKUP($AA40,PLAN!$B:$AA,2,0),"") -> 2000126737 | H40: =IFERROR(VLOOKUP($AA40,PLAN!$B:$AA,7,0),"") -> 46234 | I40: =IFERROR(VLOOKUP($AA40,PLAN!$B:$AA,8,0),"") -> 0103539442 | J40: =IFERROR(VLOOKUP($AA40,PLAN!$B:$AA,9,0),"") -> 260707Y32A | K40: =IFERROR(VLOOKUP($AA40,PLAN!$B:$AA,10,0),"") -> 3 | L40: =IFERROR(VLOOKUP($AA40,PLAN!$B:$AA,15,0),"") -> TEST | M40: =IFERROR(VLOOKUP($AA40,PLAN!$B:$AA,18,0),"") -> 0 | N40: =IFERROR(VLOOKUP($AA40,PLAN!$B:$AA,19,0),"") -> 0 | O40: =IFERROR(VLOOKUP($AA40,PLAN!$B:$AA,12,0),"") -> 2342020-A-C-CN | P40: =IFERROR(VLOOKUP($AA40,PLAN!$B:$AA,11,0),"") -> 12139932 | Q40: 0103476723 | R40: JF26606A3 | S40: =K40 -> 3 | U40: =IFERROR(VLOOKUP($AA40,PLAN!$B:$AA,21,0),"") -> N/A | V40: =IFERROR(VLOOKUP($AA40,PLAN!$B:$AA,22,0),"") -> TEST | AA40: QC-19 | AB40: Bio
C41: =AA41 -> QC-20 | D41: =IFERROR(VLOOKUP($AA41,PLAN!$B:$AA,3,0),"") -> 11134249 | E41: =IFERROR(VLOOKUP($AA41,PLAN!$B:$AA,4,0),"") -> 2041190-D-A | F41: =IFERROR(VLOOKUP($AA41,PLAN!$B:$AA,5,0),"") -> ASAHI Corsair Pro 150㎝ | G41: =IFERROR(VLOOKUP($AA41,PLAN!$B:$AA,2,0),"") -> 2000126738 | H41: =IFERROR(VLOOKUP($AA41,PLAN!$B:$AA,7,0),"") -> 46234 | I41: =IFERROR(VLOOKUP($AA41,PLAN!$B:$AA,8,0),"") -> 0103539443 | J41: =IFERROR(VLOOKUP($AA41,PLAN!$B:$AA,9,0),"") -> 260707Y32D | K41: =IFERROR(VLOOKUP($AA41,PLAN!$B:$AA,10,0),"") -> 9 | L41: =IFERROR(VLOOKUP($AA41,PLAN!$B:$AA,15,0),"") -> TEST | M41: =IFERROR(VLOOKUP($AA41,PLAN!$B:$AA,18,0),"") -> 0 | N41: =IFERROR(VLOOKUP($AA41,PLAN!$B:$AA,19,0),"") -> 0 | O41: =IFERROR(VLOOKUP($AA41,PLAN!$B:$AA,12,0),"") -> 2342020-A-C-CN | P41: =IFERROR(VLOOKUP($AA41,PLAN!$B:$AA,11,0),"") -> 12139932 | Q41: 0103476723 | R41: JF26606A3 | S41: =K41 -> 9 | U41: =IFERROR(VLOOKUP($AA41,PLAN!$B:$AA,21,0),"") -> 46230 | V41: =IFERROR(VLOOKUP($AA41,PLAN!$B:$AA,22,0),"") -> TEST | AA41: QC-20 | AB41: Bio
C42: =AA42 -> QC-21 | D42: =IFERROR(VLOOKUP($AA42,PLAN!$B:$AA,3,0),"") -> 11119663 | E42: =IFERROR(VLOOKUP($AA42,PLAN!$B:$AA,4,0),"") -> 1911329-D-A | F42: =IFERROR(VLOOKUP($AA42,PLAN!$B:$AA,5,0),"") -> HJ80AL102P10002 JP | G42: =IFERROR(VLOOKUP($AA42,PLAN!$B:$AA,2,0),"") -> 2000126739 | H42: =IFERROR(VLOOKUP($AA42,PLAN!$B:$AA,7,0),"") -> 46234 | I42: =IFERROR(VLOOKUP($AA42,PLAN!$B:$AA,8,0),"") -> 0103539445 | J42: =IFERROR(VLOOKUP($AA42,PLAN!$B:$AA,9,0),"") -> 260707Y33A | K42: =IFERROR(VLOOKUP($AA42,PLAN!$B:$AA,10,0),"") -> 3 | L42: =IFERROR(VLOOKUP($AA42,PLAN!$B:$AA,15,0),"") -> TEST | M42: =IFERROR(VLOOKUP($AA42,PLAN!$B:$AA,18,0),"") -> 0 | N42: =IFERROR(VLOOKUP($AA42,PLAN!$B:$AA,19,0),"") -> 0 | O42: =IFERROR(VLOOKUP($AA42,PLAN!$B:$AA,12,0),"") -> 2112331-0-C | P42: =IFERROR(VLOOKUP($AA42,PLAN!$B:$AA,11,0),"") -> 12116298 | Q42: 0103529903 | R42: HF26703B6 | S42: =K42 -> 3 | U42: =IFERROR(VLOOKUP($AA42,PLAN!$B:$AA,21,0),"") -> N/A | V42: =IFERROR(VLOOKUP($AA42,PLAN!$B:$AA,22,0),"") -> TEST | AA42: QC-21 | AB42: Bio
C43: =AA43 -> QC-22 | D43: =IFERROR(VLOOKUP($AA43,PLAN!$B:$AA,3,0),"") -> 11119663 | E43: =IFERROR(VLOOKUP($AA43,PLAN!$B:$AA,4,0),"") -> 1911329-D-A | F43: =IFERROR(VLOOKUP($AA43,PLAN!$B:$AA,5,0),"") -> HJ80AL102P10002 JP | G43: =IFERROR(VLOOKUP($AA43,PLAN!$B:$AA,2,0),"") -> 2000126740 | H43: =IFERROR(VLOOKUP($AA43,PLAN!$B:$AA,7,0),"") -> 46234 | I43: =IFERROR(VLOOKUP($AA43,PLAN!$B:$AA,8,0),"") -> 0103539446 | J43: =IFERROR(VLOOKUP($AA43,PLAN!$B:$AA,9,0),"") -> 260707Y33B | K43: =IFERROR(VLOOKUP($AA43,PLAN!$B:$AA,10,0),"") -> 6 | L43: =IFERROR(VLOOKUP($AA43,PLAN!$B:$AA,15,0),"") -> TEST | M43: =IFERROR(VLOOKUP($AA43,PLAN!$B:$AA,18,0),"") -> 0 | N43: =IFERROR(VLOOKUP($AA43,PLAN!$B:$AA,19,0),"") -> 0 | O43: =IFERROR(VLOOKUP($AA43,PLAN!$B:$AA,12,0),"") -> 2112331-0-C | P43: =IFERROR(VLOOKUP($AA43,PLAN!$B:$AA,11,0),"") -> 12116298 | Q43: 0103529903 | R43: HF26703B6 | S43: =K43 -> 6 | U43: =IFERROR(VLOOKUP($AA43,PLAN!$B:$AA,21,0),"") -> 46230 | V43: =IFERROR(VLOOKUP($AA43,PLAN!$B:$AA,22,0),"") -> TEST | AA43: QC-22 | AB43: Bio
C44: =AA44 -> QC-23 | D44: =IFERROR(VLOOKUP($AA44,PLAN!$B:$AA,3,0),"") -> 11134203 | E44: =IFERROR(VLOOKUP($AA44,PLAN!$B:$AA,4,0),"") -> 2211671-D-A | F44: =IFERROR(VLOOKUP($AA44,PLAN!$B:$AA,5,0),"") -> HW80AL102P10000 CN | G44: =IFERROR(VLOOKUP($AA44,PLAN!$B:$AA,2,0),"") -> 2000127121 | H44: =IFERROR(VLOOKUP($AA44,PLAN!$B:$AA,7,0),"") -> 46234 | I44: =IFERROR(VLOOKUP($AA44,PLAN!$B:$AA,8,0),"") -> 0103548965 | J44: =IFERROR(VLOOKUP($AA44,PLAN!$B:$AA,9,0),"") -> 260713Y01A | K44: =IFERROR(VLOOKUP($AA44,PLAN!$B:$AA,10,0),"") -> 3 | L44: =IFERROR(VLOOKUP($AA44,PLAN!$B:$AA,15,0),"") -> TEST | M44: =IFERROR(VLOOKUP($AA44,PLAN!$B:$AA,18,0),"") -> 0 | N44: =IFERROR(VLOOKUP($AA44,PLAN!$B:$AA,19,0),"") -> 0 | O44: =IFERROR(VLOOKUP($AA44,PLAN!$B:$AA,12,0),"") -> 2112244-0-C-CN | P44: =IFERROR(VLOOKUP($AA44,PLAN!$B:$AA,11,0),"") -> 12130255 | Q44: 0103549106 | R44: HF26713J2 | S44: =K44 -> 3 | U44: =IFERROR(VLOOKUP($AA44,PLAN!$B:$AA,21,0),"") -> N/A | V44: =IFERROR(VLOOKUP($AA44,PLAN!$B:$AA,22,0),"") -> TEST | AA44: QC-23 | AB44: Bio
C45: =AA45 -> QC-26 | D45: =IFERROR(VLOOKUP($AA45,PLAN!$B:$AA,3,0),"") -> 11134203 | E45: =IFERROR(VLOOKUP($AA45,PLAN!$B:$AA,4,0),"") -> 2211671-D-A | F45: =IFERROR(VLOOKUP($AA45,PLAN!$B:$AA,5,0),"") -> HW80AL102P10000 CN | G45: =IFERROR(VLOOKUP($AA45,PLAN!$B:$AA,2,0),"") -> 2000127122 | H45: =IFERROR(VLOOKUP($AA45,PLAN!$B:$AA,7,0),"") -> 46234 | I45: =IFERROR(VLOOKUP($AA45,PLAN!$B:$AA,8,0),"") -> 0103548970 | J45: =IFERROR(VLOOKUP($AA45,PLAN!$B:$AA,9,0),"") -> 260713Y01D | K45: =IFERROR(VLOOKUP($AA45,PLAN!$B:$AA,10,0),"") -> 9 | L45: =IFERROR(VLOOKUP($AA45,PLAN!$B:$AA,15,0),"") -> TEST | M45: =IFERROR(VLOOKUP($AA45,PLAN!$B:$AA,18,0),"") -> 0 | N45: =IFERROR(VLOOKUP($AA45,PLAN!$B:$AA,19,0),"") -> 0 | O45: =IFERROR(VLOOKUP($AA45,PLAN!$B:$AA,12,0),"") -> 2112244-0-C-CN | P45: =IFERROR(VLOOKUP($AA45,PLAN!$B:$AA,11,0),"") -> 12130255 | Q45: 0103549106 | R45: HF26713J2 | S45: =K45 -> 9 | U45: =IFERROR(VLOOKUP($AA45,PLAN!$B:$AA,21,0),"") -> 46230 | V45: =IFERROR(VLOOKUP($AA45,PLAN!$B:$AA,22,0),"") -> TEST | AA45: QC-26 | AB45: Bio
C46: =AA46 -> QC-24 | D46: =IFERROR(VLOOKUP($AA46,PLAN!$B:$AA,3,0),"") -> 12129248 | E46: =IFERROR(VLOOKUP($AA46,PLAN!$B:$AA,4,0),"") -> PR2145021-0-A | F46: =IFERROR(VLOOKUP($AA46,PLAN!$B:$AA,5,0),"") -> Accessories for Masters Parkway HF | G46: =IFERROR(VLOOKUP($AA46,PLAN!$B:$AA,2,0),"") -> 2000126742 | H46: =IFERROR(VLOOKUP($AA46,PLAN!$B:$AA,7,0),"") -> 46234 | I46: =IFERROR(VLOOKUP($AA46,PLAN!$B:$AA,8,0),"") -> 0103539448 | J46: =IFERROR(VLOOKUP($AA46,PLAN!$B:$AA,9,0),"") -> 260707Y34A | K46: =IFERROR(VLOOKUP($AA46,PLAN!$B:$AA,10,0),"") -> 3 | L46: =IFERROR(VLOOKUP($AA46,PLAN!$B:$AA,15,0),"") -> TEST | M46: =IFERROR(VLOOKUP($AA46,PLAN!$B:$AA,18,0),"") -> 0 | N46: =IFERROR(VLOOKUP($AA46,PLAN!$B:$AA,19,0),"") -> 0 | O46: =IFERROR(VLOOKUP($AA46,PLAN!$B:$AA,12,0),"") -> PR19SR002-0-D | P46: =IFERROR(VLOOKUP($AA46,PLAN!$B:$AA,11,0),"") -> 12003986 | Q46: 0103457716 | R46: JP26528E6 | S46: =K46 -> 3 | U46: =IFERROR(VLOOKUP($AA46,PLAN!$B:$AA,21,0),"") -> N/A | V46: =IFERROR(VLOOKUP($AA46,PLAN!$B:$AA,22,0),"") -> TEST | AA46: QC-24 | AB46: Bio
C47: =AA47 -> QC-25 | D47: =IFERROR(VLOOKUP($AA47,PLAN!$B:$AA,3,0),"") -> 12129248 | E47: =IFERROR(VLOOKUP($AA47,PLAN!$B:$AA,4,0),"") -> PR2145021-0-A | F47: =IFERROR(VLOOKUP($AA47,PLAN!$B:$AA,5,0),"") -> Accessories for Masters Parkway HF | G47: =IFERROR(VLOOKUP($AA47,PLAN!$B:$AA,2,0),"") -> 2000126743 | H47: =IFERROR(VLOOKUP($AA47,PLAN!$B:$AA,7,0),"") -> 46234 | I47: =IFERROR(VLOOKUP($AA47,PLAN!$B:$AA,8,0),"") -> 0103539449 | J47: =IFERROR(VLOOKUP($AA47,PLAN!$B:$AA,9,0),"") -> 260707Y34D | K47: =IFERROR(VLOOKUP($AA47,PLAN!$B:$AA,10,0),"") -> 9 | L47: =IFERROR(VLOOKUP($AA47,PLAN!$B:$AA,15,0),"") -> TEST | M47: =IFERROR(VLOOKUP($AA47,PLAN!$B:$AA,18,0),"") -> 0 | N47: =IFERROR(VLOOKUP($AA47,PLAN!$B:$AA,19,0),"") -> 0 | O47: =IFERROR(VLOOKUP($AA47,PLAN!$B:$AA,12,0),"") -> PR19SR002-0-D | P47: =IFERROR(VLOOKUP($AA47,PLAN!$B:$AA,11,0),"") -> 12003986 | Q47: 0103457716 | R47: JP26528E6 | S47: =K47 -> 9 | U47: =IFERROR(VLOOKUP($AA47,PLAN!$B:$AA,21,0),"") -> 46230 | V47: =IFERROR(VLOOKUP($AA47,PLAN!$B:$AA,22,0),"") -> TEST | AA47: QC-25 | AB47: Bio
C48: =AA48 -> Jul30-04 | D48: =IFERROR(VLOOKUP($AA48,PLAN!$B:$AA,3,0),"") -> 11134152 | E48: =IFERROR(VLOOKUP($AA48,PLAN!$B:$AA,4,0),"") -> 1811913-L-A | F48: =IFERROR(VLOOKUP($AA48,PLAN!$B:$AA,5,0),"") -> HW60SP400P10000 CN | G48: =IFERROR(VLOOKUP($AA48,PLAN!$B:$AA,2,0),"") -> 1001913378 | H48: =IFERROR(VLOOKUP($AA48,PLAN!$B:$AA,7,0),"") -> 46233 | I48: =IFERROR(VLOOKUP($AA48,PLAN!$B:$AA,8,0),"") -> 0103547088 | J48: =IFERROR(VLOOKUP($AA48,PLAN!$B:$AA,9,0),"") -> 260713C01A | K48: =IFERROR(VLOOKUP($AA48,PLAN!$B:$AA,10,0),"") -> 3 | L48: =IFERROR(VLOOKUP($AA48,PLAN!$B:$AA,15,0),"") -> CHINA | M48: =IFERROR(VLOOKUP($AA48,PLAN!$B:$AA,18,0),"") -> 0 | N48: =IFERROR(VLOOKUP($AA48,PLAN!$B:$AA,19,0),"") -> 0 | O48: =IFERROR(VLOOKUP($AA48,PLAN!$B:$AA,12,0),"") -> 2112103-0-C-CN | P48: =IFERROR(VLOOKUP($AA48,PLAN!$B:$AA,11,0),"") -> 12130016 | Q48: 0103529927 | R48: HF26703E3 | S48: =K48 -> 3 | U48: =IFERROR(VLOOKUP($AA48,PLAN!$B:$AA,21,0),"") -> 46220 | V48: =IFERROR(VLOOKUP($AA48,PLAN!$B:$AA,22,0),"") -> M9 | AA48: Jul30-04 | AB48: =VLOOKUP(AA48,PLAN!B:V,20,0) -> 46220
C49: =AA49 -> Jul30-05 | D49: =IFERROR(VLOOKUP($AA49,PLAN!$B:$AA,3,0),"") -> 11134149 | E49: =IFERROR(VLOOKUP($AA49,PLAN!$B:$AA,4,0),"") -> 1811910-L-A | F49: =IFERROR(VLOOKUP($AA49,PLAN!$B:$AA,5,0),"") -> HW60SP352P10000 CN | G49: =IFERROR(VLOOKUP($AA49,PLAN!$B:$AA,2,0),"") -> 1001913379 | H49: =IFERROR(VLOOKUP($AA49,PLAN!$B:$AA,7,0),"") -> 46233 | I49: =IFERROR(VLOOKUP($AA49,PLAN!$B:$AA,8,0),"") -> 0103547089 | J49: =IFERROR(VLOOKUP($AA49,PLAN!$B:$AA,9,0),"") -> 260713C02A | K49: =IFERROR(VLOOKUP($AA49,PLAN!$B:$AA,10,0),"") -> 10 | L49: =IFERROR(VLOOKUP($AA49,PLAN!$B:$AA,15,0),"") -> CHINA | M49: =IFERROR(VLOOKUP($AA49,PLAN!$B:$AA,18,0),"") -> 0 | N49: =IFERROR(VLOOKUP($AA49,PLAN!$B:$AA,19,0),"") -> 0 | O49: =IFERROR(VLOOKUP($AA49,PLAN!$B:$AA,12,0),"") -> 2112100-0-C-CN | P49: =IFERROR(VLOOKUP($AA49,PLAN!$B:$AA,11,0),"") -> 12129996 | Q49: 0103529901 | R49: HF26703B4 | S49: =K49 -> 10 | U49: =IFERROR(VLOOKUP($AA49,PLAN!$B:$AA,21,0),"") -> 46220 | V49: =IFERROR(VLOOKUP($AA49,PLAN!$B:$AA,22,0),"") -> M9 | AA49: Jul30-05 | AB49: =VLOOKUP(AA49,PLAN!B:V,20,0) -> 46220
C50: =AA50 -> Jul30-06 | D50: =IFERROR(VLOOKUP($AA50,PLAN!$B:$AA,3,0),"") -> 11134146 | E50: =IFERROR(VLOOKUP($AA50,PLAN!$B:$AA,4,0),"") -> 1811907-L-A | F50: =IFERROR(VLOOKUP($AA50,PLAN!$B:$AA,5,0),"") -> HW60SP300P10000 CN | G50: =IFERROR(VLOOKUP($AA50,PLAN!$B:$AA,2,0),"") -> 1001913380 | H50: =IFERROR(VLOOKUP($AA50,PLAN!$B:$AA,7,0),"") -> 46233 | I50: =IFERROR(VLOOKUP($AA50,PLAN!$B:$AA,8,0),"") -> 0103547090 | J50: =IFERROR(VLOOKUP($AA50,PLAN!$B:$AA,9,0),"") -> 260713C03A | K50: =IFERROR(VLOOKUP($AA50,PLAN!$B:$AA,10,0),"") -> 21 | L50: =IFERROR(VLOOKUP($AA50,PLAN!$B:$AA,15,0),"") -> CHINA | M50: =IFERROR(VLOOKUP($AA50,PLAN!$B:$AA,18,0),"") -> 3 | N50: =IFERROR(VLOOKUP($AA50,PLAN!$B:$AA,19,0),"") -> 3 | O50: =IFERROR(VLOOKUP($AA50,PLAN!$B:$AA,12,0),"") -> 2112095-0-C-CN | P50: =IFERROR(VLOOKUP($AA50,PLAN!$B:$AA,11,0),"") -> 12129994 | Q50: 0103371503 | R50: HF26420G2 | S50: =K50 -> 21 | U50: =IFERROR(VLOOKUP($AA50,PLAN!$B:$AA,21,0),"") -> 46220 | V50: =IFERROR(VLOOKUP($AA50,PLAN!$B:$AA,22,0),"") -> M9 | AA50: Jul30-06 | AB50: =VLOOKUP(AA50,PLAN!B:V,20,0) -> 46220
C51: =AA51 -> Jul30-07 | D51: =IFERROR(VLOOKUP($AA51,PLAN!$B:$AA,3,0),"") -> 11134150 | E51: =IFERROR(VLOOKUP($AA51,PLAN!$B:$AA,4,0),"") -> 1811911-L-A | F51: =IFERROR(VLOOKUP($AA51,PLAN!$B:$AA,5,0),"") -> HW60SP370P10000 CN | G51: =IFERROR(VLOOKUP($AA51,PLAN!$B:$AA,2,0),"") -> 1001913381 | H51: =IFERROR(VLOOKUP($AA51,PLAN!$B:$AA,7,0),"") -> 46233 | I51: =IFERROR(VLOOKUP($AA51,PLAN!$B:$AA,8,0),"") -> 0103547091 | J51: =IFERROR(VLOOKUP($AA51,PLAN!$B:$AA,9,0),"") -> 260713C04A | K51: =IFERROR(VLOOKUP($AA51,PLAN!$B:$AA,10,0),"") -> 290 | L51: =IFERROR(VLOOKUP($AA51,PLAN!$B:$AA,15,0),"") -> CHINA | M51: =IFERROR(VLOOKUP($AA51,PLAN!$B:$AA,18,0),"") -> 0 | N51: =IFERROR(VLOOKUP($AA51,PLAN!$B:$AA,19,0),"") -> 0 | O51: =IFERROR(VLOOKUP($AA51,PLAN!$B:$AA,12,0),"") -> 2112101-0-C-CN | P51: =IFERROR(VLOOKUP($AA51,PLAN!$B:$AA,11,0),"") -> 12129997 | Q51: 0103499955 | R51: HF26617H1 | S51: 150 | U51: =IFERROR(VLOOKUP($AA51,PLAN!$B:$AA,21,0),"") -> 46220 | V51: =IFERROR(VLOOKUP($AA51,PLAN!$B:$AA,22,0),"") -> M9 | AA51: Jul30-07 | AB51: =VLOOKUP(AA51,PLAN!B:V,20,0) -> 46220
Q52: 0103512381 | R52: HF26623B3 | S52: 140 | AB52: 46220
C53: =AA53 -> Jul30-08 | D53: =IFERROR(VLOOKUP($AA53,PLAN!$B:$AA,3,0),"") -> 11134148 | E53: =IFERROR(VLOOKUP($AA53,PLAN!$B:$AA,4,0),"") -> 1811909-L-A | F53: =IFERROR(VLOOKUP($AA53,PLAN!$B:$AA,5,0),"") -> HW60SP350P10000 CN | G53: =IFERROR(VLOOKUP($AA53,PLAN!$B:$AA,2,0),"") -> 1001913382 | H53: =IFERROR(VLOOKUP($AA53,PLAN!$B:$AA,7,0),"") -> 46233 | I53: =IFERROR(VLOOKUP($AA53,PLAN!$B:$AA,8,0),"") -> 0103547092 | J53: =IFERROR(VLOOKUP($AA53,PLAN!$B:$AA,9,0),"") -> 260713C05A | K53: =IFERROR(VLOOKUP($AA53,PLAN!$B:$AA,10,0),"") -> 400 | L53: =IFERROR(VLOOKUP($AA53,PLAN!$B:$AA,15,0),"") -> CHINA | M53: =IFERROR(VLOOKUP($AA53,PLAN!$B:$AA,18,0),"") -> 0 | N53: =IFERROR(VLOOKUP($AA53,PLAN!$B:$AA,19,0),"") -> 0 | O53: =IFERROR(VLOOKUP($AA53,PLAN!$B:$AA,12,0),"") -> 2112099-0-C-CN | P53: =IFERROR(VLOOKUP($AA53,PLAN!$B:$AA,11,0),"") -> 12129995 | Q53: 0103432260 | R53: HF26519E3 | S53: 85 | U53: =IFERROR(VLOOKUP($AA53,PLAN!$B:$AA,21,0),"") -> 46220 | V53: =IFERROR(VLOOKUP($AA53,PLAN!$B:$AA,22,0),"") -> M9 | AA53: Jul30-08 | AB53: =VLOOKUP(AA53,PLAN!B:V,20,0) -> 46220
Q54: 0103432261 | R54: HF26519E4 | S54: 150 | AB54: 46220
Q55: 0103443304 | R55: HF26522A1 | S55: 150 | AB55: 46220
Q56: 0103443305 | R56: HF26522A2 | S56: =K53-S53-S54-S55 -> 15 | AB56: 46220
C57: =AA57 -> Jul30-09 | D57: =IFERROR(VLOOKUP($AA57,PLAN!$B:$AA,3,0),"") -> 11134129 | E57: =IFERROR(VLOOKUP($AA57,PLAN!$B:$AA,4,0),"") -> 1811861-J-A | F57: =IFERROR(VLOOKUP($AA57,PLAN!$B:$AA,5,0),"") -> HW60AL070P10000 CN | G57: =IFERROR(VLOOKUP($AA57,PLAN!$B:$AA,2,0),"") -> 1001913383 | H57: =IFERROR(VLOOKUP($AA57,PLAN!$B:$AA,7,0),"") -> 46233 | I57: =IFERROR(VLOOKUP($AA57,PLAN!$B:$AA,8,0),"") -> 0103547093 | J57: =IFERROR(VLOOKUP($AA57,PLAN!$B:$AA,9,0),"") -> 260713C06A | K57: =IFERROR(VLOOKUP($AA57,PLAN!$B:$AA,10,0),"") -> 40 | L57: =IFERROR(VLOOKUP($AA57,PLAN!$B:$AA,15,0),"") -> CHINA | M57: =IFERROR(VLOOKUP($AA57,PLAN!$B:$AA,18,0),"") -> 0 | N57: =IFERROR(VLOOKUP($AA57,PLAN!$B:$AA,19,0),"") -> 0 | O57: =IFERROR(VLOOKUP($AA57,PLAN!$B:$AA,12,0),"") -> 2112003-0-C-CN | P57: =IFERROR(VLOOKUP($AA57,PLAN!$B:$AA,11,0),"") -> 12129985 | Q57: 0103466067 | R57: HF26602H1 | S57: =K57 -> 40 | U57: =IFERROR(VLOOKUP($AA57,PLAN!$B:$AA,21,0),"") -> 46220 | V57: =IFERROR(VLOOKUP($AA57,PLAN!$B:$AA,22,0),"") -> M10 | AA57: Jul30-09 | AB57: =VLOOKUP(AA57,PLAN!B:V,20,0) -> 46220
C58: =AA58 -> Jul30-10 | D58: =IFERROR(VLOOKUP($AA58,PLAN!$B:$AA,3,0),"") -> 11134131 | E58: =IFERROR(VLOOKUP($AA58,PLAN!$B:$AA,4,0),"") -> 1811863-J-A | F58: =IFERROR(VLOOKUP($AA58,PLAN!$B:$AA,5,0),"") -> HW60AL100P10000 CN | G58: =IFERROR(VLOOKUP($AA58,PLAN!$B:$AA,2,0),"") -> 1001913384 | H58: =IFERROR(VLOOKUP($AA58,PLAN!$B:$AA,7,0),"") -> 46233 | I58: =IFERROR(VLOOKUP($AA58,PLAN!$B:$AA,8,0),"") -> 0103547094 | J58: =IFERROR(VLOOKUP($AA58,PLAN!$B:$AA,9,0),"") -> 260713C07A | K58: =IFERROR(VLOOKUP($AA58,PLAN!$B:$AA,10,0),"") -> 96 | L58: =IFERROR(VLOOKUP($AA58,PLAN!$B:$AA,15,0),"") -> CHINA | M58: =IFERROR(VLOOKUP($AA58,PLAN!$B:$AA,18,0),"") -> 0 | N58: =IFERROR(VLOOKUP($AA58,PLAN!$B:$AA,19,0),"") -> 0 | O58: =IFERROR(VLOOKUP($AA58,PLAN!$B:$AA,12,0),"") -> 2112007-0-C-CN | P58: =IFERROR(VLOOKUP($AA58,PLAN!$B:$AA,11,0),"") -> 12129987 | Q58: 0103466068 | R58: HF26602H2 | S58: 35 | U58: =IFERROR(VLOOKUP($AA58,PLAN!$B:$AA,21,0),"") -> 46220 | V58: =IFERROR(VLOOKUP($AA58,PLAN!$B:$AA,22,0),"") -> M10 | AA58: Jul30-10 | AB58: =VLOOKUP(AA58,PLAN!B:V,20,0) -> 46220
Q59: 0103529920 | R59: HF26703D5 | S59: 61 | AB59: 46220
C60: =AA60 -> Jul30-11 | D60: =IFERROR(VLOOKUP($AA60,PLAN!$B:$AA,3,0),"") -> 11134120 | E60: =IFERROR(VLOOKUP($AA60,PLAN!$B:$AA,4,0),"") -> 1811831-J-A | F60: =IFERROR(VLOOKUP($AA60,PLAN!$B:$AA,5,0),"") -> HW60JL400P10000 CN | G60: =IFERROR(VLOOKUP($AA60,PLAN!$B:$AA,2,0),"") -> 1001913385 | H60: =IFERROR(VLOOKUP($AA60,PLAN!$B:$AA,7,0),"") -> 46233 | I60: =IFERROR(VLOOKUP($AA60,PLAN!$B:$AA,8,0),"") -> 0103547095 | J60: =IFERROR(VLOOKUP($AA60,PLAN!$B:$AA,9,0),"") -> 260713C08A | K60: =IFERROR(VLOOKUP($AA60,PLAN!$B:$AA,10,0),"") -> 380 | L60: =IFERROR(VLOOKUP($AA60,PLAN!$B:$AA,15,0),"") -> CHINA | M60: =IFERROR(VLOOKUP($AA60,PLAN!$B:$AA,18,0),"") -> 0 | N60: =IFERROR(VLOOKUP($AA60,PLAN!$B:$AA,19,0),"") -> 0 | O60: =IFERROR(VLOOKUP($AA60,PLAN!$B:$AA,12,0),"") -> 2112045-0-C-CN | P60: =IFERROR(VLOOKUP($AA60,PLAN!$B:$AA,11,0),"") -> 12129990 | Q60: 0103458440 | R60: HF26529D4 | S60: 5 | U60: =IFERROR(VLOOKUP($AA60,PLAN!$B:$AA,21,0),"") -> 46220 | V60: =IFERROR(VLOOKUP($AA60,PLAN!$B:$AA,22,0),"") -> M10 | AA60: Jul30-11 | AB60: =VLOOKUP(AA60,PLAN!B:V,20,0) -> 46220
Q61: 0103458477 | R61: HF26529H2 | S61: 102 | AB61: 46220
Q62: 0103466069 | R62: HF26602H3 | S62: 150 | AB62: 46220
Q63: 0103475069 | R63: HF26605C4 | S63: =K60-S60-S61-S62 -> 123 | AB63: 46220
C64: =AA64 -> Jul30-12 | D64: =IFERROR(VLOOKUP($AA64,PLAN!$B:$AA,3,0),"") -> 11134117 | E64: =IFERROR(VLOOKUP($AA64,PLAN!$B:$AA,4,0),"") -> 1811827-J-A | F64: =IFERROR(VLOOKUP($AA64,PLAN!$B:$AA,5,0),"") -> HW60JL350P10000 CN | G64: =IFERROR(VLOOKUP($AA64,PLAN!$B:$AA,2,0),"") -> 1001913386 | H64: =IFERROR(VLOOKUP($AA64,PLAN!$B:$AA,7,0),"") -> 46233 | I64: =IFERROR(VLOOKUP($AA64,PLAN!$B:$AA,8,0),"") -> 0103547096 | J64: =IFERROR(VLOOKUP($AA64,PLAN!$B:$AA,9,0),"") -> 260713C09A | K64: =IFERROR(VLOOKUP($AA64,PLAN!$B:$AA,10,0),"") -> 324 | L64: =IFERROR(VLOOKUP($AA64,PLAN!$B:$AA,15,0),"") -> CHINA | M64: =IFERROR(VLOOKUP($AA64,PLAN!$B:$AA,18,0),"") -> 0 | N64: =IFERROR(VLOOKUP($AA64,PLAN!$B:$AA,19,0),"") -> 0 | O64: =IFERROR(VLOOKUP($AA64,PLAN!$B:$AA,12,0),"") -> 2112041-0-C-CN | P64: =IFERROR(VLOOKUP($AA64,PLAN!$B:$AA,11,0),"") -> 12129989 | Q64: 0103443359 | R64: HF26522F8 | S64: 97 | U64: =IFERROR(VLOOKUP($AA64,PLAN!$B:$AA,21,0),"") -> 46220 | V64: =IFERROR(VLOOKUP($AA64,PLAN!$B:$AA,22,0),"") -> M10 | AA64: Jul30-12 | AB64: =VLOOKUP(AA64,PLAN!B:V,20,0) -> 46220
Q65: 0103458434 | R65: HF26529C7 | S65: 110 | AB65: 46220
Q66: 0103458435 | R66: HF26529C8 | S66: 100 | AB66: 46220
Q67: 0103458471 | R67: HF26529G6 | S67: =K64-S64-S65-S66 -> 17 | AB67: 46220
C68: =AA68 -> Jul31-01 | D68: =IFERROR(VLOOKUP($AA68,PLAN!$B:$AA,3,0),"") -> 11134148 | E68: =IFERROR(VLOOKUP($AA68,PLAN!$B:$AA,4,0),"") -> 1811909-L-A | F68: =IFERROR(VLOOKUP($AA68,PLAN!$B:$AA,5,0),"") -> HW60SP350P10000 CN | G68: =IFERROR(VLOOKUP($AA68,PLAN!$B:$AA,2,0),"") -> 1001913433 | H68: =IFERROR(VLOOKUP($AA68,PLAN!$B:$AA,7,0),"") -> 46234 | I68: =IFERROR(VLOOKUP($AA68,PLAN!$B:$AA,8,0),"") -> 0103547143 | J68: =IFERROR(VLOOKUP($AA68,PLAN!$B:$AA,9,0),"") -> 260713C56A | K68: =IFERROR(VLOOKUP($AA68,PLAN!$B:$AA,10,0),"") -> 486 | L68: =IFERROR(VLOOKUP($AA68,PLAN!$B:$AA,15,0),"") -> CHINA | M68: =IFERROR(VLOOKUP($AA68,PLAN!$B:$AA,18,0),"") -> 3 | N68: =IFERROR(VLOOKUP($AA68,PLAN!$B:$AA,19,0),"") -> 3 | O68: =IFERROR(VLOOKUP($AA68,PLAN!$B:$AA,12,0),"") -> 2112099-0-C-CN | P68: =IFERROR(VLOOKUP($AA68,PLAN!$B:$AA,11,0),"") -> 12129995 | Q68: 0103443305 | R68: HF26522A2 | S68: 135 | U68: =IFERROR(VLOOKUP($AA68,PLAN!$B:$AA,21,0),"") -> 46221 | V68: =IFERROR(VLOOKUP($AA68,PLAN!$B:$AA,22,0),"") -> M10 | AA68: Jul31-01 | AB68: =VLOOKUP(AA68,PLAN!B:V,20,0) -> 46221
C69: =AA69 -> 0 | D69: =IFERROR(VLOOKUP($AA69,PLAN!$B:$AA,3,0),"") | E69: =IFERROR(VLOOKUP($AA69,PLAN!$B:$AA,4,0),"") | F69: =IFERROR(VLOOKUP($AA69,PLAN!$B:$AA,5,0),"") | G69: =IFERROR(VLOOKUP($AA69,PLAN!$B:$AA,2,0),"") | H69: =IFERROR(VLOOKUP($AA69,PLAN!$B:$AA,7,0),"") | I69: =IFERROR(VLOOKUP($AA69,PLAN!$B:$AA,8,0),"") | J69: =IFERROR(VLOOKUP($AA69,PLAN!$B:$AA,9,0),"") | K69: =IFERROR(VLOOKUP($AA69,PLAN!$B:$AA,10,0),"") | L69: =IFERROR(VLOOKUP($AA69,PLAN!$B:$AA,15,0),"") | M69: =IFERROR(VLOOKUP($AA69,PLAN!$B:$AA,18,0),"") | N69: =IFERROR(VLOOKUP($AA69,PLAN!$B:$AA,19,0),"") | O69: =IFERROR(VLOOKUP($AA69,PLAN!$B:$AA,12,0),"") | P69: =IFERROR(VLOOKUP($AA69,PLAN!$B:$AA,11,0),"") | Q69: 0103443306 | R69: HF26522A3 | S69: 150 | U69: =IFERROR(VLOOKUP($AA69,PLAN!$B:$AA,21,0),"") | V69: =IFERROR(VLOOKUP($AA69,PLAN!$B:$AA,22,0),"") | AB69: 46221
C70: =AA70 -> 0 | D70: =IFERROR(VLOOKUP($AA70,PLAN!$B:$AA,3,0),"") | E70: =IFERROR(VLOOKUP($AA70,PLAN!$B:$AA,4,0),"") | F70: =IFERROR(VLOOKUP($AA70,PLAN!$B:$AA,5,0),"") | G70: =IFERROR(VLOOKUP($AA70,PLAN!$B:$AA,2,0),"") | H70: =IFERROR(VLOOKUP($AA70,PLAN!$B:$AA,7,0),"") | I70: =IFERROR(VLOOKUP($AA70,PLAN!$B:$AA,8,0),"") | J70: =IFERROR(VLOOKUP($AA70,PLAN!$B:$AA,9,0),"") | K70: =IFERROR(VLOOKUP($AA70,PLAN!$B:$AA,10,0),"") | L70: =IFERROR(VLOOKUP($AA70,PLAN!$B:$AA,15,0),"") | M70: =IFERROR(VLOOKUP($AA70,PLAN!$B:$AA,18,0),"") | N70: =IFERROR(VLOOKUP($AA70,PLAN!$B:$AA,19,0),"") | O70: =IFERROR(VLOOKUP($AA70,PLAN!$B:$AA,12,0),"") | P70: =IFERROR(VLOOKUP($AA70,PLAN!$B:$AA,11,0),"") | Q70: 0103443307 | R70: HF26522A4 | S70: 150 | U70: =IFERROR(VLOOKUP($AA70,PLAN!$B:$AA,21,0),"") | V70: =IFERROR(VLOOKUP($AA70,PLAN!$B:$AA,22,0),"") | AB70: 46221
C71: =AA71 -> 0 | D71: =IFERROR(VLOOKUP($AA71,PLAN!$B:$AA,3,0),"") | E71: =IFERROR(VLOOKUP($AA71,PLAN!$B:$AA,4,0),"") | F71: =IFERROR(VLOOKUP($AA71,PLAN!$B:$AA,5,0),"") | G71: =IFERROR(VLOOKUP($AA71,PLAN!$B:$AA,2,0),"") | H71: =IFERROR(VLOOKUP($AA71,PLAN!$B:$AA,7,0),"") | I71: =IFERROR(VLOOKUP($AA71,PLAN!$B:$AA,8,0),"") | J71: =IFERROR(VLOOKUP($AA71,PLAN!$B:$AA,9,0),"") | K71: =IFERROR(VLOOKUP($AA71,PLAN!$B:$AA,10,0),"") | L71: =IFERROR(VLOOKUP($AA71,PLAN!$B:$AA,15,0),"") | M71: =IFERROR(VLOOKUP($AA71,PLAN!$B:$AA,18,0),"") | N71: =IFERROR(VLOOKUP($AA71,PLAN!$B:$AA,19,0),"") | O71: =IFERROR(VLOOKUP($AA71,PLAN!$B:$AA,12,0),"") | P71: =IFERROR(VLOOKUP($AA71,PLAN!$B:$AA,11,0),"") | Q71: 0103443321 | R71: HF26522B8 | S71: =K68-S68-S69-S70 -> 51 | U71: =IFERROR(VLOOKUP($AA71,PLAN!$B:$AA,21,0),"") | V71: =IFERROR(VLOOKUP($AA71,PLAN!$B:$AA,22,0),"") | AB71: 46221
C72: =AA72 -> Jul31-02 | D72: =IFERROR(VLOOKUP($AA72,PLAN!$B:$AA,3,0),"") -> 11134148 | E72: =IFERROR(VLOOKUP($AA72,PLAN!$B:$AA,4,0),"") -> 1811909-L-A | F72: =IFERROR(VLOOKUP($AA72,PLAN!$B:$AA,5,0),"") -> HW60SP350P10000 CN | G72: =IFERROR(VLOOKUP($AA72,PLAN!$B:$AA,2,0),"") -> 1001914294 | H72: =IFERROR(VLOOKUP($AA72,PLAN!$B:$AA,7,0),"") -> 46234 | I72: =IFERROR(VLOOKUP($AA72,PLAN!$B:$AA,8,0),"") -> 0103548549 | J72: =IFERROR(VLOOKUP($AA72,PLAN!$B:$AA,9,0),"") -> 260616C17B | K72: =IFERROR(VLOOKUP($AA72,PLAN!$B:$AA,10,0),"") -> 1 | L72: =IFERROR(VLOOKUP($AA72,PLAN!$B:$AA,15,0),"") -> CHINA | M72: =IFERROR(VLOOKUP($AA72,PLAN!$B:$AA,18,0),"") -> 0 | N72: =IFERROR(VLOOKUP($AA72,PLAN!$B:$AA,19,0),"") -> 0 | O72: =IFERROR(VLOOKUP($AA72,PLAN!$B:$AA,12,0),"") -> 2112099-0-C-CN | P72: =IFERROR(VLOOKUP($AA72,PLAN!$B:$AA,11,0),"") -> 12129995 | Q72: 0103432219 | R72: HF26519A3 | S72: =K72 -> 1 | U72: =IFERROR(VLOOKUP($AA72,PLAN!$B:$AA,21,0),"") -> 46221 | V72: =IFERROR(VLOOKUP($AA72,PLAN!$B:$AA,22,0),"") -> M10 | AA72: Jul31-02 | AB72: =VLOOKUP(AA72,PLAN!B:V,20,0) -> 46221
C73: =AA73 -> Aug03-01 | D73: =IFERROR(VLOOKUP($AA73,PLAN!$B:$AA,3,0),"") -> 11134146 | E73: =IFERROR(VLOOKUP($AA73,PLAN!$B:$AA,4,0),"") -> 1811907-L-A | F73: =IFERROR(VLOOKUP($AA73,PLAN!$B:$AA,5,0),"") -> HW60SP300P10000 CN | G73: =IFERROR(VLOOKUP($AA73,PLAN!$B:$AA,2,0),"") -> 1001916295 | H73: =IFERROR(VLOOKUP($AA73,PLAN!$B:$AA,7,0),"") -> 46237 | I73: =IFERROR(VLOOKUP($AA73,PLAN!$B:$AA,8,0),"") -> 0103552270 | J73: =IFERROR(VLOOKUP($AA73,PLAN!$B:$AA,9,0),"") -> 260715C44A | K73: =IFERROR(VLOOKUP($AA73,PLAN!$B:$AA,10,0),"") -> 720 | L73: =IFERROR(VLOOKUP($AA73,PLAN!$B:$AA,15,0),"") -> CHINA | M73: =IFERROR(VLOOKUP($AA73,PLAN!$B:$AA,18,0),"") -> 0 | N73: =IFERROR(VLOOKUP($AA73,PLAN!$B:$AA,19,0),"") -> 0 | O73: =IFERROR(VLOOKUP($AA73,PLAN!$B:$AA,12,0),"") -> 2112095-0-C-CN | P73: =IFERROR(VLOOKUP($AA73,PLAN!$B:$AA,11,0),"") -> 12129994 | Q73: 0103371503 | R73: HF26420G2 | S73: 36 | U73: =IFERROR(VLOOKUP($AA73,PLAN!$B:$AA,21,0),"") -> 46223 | V73: =IFERROR(VLOOKUP($AA73,PLAN!$B:$AA,22,0),"") -> M10 | AA73: Aug03-01 | AB73: =VLOOKUP(AA73,PLAN!B:V,20,0) -> 46223
Q74: 0103370001 | R74: HF26418F7 | S74: 110 | AB74: 46223
Q75: 0103381962 | R75: HF26424B2 | S75: 58 | AB75: 46223
Q76: 0103381964 | R76: HF26424B3 | S76: 120 | AB76: 46223
Q77: 0103382006 | R77: HF26424E5 | S77: 150 | AB77: 46223
Q78: 0103382018 | R78: HF26424F8 | S78: 120 | AB78: 46223
Q79: 0103415912 | R79: HF26511C6 | S79: =K73-S73-S74-S75-S76-S77-S78 -> 126 | AB79: 46223
C80: =AA80 -> Aug04-03 | D80: =IFERROR(VLOOKUP($AA80,PLAN!$B:$AA,3,0),"") -> 11134247 | E80: =IFERROR(VLOOKUP($AA80,PLAN!$B:$AA,4,0),"") -> 2141050-D-A | F80: =IFERROR(VLOOKUP($AA80,PLAN!$B:$AA,5,0),"") -> CRV150-19P CN | G80: =IFERROR(VLOOKUP($AA80,PLAN!$B:$AA,2,0),"") -> 1001916337 | H80: =IFERROR(VLOOKUP($AA80,PLAN!$B:$AA,7,0),"") -> 46238 | I80: =IFERROR(VLOOKUP($AA80,PLAN!$B:$AA,8,0),"") -> 0103552318 | J80: =IFERROR(VLOOKUP($AA80,PLAN!$B:$AA,9,0),"") -> 260715K15A | K80: =IFERROR(VLOOKUP($AA80,PLAN!$B:$AA,10,0),"") -> 20 | L80: =IFERROR(VLOOKUP($AA80,PLAN!$B:$AA,15,0),"") -> CHINA | M80: =IFERROR(VLOOKUP($AA80,PLAN!$B:$AA,18,0),"") -> 0 | N80: =IFERROR(VLOOKUP($AA80,PLAN!$B:$AA,19,0),"") -> 0 | O80: =IFERROR(VLOOKUP($AA80,PLAN!$B:$AA,12,0),"") -> 1842015-B-C-CN | P80: =IFERROR(VLOOKUP($AA80,PLAN!$B:$AA,11,0),"") -> 12129253 | Q80: 0103497211 | R80: JF26616A1 | S80: =K80 -> 20 | U80: =IFERROR(VLOOKUP($AA80,PLAN!$B:$AA,21,0),"") -> 46224 | V80: =IFERROR(VLOOKUP($AA80,PLAN!$B:$AA,22,0),"") -> M8 | AA80: Aug04-03 | AB80: =VLOOKUP(AA80,PLAN!B:V,20,0) -> 46224
C81: =AA81 -> Aug04-04 | D81: =IFERROR(VLOOKUP($AA81,PLAN!$B:$AA,3,0),"") -> 11134246 | E81: =IFERROR(VLOOKUP($AA81,PLAN!$B:$AA,4,0),"") -> 2141049-D-A | F81: =IFERROR(VLOOKUP($AA81,PLAN!$B:$AA,5,0),"") -> CRV135-19P CN | G81: =IFERROR(VLOOKUP($AA81,PLAN!$B:$AA,2,0),"") -> 1001916338 | H81: =IFERROR(VLOOKUP($AA81,PLAN!$B:$AA,7,0),"") -> 46238 | I81: =IFERROR(VLOOKUP($AA81,PLAN!$B:$AA,8,0),"") -> 0103552319 | J81: =IFERROR(VLOOKUP($AA81,PLAN!$B:$AA,9,0),"") -> 260715K16A | K81: =IFERROR(VLOOKUP($AA81,PLAN!$B:$AA,10,0),"") -> 1497 | L81: =IFERROR(VLOOKUP($AA81,PLAN!$B:$AA,15,0),"") -> CHINA | M81: =IFERROR(VLOOKUP($AA81,PLAN!$B:$AA,18,0),"") -> 3 | N81: =IFERROR(VLOOKUP($AA81,PLAN!$B:$AA,19,0),"") -> 3 | O81: =IFERROR(VLOOKUP($AA81,PLAN!$B:$AA,12,0),"") -> 1842014-C-C-CN | P81: =IFERROR(VLOOKUP($AA81,PLAN!$B:$AA,11,0),"") -> 12129252 | Q81: 0103421622 | R81: JF26513A9 | S81: 100 | U81: =IFERROR(VLOOKUP($AA81,PLAN!$B:$AA,21,0),"") -> 46224 | V81: =IFERROR(VLOOKUP($AA81,PLAN!$B:$AA,22,0),"") -> M8 | AA81: Aug04-04 | AB81: =VLOOKUP(AA81,PLAN!B:V,20,0) -> 46224
Q82: 0103497212 | R82: JF26616A2 | S82: 305 | AB82: 46224
Q83: 0103497213 | R83: JF26616A3 | S83: 306 | AB83: 46224
Q84: 0103497214 | R84: JF26616A4 | S84: 305 | AB84: 46224
Q85: 0103497215 | R85: JF26616A5 | S85: 306 | AB85: 46224
Q86: 0103497216 | R86: JF26616A6 | S86: =K81-S81-S82-S83-S84-S85 -> 175 | AB86: 46224
C87: =AA87 -> Aug04-01 | D87: =IFERROR(VLOOKUP($AA87,PLAN!$B:$AA,3,0),"") -> 11134125 | E87: =IFERROR(VLOOKUP($AA87,PLAN!$B:$AA,4,0),"") -> 1811851-J-A | F87: =IFERROR(VLOOKUP($AA87,PLAN!$B:$AA,5,0),"") -> HW60JR400P10000 CN | G87: =IFERROR(VLOOKUP($AA87,PLAN!$B:$AA,2,0),"") -> 1001916320 | H87: =IFERROR(VLOOKUP($AA87,PLAN!$B:$AA,7,0),"") -> 46238 | I87: =IFERROR(VLOOKUP($AA87,PLAN!$B:$AA,8,0),"") -> 0103552300 | J87: =IFERROR(VLOOKUP($AA87,PLAN!$B:$AA,9,0),"") -> 260715C69A | K87: =IFERROR(VLOOKUP($AA87,PLAN!$B:$AA,10,0),"") -> 420 | L87: =IFERROR(VLOOKUP($AA87,PLAN!$B:$AA,15,0),"") -> CHINA | M87: =IFERROR(VLOOKUP($AA87,PLAN!$B:$AA,18,0),"") -> 0 | N87: =IFERROR(VLOOKUP($AA87,PLAN!$B:$AA,19,0),"") -> 0 | O87: =IFERROR(VLOOKUP($AA87,PLAN!$B:$AA,12,0),"") -> 2112061-0-C-CN | P87: =IFERROR(VLOOKUP($AA87,PLAN!$B:$AA,11,0),"") -> 12129992 | Q87: 0103478958 | R87: HF26608A1 | S87: 48 | U87: =IFERROR(VLOOKUP($AA87,PLAN!$B:$AA,21,0),"") -> 46224 | V87: =IFERROR(VLOOKUP($AA87,PLAN!$B:$AA,22,0),"") -> M9 | AA87: Aug04-01 | AB87: 46224
Q88: 0103478978 | R88: HF26608C3 | S88: 110 | AB88: 46224
Q89: 0103499901 | R89: HF26617B2 | S89: 150 | AB89: 46224
Q90: 0103499902 | R90: HF26617B3 | S90: =K87-S87-S88-S89 -> 112 | AB90: 46224
C91: =AA91 -> Aug04-02 | D91: =IFERROR(VLOOKUP($AA91,PLAN!$B:$AA,3,0),"") -> 11134148 | E91: =IFERROR(VLOOKUP($AA91,PLAN!$B:$AA,4,0),"") -> 1811909-L-A | F91: =IFERROR(VLOOKUP($AA91,PLAN!$B:$AA,5,0),"") -> HW60SP350P10000 CN | G91: =IFERROR(VLOOKUP($AA91,PLAN!$B:$AA,2,0),"") -> 1001916321 | H91: =IFERROR(VLOOKUP($AA91,PLAN!$B:$AA,7,0),"") -> 46238 | I91: =IFERROR(VLOOKUP($AA91,PLAN!$B:$AA,8,0),"") -> 0103552301 | J91: =IFERROR(VLOOKUP($AA91,PLAN!$B:$AA,9,0),"") -> 260715C70A | K91: =IFERROR(VLOOKUP($AA91,PLAN!$B:$AA,10,0),"") -> 726 | L91: =IFERROR(VLOOKUP($AA91,PLAN!$B:$AA,15,0),"") -> CHINA | M91: =IFERROR(VLOOKUP($AA91,PLAN!$B:$AA,18,0),"") -> 3 | N91: =IFERROR(VLOOKUP($AA91,PLAN!$B:$AA,19,0),"") -> 3 | O91: =IFERROR(VLOOKUP($AA91,PLAN!$B:$AA,12,0),"") -> 2112099-0-C-CN | P91: =IFERROR(VLOOKUP($AA91,PLAN!$B:$AA,11,0),"") -> 12129995 | Q91: 0103443321 | R91: HF26522B8 | S91: 99 | U91: =IFERROR(VLOOKUP($AA91,PLAN!$B:$AA,21,0),"") -> 46224 | V91: =IFERROR(VLOOKUP($AA91,PLAN!$B:$AA,22,0),"") -> M10 | AA91: Aug04-02 | AB91: =VLOOKUP(AA91,PLAN!B:V,20,0) -> 46224
C92: =AA92 -> 0 | D92: =IFERROR(VLOOKUP($AA92,PLAN!$B:$AA,3,0),"") | E92: =IFERROR(VLOOKUP($AA92,PLAN!$B:$AA,4,0),"") | F92: =IFERROR(VLOOKUP($AA92,PLAN!$B:$AA,5,0),"") | G92: =IFERROR(VLOOKUP($AA92,PLAN!$B:$AA,2,0),"") | H92: =IFERROR(VLOOKUP($AA92,PLAN!$B:$AA,7,0),"") | I92: =IFERROR(VLOOKUP($AA92,PLAN!$B:$AA,8,0),"") | J92: =IFERROR(VLOOKUP($AA92,PLAN!$B:$AA,9,0),"") | K92: =IFERROR(VLOOKUP($AA92,PLAN!$B:$AA,10,0),"") | L92: =IFERROR(VLOOKUP($AA92,PLAN!$B:$AA,15,0),"") | M92: =IFERROR(VLOOKUP($AA92,PLAN!$B:$AA,18,0),"") | N92: =IFERROR(VLOOKUP($AA92,PLAN!$B:$AA,19,0),"") | O92: =IFERROR(VLOOKUP($AA92,PLAN!$B:$AA,12,0),"") | P92: =IFERROR(VLOOKUP($AA92,PLAN!$B:$AA,11,0),"") | Q92: 0103443322 | R92: HF26522B9 | S92: 150 | U92: =IFERROR(VLOOKUP($AA92,PLAN!$B:$AA,21,0),"") | V92: =IFERROR(VLOOKUP($AA92,PLAN!$B:$AA,22,0),"") | AB92: 46224
C93: =AA93 -> 0 | D93: =IFERROR(VLOOKUP($AA93,PLAN!$B:$AA,3,0),"") | E93: =IFERROR(VLOOKUP($AA93,PLAN!$B:$AA,4,0),"") | F93: =IFERROR(VLOOKUP($AA93,PLAN!$B:$AA,5,0),"") | G93: =IFERROR(VLOOKUP($AA93,PLAN!$B:$AA,2,0),"") | H93: =IFERROR(VLOOKUP($AA93,PLAN!$B:$AA,7,0),"") | I93: =IFERROR(VLOOKUP($AA93,PLAN!$B:$AA,8,0),"") | J93: =IFERROR(VLOOKUP($AA93,PLAN!$B:$AA,9,0),"") | K93: =IFERROR(VLOOKUP($AA93,PLAN!$B:$AA,10,0),"") | L93: =IFERROR(VLOOKUP($AA93,PLAN!$B:$AA,15,0),"") | M93: =IFERROR(VLOOKUP($AA93,PLAN!$B:$AA,18,0),"") | N93: =IFERROR(VLOOKUP($AA93,PLAN!$B:$AA,19,0),"") | O93: =IFERROR(VLOOKUP($AA93,PLAN!$B:$AA,12,0),"") | P93: =IFERROR(VLOOKUP($AA93,PLAN!$B:$AA,11,0),"") | Q93: 0103443323 | R93: HF26522C1 | S93: 150 | U93: =IFERROR(VLOOKUP($AA93,PLAN!$B:$AA,21,0),"") | V93: =IFERROR(VLOOKUP($AA93,PLAN!$B:$AA,22,0),"") | AB93: 46224
C94: =AA94 -> 0 | D94: =IFERROR(VLOOKUP($AA94,PLAN!$B:$AA,3,0),"") | E94: =IFERROR(VLOOKUP($AA94,PLAN!$B:$AA,4,0),"") | F94: =IFERROR(VLOOKUP($AA94,PLAN!$B:$AA,5,0),"") | G94: =IFERROR(VLOOKUP($AA94,PLAN!$B:$AA,2,0),"") | H94: =IFERROR(VLOOKUP($AA94,PLAN!$B:$AA,7,0),"") | I94: =IFERROR(VLOOKUP($AA94,PLAN!$B:$AA,8,0),"") | J94: =IFERROR(VLOOKUP($AA94,PLAN!$B:$AA,9,0),"") | K94: =IFERROR(VLOOKUP($AA94,PLAN!$B:$AA,10,0),"") | L94: =IFERROR(VLOOKUP($AA94,PLAN!$B:$AA,15,0),"") | M94: =IFERROR(VLOOKUP($AA94,PLAN!$B:$AA,18,0),"") | N94: =IFERROR(VLOOKUP($AA94,PLAN!$B:$AA,19,0),"") | O94: =IFERROR(VLOOKUP($AA94,PLAN!$B:$AA,12,0),"") | P94: =IFERROR(VLOOKUP($AA94,PLAN!$B:$AA,11,0),"") | Q94: 0103443324 | R94: HF26522C2 | S94: 150 | U94: =IFERROR(VLOOKUP($AA94,PLAN!$B:$AA,21,0),"") | V94: =IFERROR(VLOOKUP($AA94,PLAN!$B:$AA,22,0),"") | AB94: 46224
C95: =AA95 -> 0 | D95: =IFERROR(VLOOKUP($AA95,PLAN!$B:$AA,3,0),"") | E95: =IFERROR(VLOOKUP($AA95,PLAN!$B:$AA,4,0),"") | F95: =IFERROR(VLOOKUP($AA95,PLAN!$B:$AA,5,0),"") | G95: =IFERROR(VLOOKUP($AA95,PLAN!$B:$AA,2,0),"") | H95: =IFERROR(VLOOKUP($AA95,PLAN!$B:$AA,7,0),"") | I95: =IFERROR(VLOOKUP($AA95,PLAN!$B:$AA,8,0),"") | J95: =IFERROR(VLOOKUP($AA95,PLAN!$B:$AA,9,0),"") | K95: =IFERROR(VLOOKUP($AA95,PLAN!$B:$AA,10,0),"") | L95: =IFERROR(VLOOKUP($AA95,PLAN!$B:$AA,15,0),"") | M95: =IFERROR(VLOOKUP($AA95,PLAN!$B:$AA,18,0),"") | N95: =IFERROR(VLOOKUP($AA95,PLAN!$B:$AA,19,0),"") | O95: =IFERROR(VLOOKUP($AA95,PLAN!$B:$AA,12,0),"") | P95: =IFERROR(VLOOKUP($AA95,PLAN!$B:$AA,11,0),"") | Q95: 0103463230 | R95: HF26601H3 | S95: 100 | U95: =IFERROR(VLOOKUP($AA95,PLAN!$B:$AA,21,0),"") | V95: =IFERROR(VLOOKUP($AA95,PLAN!$B:$AA,22,0),"") | AB95: 46224
C96: =AA96 -> 0 | D96: =IFERROR(VLOOKUP($AA96,PLAN!$B:$AA,3,0),"") | E96: =IFERROR(VLOOKUP($AA96,PLAN!$B:$AA,4,0),"") | F96: =IFERROR(VLOOKUP($AA96,PLAN!$B:$AA,5,0),"") | G96: =IFERROR(VLOOKUP($AA96,PLAN!$B:$AA,2,0),"") | H96: =IFERROR(VLOOKUP($AA96,PLAN!$B:$AA,7,0),"") | I96: =IFERROR(VLOOKUP($AA96,PLAN!$B:$AA,8,0),"") | J96: =IFERROR(VLOOKUP($AA96,PLAN!$B:$AA,9,0),"") | K96: =IFERROR(VLOOKUP($AA96,PLAN!$B:$AA,10,0),"") | L96: =IFERROR(VLOOKUP($AA96,PLAN!$B:$AA,15,0),"") | M96: =IFERROR(VLOOKUP($AA96,PLAN!$B:$AA,18,0),"") | N96: =IFERROR(VLOOKUP($AA96,PLAN!$B:$AA,19,0),"") | O96: =IFERROR(VLOOKUP($AA96,PLAN!$B:$AA,12,0),"") | P96: =IFERROR(VLOOKUP($AA96,PLAN!$B:$AA,11,0),"") | Q96: 0103463231 | R96: HF26601H4 | S96: =K91-S91-S92-S93-S94-S95 -> 77 | U96: =IFERROR(VLOOKUP($AA96,PLAN!$B:$AA,21,0),"") | V96: =IFERROR(VLOOKUP($AA96,PLAN!$B:$AA,22,0),"") | AB96: 46224
C97: =AA97 -> Aug05-01 | D97: =IFERROR(VLOOKUP($AA97,PLAN!$B:$AA,3,0),"") -> 11134148 | E97: =IFERROR(VLOOKUP($AA97,PLAN!$B:$AA,4,0),"") -> 1811909-L-A | F97: =IFERROR(VLOOKUP($AA97,PLAN!$B:$AA,5,0),"") -> HW60SP350P10000 CN | G97: =IFERROR(VLOOKUP($AA97,PLAN!$B:$AA,2,0),"") -> 1001919161 | H97: =IFERROR(VLOOKUP($AA97,PLAN!$B:$AA,7,0),"") -> 46239 | I97: =IFERROR(VLOOKUP($AA97,PLAN!$B:$AA,8,0),"") -> 0103558155 | J97: =IFERROR(VLOOKUP($AA97,PLAN!$B:$AA,9,0),"") -> 260716C01A | K97: =IFERROR(VLOOKUP($AA97,PLAN!$B:$AA,10,0),"") -> 726 | L97: =IFERROR(VLOOKUP($AA97,PLAN!$B:$AA,15,0),"") -> CHINA | M97: =IFERROR(VLOOKUP($AA97,PLAN!$B:$AA,18,0),"") -> 3 | N97: =IFERROR(VLOOKUP($AA97,PLAN!$B:$AA,19,0),"") -> 3 | O97: =IFERROR(VLOOKUP($AA97,PLAN!$B:$AA,12,0),"") -> 2112099-0-C-CN | P97: =IFERROR(VLOOKUP($AA97,PLAN!$B:$AA,11,0),"") -> 12129995 | Q97: 0103463231 | R97: HF26601H4 | S97: 17 | U97: =IFERROR(VLOOKUP($AA97,PLAN!$B:$AA,21,0),"") -> 46225 | V97: =IFERROR(VLOOKUP($AA97,PLAN!$B:$AA,22,0),"") -> M9 | AA97: Aug05-01 | AB97: =VLOOKUP(AA97,PLAN!B:V,20,0) -> 46225
Q98: 0103466056 | R98: HF26602F8 | S98: 90 | AB98: 46225
Q99: 0103466061 | R99: HF26602G4 | S99: 90 | AB99: 46225
Q100: 0103475070 | R100: HF26605C5 | S100: 139 | AB100: 46225
Q101: 0103475103 | R101: HF26605F3 | S101: 110 | AB101: 46225
...

Sheet total
A1: Seal-Check
A2: Sụbject | C2: 46174 | D2: 46175 | E2: 46176 | F2: 46177 | G2: 46178 | H2: 46179 | I2: 46180 | J2: 46181 | K2: 46182 | L2: 46183 | M2: 46184 | N2: 46185 | O2: 46186 | P2: 46187 | Q2: 46188 | R2: 46189 | S2: 46190 | T2: 46191 | U2: 46192 | V2: 46193 | W2: 46194 | X2: 46195 | Y2: 46196 | Z2: 46197 | AA2: 46198 | AB2: 46199 | AC2: 46200 | AD2: 46201 | AE2: 46202 | AF2: 46203 | AG2: 46204 | AH2: 46205 | AI2: 46206 | AJ2: 46207 | AK2: 46208 | AL2: 46209 | AM2: 46210 | AN2: 46211 | AO2: 46212 | AP2: 46213 | AQ2: 46214 | AR2: 46215 | AS2: 46216 | AT2: 46217 | AU2: 46218 | AV2: 46219 | AW2: 46220 | AX2: 46221 | AY2: 46222 | AZ2: 46223 | BA2: 46224 | BB2: 46225 | BC2: 46226 | BD2: 46227 | BE2: 46228 | BF2: 46229 | BG2: 46230 | BH2: 46231 | BI2: 46232 | BJ2: 46233 | BK2: 46234 | BL2: 46235 | BM2: 46236 | BN2: 46237 | BO2: 46238 | BP2: 46239 | BQ2: 46240 | BR2: 46241 | BS2: 46242 | BT2: 46243 | BU2: 46244 | BV2: 46245 | BW2: 46246 | BX2: 46247 | BY2: 46248 | BZ2: 46249 | CA2: 46250 | CB2: 46251 | CC2: 46252
A3: Seak | B3: Q'ty | C3: =SUMIF(PLAN!$U:$U,total!C2,PLAN!$K:$K) -> 0 | D3: =SUMIF(PLAN!$U:$U,total!D2,PLAN!$K:$K) -> 0 | E3: =SUMIF(PLAN!$U:$U,total!E2,PLAN!$K:$K) -> 0 | F3: =SUMIF(PLAN!$U:$U,total!F2,PLAN!$K:$K) -> 0 | G3: =SUMIF(PLAN!$U:$U,total!G2,PLAN!$K:$K) -> 0 | H3: =SUMIF(PLAN!$U:$U,total!H2,PLAN!$K:$K) -> 0 | I3: =SUMIF(PLAN!$U:$U,total!I2,PLAN!$K:$K) -> 0 | J3: =SUMIF(PLAN!$U:$U,total!J2,PLAN!$K:$K) -> 0 | ... CC3: =SUMIF(PLAN!$U:$U,total!CC2,PLAN!$K:$K) -> 3892
B4: UH | C4: =SUMIF(PLAN!$U:$U,total!C2,PLAN!$Z:$Z) -> 0 | D4: =SUMIF(PLAN!$U:$U,total!D2,PLAN!$Z:$Z) -> 0 | E4: =SUMIF(PLAN!$U:$U,total!E2,PLAN!$Z:$Z) -> 0 | F4: =SUMIF(PLAN!$U:$U,total!F2,PLAN!$Z:$Z) -> 0 | G4: =SUMIF(PLAN!$U:$U,total!G2,PLAN!$Z:$Z) -> 0 | H4: =SUMIF(PLAN!$U:$U,total!H2,PLAN!$Z:$Z) -> 0 | I4: =SUMIF(PLAN!$U:$U,total!I2,PLAN!$Z:$Z) -> 0 | J4: =SUMIF(PLAN!$U:$U,total!J2,PLAN!$Z:$Z) -> 0 | ... CC4: =SUMIF(PLAN!$U:$U,total!CC2,PLAN!$Z:$Z) -> 11110.813
A5: Total time | C5: =C4+C4*5% -> 0 | D5: =D4+D4*5% -> 0 | E5: =E4+E4*5% -> 0 | F5: =F4+F4*5% -> 0 | G5: =G4+G4*5% -> 0 | H5: =H4+H4*5% -> 0 | I5: =I4+I4*5% -> 0 | J5: =J4+J4*5% -> 0 | ... CC5: =CC4+CC4*5% -> 11666.354
A6: Plan time
A7: Man | B7: 430 | C7: =C5/$B$7 -> 0 | D7: =D5/$B$7 -> 0 | E7: =E5/$B$7 -> 0 | F7: =F5/$B$7 -> 0 | G7: =G5/$B$7 -> 0 | H7: =H5/$B$7 -> 0 | I7: =I5/$B$7 -> 0 | J7: =J5/$B$7 -> 0 | ... CC7: =CC5/$B$7 -> 27.131056
B8: 550 | C8: =C5/$B$8 -> 0 | D8: =D5/$B$8 -> 0 | E8: =E5/$B$8 -> 0 | F8: =F5/$B$8 -> 0 | G8: =G5/$B$8 -> 0 | H8: =H5/$B$8 -> 0 | I8: =I5/$B$8 -> 0 | J8: =J5/$B$8 -> 0 | ... CC8: =CC5/$B$8 -> 21.211553
B9: 630 | C9: =C5/$B$9 -> 0 | D9: =D5/$B$9 -> 0 | E9: =E5/$B$9 -> 0 | F9: =F5/$B$9 -> 0 | G9: =G5/$B$9 -> 0 | H9: =H5/$B$9 -> 0 | I9: =I5/$B$9 -> 0 | J9: =J5/$B$9 -> 0 | ... CC9: =CC5/$B$9 -> 18.518022

Sheet Sheet1
A1: 45732 | B1: M1 | C1: M2 | D1: M3 | E1: M4 | F1: M5 | G1: M6 | H1: M7 | I1: M8 | J1: M9 | K1: M10 | L1: M11 | M1: test | N1: add
A2: 46174 | B2: =SUMIFS(PLAN!$K:$K,PLAN!$V:$V,Sheet1!$A2,PLAN!$W:$W,Sheet1!$B$1) -> 0 | C2: =SUMIFS(PLAN!$K:$K,PLAN!$V:$V,Sheet1!$A2,PLAN!$W:$W,Sheet1!$C$1) -> 0 | D2: =SUMIFS(PLAN!$K:$K,PLAN!$V:$V,Sheet1!$A2,PLAN!$W:$W,Sheet1!$D$1) -> 0 | E2: =SUMIFS(PLAN!$K:$K,PLAN!$V:$V,Sheet1!$A2,PLAN!$W:$W,Sheet1!$E$1) -> 0 | F2: =SUMIFS(PLAN!$K:$K,PLAN!$V:$V,Sheet1!$A2,PLAN!$W:$W,Sheet1!$F$1) -> 0 | G2: =SUMIFS(PLAN!$K:$K,PLAN!$V:$V,Sheet1!$A2,PLAN!$W:$W,Sheet1!$G$1) -> 0 | H2: =SUMIFS(PLAN!$K:$K,PLAN!$V:$V,Sheet1!$A2,PLAN!$W:$W,Sheet1!$H$1) -> 0 | I2: =SUMIFS(PLAN!$K:$K,PLAN!$V:$V,Sheet1!$A2,PLAN!$W:$W,Sheet1!$I$1) -> 0 | J2: =SUMIFS(PLAN!$K:$K,PLAN!$V:$V,Sheet1!$A2,PLAN!$W:$W,Sheet1!$J$1) -> 0 | K2: =SUMIFS(PLAN!$K:$K,PLAN!$V:$V,Sheet1!$A2,PLAN!$W:$W,Sheet1!$K$1) -> 0 | L2: =SUMIFS(PLAN!$K:$K,PLAN!$V:$V,Sheet1!$A2,PLAN!$W:$W,Sheet1!$L$1) -> 0 | M2: =SUMIFS(PLAN!$K:$K,PLAN!$V:$V,Sheet1!$A2,PLAN!$W:$W,Sheet1!$M$1) -> 0 | N2: =SUMIFS(PLAN!$K:$K,PLAN!$V:$V,Sheet1!$A2,PLAN!$W:$W,Sheet1!$N$1) -> 0 | O2: =SUM(B2:N2) -> 0 | P2: 1001389960
A3: 46175 | B3: =SUMIFS(PLAN!$K:$K,PLAN!$V:$V,Sheet1!$A3,PLAN!$W:$W,Sheet1!$B$1) -> 0 | C3: =SUMIFS(PLAN!$K:$K,PLAN!$V:$V,Sheet1!$A3,PLAN!$W:$W,Sheet1!$C$1) -> 0 | D3: =SUMIFS(PLAN!$K:$K,PLAN!$V:$V,Sheet1!$A3,PLAN!$W:$W,Sheet1!$D$1) -> 0 | E3: =SUMIFS(PLAN!$K:$K,PLAN!$V:$V,Sheet1!$A3,PLAN!$W:$W,Sheet1!$E$1) -> 0 | F3: =SUMIFS(PLAN!$K:$K,PLAN!$V:$V,Sheet1!$A3,PLAN!$W:$W,Sheet1!$F$1) -> 0 | G3: =SUMIFS(PLAN!$K:$K,PLAN!$V:$V,Sheet1!$A3,PLAN!$W:$W,Sheet1!$G$1) -> 0 | H3: =SUMIFS(PLAN!$K:$K,PLAN!$V:$V,Sheet1!$A3,PLAN!$W:$W,Sheet1!$H$1) -> 0 | I3: =SUMIFS(PLAN!$K:$K,PLAN!$V:$V,Sheet1!$A3,PLAN!$W:$W,Sheet1!$I$1) -> 0 | J3: =SUMIFS(PLAN!$K:$K,PLAN!$V:$V,Sheet1!$A3,PLAN!$W:$W,Sheet1!$J$1) -> 0 | K3: =SUMIFS(PLAN!$K:$K,PLAN!$V:$V,Sheet1!$A3,PLAN!$W:$W,Sheet1!$K$1) -> 0 | L3: =SUMIFS(PLAN!$K:$K,PLAN!$V:$V,Sheet1!$A3,PLAN!$W:$W,Sheet1!$L$1) -> 0 | M3: =SUMIFS(PLAN!$K:$K,PLAN!$V:$V,Sheet1!$A3,PLAN!$W:$W,Sheet1!$M$1) -> 0 | N3: =SUMIFS(PLAN!$K:$K,PLAN!$V:$V,Sheet1!$A3,PLAN!$W:$W,Sheet1!$N$1) -> 0 | O3: =SUM(B3:N3) -> 0 | P3: 1001389960 | Q3: 11PL021-A | R3: 13000790 | S3: 0100233959 | T3: 99
A4: 46176 | B4: =SUMIFS(PLAN!$K:$K,PLAN!$V:$V,Sheet1!$A4,PLAN!$W:$W,Sheet1!$B$1) -> 0 | C4: =SUMIFS(PLAN!$K:$K,PLAN!$V:$V,Sheet1!$A4,PLAN!$W:$W,Sheet1!$C$1) -> 0 | D4: =SUMIFS(PLAN!$K:$K,PLAN!$V:$V,Sheet1!$A4,PLAN!$W:$W,Sheet1!$D$1) -> 0 | E4: =SUMIFS(PLAN!$K:$K,PLAN!$V:$V,Sheet1!$A4,PLAN!$W:$W,Sheet1!$E$1) -> 0 | F4: =SUMIFS(PLAN!$K:$K,PLAN!$V:$V,Sheet1!$A4,PLAN!$W:$W,Sheet1!$F$1) -> 0 | G4: =SUMIFS(PLAN!$K:$K,PLAN!$V:$V,Sheet1!$A4,PLAN!$W:$W,Sheet1!$G$1) -> 0 | H4: =SUMIFS(PLAN!$K:$K,PLAN!$V:$V,Sheet1!$A4,PLAN!$W:$W,Sheet1!$H$1) -> 0 | I4: =SUMIFS(PLAN!$K:$K,PLAN!$V:$V,Sheet1!$A4,PLAN!$W:$W,Sheet1!$I$1) -> 0 | J4: =SUMIFS(PLAN!$K:$K,PLAN!$V:$V,Sheet1!$A4,PLAN!$W:$W,Sheet1!$J$1) -> 0 | K4: =SUMIFS(PLAN!$K:$K,PLAN!$V:$V,Sheet1!$A4,PLAN!$W:$W,Sheet1!$K$1) -> 0 | L4: =SUMIFS(PLAN!$K:$K,PLAN!$V:$V,Sheet1!$A4,PLAN!$W:$W,Sheet1!$L$1) -> 0 | M4: =SUMIFS(PLAN!$K:$K,PLAN!$V:$V,Sheet1!$A4,PLAN!$W:$W,Sheet1!$M$1) -> 0 | N4: =SUMIFS(PLAN!$K:$K,PLAN!$V:$V,Sheet1!$A4,PLAN!$W:$W,Sheet1!$N$1) -> 0 | O4: =SUM(B4:N4) -> 0 | P4: 1001389960 | Q4: 16PL002-0 | R4: 13000689 | S4: 0102442414 | T4: 94
A5: 46177 | B5: =SUMIFS(PLAN!$K:$K,PLAN!$V:$V,Sheet1!$A5,PLAN!$W:$W,Sheet1!$B$1) -> 0 | C5: =SUMIFS(PLAN!$K:$K,PLAN!$V:$V,Sheet1!$A5,PLAN!$W:$W,Sheet1!$C$1) -> 0 | D5: =SUMIFS(PLAN!$K:$K,PLAN!$V:$V,Sheet1!$A5,PLAN!$W:$W,Sheet1!$D$1) -> 0 | E5: =SUMIFS(PLAN!$K:$K,PLAN!$V:$V,Sheet1!$A5,PLAN!$W:$W,Sheet1!$E$1) -> 0 | F5: =SUMIFS(PLAN!$K:$K,PLAN!$V:$V,Sheet1!$A5,PLAN!$W:$W,Sheet1!$F$1) -> 0 | G5: =SUMIFS(PLAN!$K:$K,PLAN!$V:$V,Sheet1!$A5,PLAN!$W:$W,Sheet1!$G$1) -> 0 | H5: =SUMIFS(PLAN!$K:$K,PLAN!$V:$V,Sheet1!$A5,PLAN!$W:$W,Sheet1!$H$1) -> 0 | I5: =SUMIFS(PLAN!$K:$K,PLAN!$V:$V,Sheet1!$A5,PLAN!$W:$W,Sheet1!$I$1) -> 0 | J5: =SUMIFS(PLAN!$K:$K,PLAN!$V:$V,Sheet1!$A5,PLAN!$W:$W,Sheet1!$J$1) -> 0 | K5: =SUMIFS(PLAN!$K:$K,PLAN!$V:$V,Sheet1!$A5,PLAN!$W:$W,Sheet1!$K$1) -> 0 | L5: =SUMIFS(PLAN!$K:$K,PLAN!$V:$V,Sheet1!$A5,PLAN!$W:$W,Sheet1!$L$1) -> 0 | M5: =SUMIFS(PLAN!$K:$K,PLAN!$V:$V,Sheet1!$A5,PLAN!$W:$W,Sheet1!$M$1) -> 0 | N5: =SUMIFS(PLAN!$K:$K,PLAN!$V:$V,Sheet1!$A5,PLAN!$W:$W,Sheet1!$N$1) -> 0 | O5: =SUM(B5:N5) -> 0
A6: 46178 | B6: =SUMIFS(PLAN!$K:$K,PLAN!$V:$V,Sheet1!$A6,PLAN!$W:$W,Sheet1!$B$1) -> 0 | C6: =SUMIFS(PLAN!$K:$K,PLAN!$V:$V,Sheet1!$A6,PLAN!$W:$W,Sheet1!$C$1) -> 0 | D6: =SUMIFS(PLAN!$K:$K,PLAN!$V:$V,Sheet1!$A6,PLAN!$W:$W,Sheet1!$D$1) -> 0 | E6: =SUMIFS(PLAN!$K:$K,PLAN!$V:$V,Sheet1!$A6,PLAN!$W:$W,Sheet1!$E$1) -> 0 | F6: =SUMIFS(PLAN!$K:$K,PLAN!$V:$V,Sheet1!$A6,PLAN!$W:$W,Sheet1!$F$1) -> 0 | G6: =SUMIFS(PLAN!$K:$K,PLAN!$V:$V,Sheet1!$A6,PLAN!$W:$W,Sheet1!$G$1) -> 0 | H6: =SUMIFS(PLAN!$K:$K,PLAN!$V:$V,Sheet1!$A6,PLAN!$W:$W,Sheet1!$H$1) -> 0 | I6: =SUMIFS(PLAN!$K:$K,PLAN!$V:$V,Sheet1!$A6,PLAN!$W:$W,Sheet1!$I$1) -> 0 | J6: =SUMIFS(PLAN!$K:$K,PLAN!$V:$V,Sheet1!$A6,PLAN!$W:$W,Sheet1!$J$1) -> 0 | K6: =SUMIFS(PLAN!$K:$K,PLAN!$V:$V,Sheet1!$A6,PLAN!$W:$W,Sheet1!$K$1) -> 0 | L6: =SUMIFS(PLAN!$K:$K,PLAN!$V:$V,Sheet1!$A6,PLAN!$W:$W,Sheet1!$L$1) -> 0 | M6: =SUMIFS(PLAN!$K:$K,PLAN!$V:$V,Sheet1!$A6,PLAN!$W:$W,Sheet1!$M$1) -> 0 | N6: =SUMIFS(PLAN!$K:$K,PLAN!$V:$V,Sheet1!$A6,PLAN!$W:$W,Sheet1!$N$1) -> 0 | O6: =SUM(B6:N6) -> 0
A7: 46179 | B7: =SUMIFS(PLAN!$K:$K,PLAN!$V:$V,Sheet1!$A7,PLAN!$W:$W,Sheet1!$B$1) -> 0 | C7: =SUMIFS(PLAN!$K:$K,PLAN!$V:$V,Sheet1!$A7,PLAN!$W:$W,Sheet1!$C$1) -> 0 | D7: =SUMIFS(PLAN!$K:$K,PLAN!$V:$V,Sheet1!$A7,PLAN!$W:$W,Sheet1!$D$1) -> 0 | E7: =SUMIFS(PLAN!$K:$K,PLAN!$V:$V,Sheet1!$A7,PLAN!$W:$W,Sheet1!$E$1) -> 0 | F7: =SUMIFS(PLAN!$K:$K,PLAN!$V:$V,Sheet1!$A7,PLAN!$W:$W,Sheet1!$F$1) -> 0 | G7: =SUMIFS(PLAN!$K:$K,PLAN!$V:$V,Sheet1!$A7,PLAN!$W:$W,Sheet1!$G$1) -> 0 | H7: =SUMIFS(PLAN!$K:$K,PLAN!$V:$V,Sheet1!$A7,PLAN!$W:$W,Sheet1!$H$1) -> 0 | I7: =SUMIFS(PLAN!$K:$K,PLAN!$V:$V,Sheet1!$A7,PLAN!$W:$W,Sheet1!$I$1) -> 0 | J7: =SUMIFS(PLAN!$K:$K,PLAN!$V:$V,Sheet1!$A7,PLAN!$W:$W,Sheet1!$J$1) -> 0 | K7: =SUMIFS(PLAN!$K:$K,PLAN!$V:$V,Sheet1!$A7,PLAN!$W:$W,Sheet1!$K$1) -> 0 | L7: =SUMIFS(PLAN!$K:$K,PLAN!$V:$V,Sheet1!$A7,PLAN!$W:$W,Sheet1!$L$1) -> 0 | M7: =SUMIFS(PLAN!$K:$K,PLAN!$V:$V,Sheet1!$A7,PLAN!$W:$W,Sheet1!$M$1) -> 0 | N7: =SUMIFS(PLAN!$K:$K,PLAN!$V:$V,Sheet1!$A7,PLAN!$W:$W,Sheet1!$N$1) -> 0 | O7: =SUM(B7:N7) -> 0
A8: 46180 | B8: =SUMIFS(PLAN!$K:$K,PLAN!$V:$V,Sheet1!$A8,PLAN!$W:$W,Sheet1!$B$1) -> 0 | C8: =SUMIFS(PLAN!$K:$K,PLAN!$V:$V,Sheet1!$A8,PLAN!$W:$W,Sheet1!$C$1) -> 0 | D8: =SUMIFS(PLAN!$K:$K,PLAN!$V:$V,Sheet1!$A8,PLAN!$W:$W,Sheet1!$D$1) -> 0 | E8: =SUMIFS(PLAN!$K:$K,PLAN!$V:$V,Sheet1!$A8,PLAN!$W:$W,Sheet1!$E$1) -> 0 | F8: =SUMIFS(PLAN!$K:$K,PLAN!$V:$V,Sheet1!$A8,PLAN!$W:$W,Sheet1!$F$1) -> 0 | G8: =SUMIFS(PLAN!$K:$K,PLAN!$V:$V,Sheet1!$A8,PLAN!$W:$W,Sheet1!$G$1) -> 0 | H8: =SUMIFS(PLAN!$K:$K,PLAN!$V:$V,Sheet1!$A8,PLAN!$W:$W,Sheet1!$H$1) -> 0 | I8: =SUMIFS(PLAN!$K:$K,PLAN!$V:$V,Sheet1!$A8,PLAN!$W:$W,Sheet1!$I$1) -> 0 | J8: =SUMIFS(PLAN!$K:$K,PLAN!$V:$V,Sheet1!$A8,PLAN!$W:$W,Sheet1!$J$1) -> 0 | K8: =SUMIFS(PLAN!$K:$K,PLAN!$V:$V,Sheet1!$A8,PLAN!$W:$W,Sheet1!$K$1) -> 0 | L8: =SUMIFS(PLAN!$K:$K,PLAN!$V:$V,Sheet1!$A8,PLAN!$W:$W,Sheet1!$L$1) -> 0 | M8: =SUMIFS(PLAN!$K:$K,PLAN!$V:$V,Sheet1!$A8,PLAN!$W:$W,Sheet1!$M$1) -> 0 | N8: =SUMIFS(PLAN!$K:$K,PLAN!$V:$V,Sheet1!$A8,PLAN!$W:$W,Sheet1!$N$1) -> 0 | O8: =SUM(B8:N8) -> 0
A9: 46181 | B9: =SUMIFS(PLAN!$K:$K,PLAN!$V:$V,Sheet1!$A9,PLAN!$W:$W,Sheet1!$B$1) -> 0 | C9: =SUMIFS(PLAN!$K:$K,PLAN!$V:$V,Sheet1!$A9,PLAN!$W:$W,Sheet1!$C$1) -> 0 | D9: =SUMIFS(PLAN!$K:$K,PLAN!$V:$V,Sheet1!$A9,PLAN!$W:$W,Sheet1!$D$1) -> 0 | E9: =SUMIFS(PLAN!$K:$K,PLAN!$V:$V,Sheet1!$A9,PLAN!$W:$W,Sheet1!$E$1) -> 0 | F9: =SUMIFS(PLAN!$K:$K,PLAN!$V:$V,Sheet1!$A9,PLAN!$W:$W,Sheet1!$F$1) -> 0 | G9: =SUMIFS(PLAN!$K:$K,PLAN!$V:$V,Sheet1!$A9,PLAN!$W:$W,Sheet1!$G$1) -> 0 | H9: =SUMIFS(PLAN!$K:$K,PLAN!$V:$V,Sheet1!$A9,PLAN!$W:$W,Sheet1!$H$1) -> 0 | I9: =SUMIFS(PLAN!$K:$K,PLAN!$V:$V,Sheet1!$A9,PLAN!$W:$W,Sheet1!$I$1) -> 0 | J9: =SUMIFS(PLAN!$K:$K,PLAN!$V:$V,Sheet1!$A9,PLAN!$W:$W,Sheet1!$J$1) -> 0 | K9: =SUMIFS(PLAN!$K:$K,PLAN!$V:$V,Sheet1!$A9,PLAN!$W:$W,Sheet1!$K$1) -> 0 | L9: =SUMIFS(PLAN!$K:$K,PLAN!$V:$V,Sheet1!$A9,PLAN!$W:$W,Sheet1!$L$1) -> 0 | M9: =SUMIFS(PLAN!$K:$K,PLAN!$V:$V,Sheet1!$A9,PLAN!$W:$W,Sheet1!$M$1) -> 0 | N9: =SUMIFS(PLAN!$K:$K,PLAN!$V:$V,Sheet1!$A9,PLAN!$W:$W,Sheet1!$N$1) -> 0 | O9: =SUM(B9:N9) -> 0
A10: 46182 | B10: =SUMIFS(PLAN!$K:$K,PLAN!$V:$V,Sheet1!$A10,PLAN!$W:$W,Sheet1!$B$1) -> 0 | C10: =SUMIFS(PLAN!$K:$K,PLAN!$V:$V,Sheet1!$A10,PLAN!$W:$W,Sheet1!$C$1) -> 0 | D10: =SUMIFS(PLAN!$K:$K,PLAN!$V:$V,Sheet1!$A10,PLAN!$W:$W,Sheet1!$D$1) -> 0 | E10: =SUMIFS(PLAN!$K:$K,PLAN!$V:$V,Sheet1!$A10,PLAN!$W:$W,Sheet1!$E$1) -> 0 | F10: =SUMIFS(PLAN!$K:$K,PLAN!$V:$V,Sheet1!$A10,PLAN!$W:$W,Sheet1!$F$1) -> 0 | G10: =SUMIFS(PLAN!$K:$K,PLAN!$V:$V,Sheet1!$A10,PLAN!$W:$W,Sheet1!$G$1) -> 0 | H10: =SUMIFS(PLAN!$K:$K,PLAN!$V:$V,Sheet1!$A10,PLAN!$W:$W,Sheet1!$H$1) -> 0 | I10: =SUMIFS(PLAN!$K:$K,PLAN!$V:$V,Sheet1!$A10,PLAN!$W:$W,Sheet1!$I$1) -> 0 | J10: =SUMIFS(PLAN!$K:$K,PLAN!$V:$V,Sheet1!$A10,PLAN!$W:$W,Sheet1!$J$1) -> 0 | K10: =SUMIFS(PLAN!$K:$K,PLAN!$V:$V,Sheet1!$A10,PLAN!$W:$W,Sheet1!$K$1) -> 0 | L10: =SUMIFS(PLAN!$K:$K,PLAN!$V:$V,Sheet1!$A10,PLAN!$W:$W,Sheet1!$L$1) -> 0 | M10: =SUMIFS(PLAN!$K:$K,PLAN!$V:$V,Sheet1!$A10,PLAN!$W:$W,Sheet1!$M$1) -> 0 | N10: =SUMIFS(PLAN!$K:$K,PLAN!$V:$V,Sheet1!$A10,PLAN!$W:$W,Sheet1!$N$1) -> 0 | O10: =SUM(B10:N10) -> 0
A11: 46183 | B11: =SUMIFS(PLAN!$K:$K,PLAN!$V:$V,Sheet1!$A11,PLAN!$W:$W,Sheet1!$B$1) -> 0 | C11: =SUMIFS(PLAN!$K:$K,PLAN!$V:$V,Sheet1!$A11,PLAN!$W:$W,Sheet1!$C$1) -> 0 | D11: =SUMIFS(PLAN!$K:$K,PLAN!$V:$V,Sheet1!$A11,PLAN!$W:$W,Sheet1!$D$1) -> 0 | E11: =SUMIFS(PLAN!$K:$K,PLAN!$V:$V,Sheet1!$A11,PLAN!$W:$W,Sheet1!$E$1) -> 0 | F11: =SUMIFS(PLAN!$K:$K,PLAN!$V:$V,Sheet1!$A11,PLAN!$W:$W,Sheet1!$F$1) -> 0 | G11: =SUMIFS(PLAN!$K:$K,PLAN!$V:$V,Sheet1!$A11,PLAN!$W:$W,Sheet1!$G$1) -> 0 | H11: =SUMIFS(PLAN!$K:$K,PLAN!$V:$V,Sheet1!$A11,PLAN!$W:$W,Sheet1!$H$1) -> 0 | I11: =SUMIFS(PLAN!$K:$K,PLAN!$V:$V,Sheet1!$A11,PLAN!$W:$W,Sheet1!$I$1) -> 0 | J11: =SUMIFS(PLAN!$K:$K,PLAN!$V:$V,Sheet1!$A11,PLAN!$W:$W,Sheet1!$J$1) -> 0 | K11: =SUMIFS(PLAN!$K:$K,PLAN!$V:$V,Sheet1!$A11,PLAN!$W:$W,Sheet1!$K$1) -> 0 | L11: =SUMIFS(PLAN!$K:$K,PLAN!$V:$V,Sheet1!$A11,PLAN!$W:$W,Sheet1!$L$1) -> 0 | M11: =SUMIFS(PLAN!$K:$K,PLAN!$V:$V,Sheet1!$A11,PLAN!$W:$W,Sheet1!$M$1) -> 0 | N11: =SUMIFS(PLAN!$K:$K,PLAN!$V:$V,Sheet1!$A11,PLAN!$W:$W,Sheet1!$N$1) -> 0 | O11: =SUM(B11:N11) -> 0
A12: 46184 | B12: =SUMIFS(PLAN!$K:$K,PLAN!$V:$V,Sheet1!$A12,PLAN!$W:$W,Sheet1!$B$1) -> 0 | C12: =SUMIFS(PLAN!$K:$K,PLAN!$V:$V,Sheet1!$A12,PLAN!$W:$W,Sheet1!$C$1) -> 0 | D12: =SUMIFS(PLAN!$K:$K,PLAN!$V:$V,Sheet1!$A12,PLAN!$W:$W,Sheet1!$D$1) -> 0 | E12: =SUMIFS(PLAN!$K:$K,PLAN!$V:$V,Sheet1!$A12,PLAN!$W:$W,Sheet1!$E$1) -> 0 | F12: =SUMIFS(PLAN!$K:$K,PLAN!$V:$V,Sheet1!$A12,PLAN!$W:$W,Sheet1!$F$1) -> 0 | G12: =SUMIFS(PLAN!$K:$K,PLAN!$V:$V,Sheet1!$A12,PLAN!$W:$W,Sheet1!$G$1) -> 0 | H12: =SUMIFS(PLAN!$K:$K,PLAN!$V:$V,Sheet1!$A12,PLAN!$W:$W,Sheet1!$H$1) -> 0 | I12: =SUMIFS(PLAN!$K:$K,PLAN!$V:$V,Sheet1!$A12,PLAN!$W:$W,Sheet1!$I$1) -> 0 | J12: =SUMIFS(PLAN!$K:$K,PLAN!$V:$V,Sheet1!$A12,PLAN!$W:$W,Sheet1!$J$1) -> 0 | K12: =SUMIFS(PLAN!$K:$K,PLAN!$V:$V,Sheet1!$A12,PLAN!$W:$W,Sheet1!$K$1) -> 0 | L12: =SUMIFS(PLAN!$K:$K,PLAN!$V:$V,Sheet1!$A12,PLAN!$W:$W,Sheet1!$L$1) -> 0 | M12: =SUMIFS(PLAN!$K:$K,PLAN!$V:$V,Sheet1!$A12,PLAN!$W:$W,Sheet1!$M$1) -> 0 | N12: =SUMIFS(PLAN!$K:$K,PLAN!$V:$V,Sheet1!$A12,PLAN!$W:$W,Sheet1!$N$1) -> 0 | O12: =SUM(B12:N12) -> 0
A13: 46185 | B13: =SUMIFS(PLAN!$K:$K,PLAN!$V:$V,Sheet1!$A13,PLAN!$W:$W,Sheet1!$B$1) -> 0 | C13: =SUMIFS(PLAN!$K:$K,PLAN!$V:$V,Sheet1!$A13,PLAN!$W:$W,Sheet1!$C$1) -> 0 | D13: =SUMIFS(PLAN!$K:$K,PLAN!$V:$V,Sheet1!$A13,PLAN!$W:$W,Sheet1!$D$1) -> 0 | E13: =SUMIFS(PLAN!$K:$K,PLAN!$V:$V,Sheet1!$A13,PLAN!$W:$W,Sheet1!$E$1) -> 0 | F13: =SUMIFS(PLAN!$K:$K,PLAN!$V:$V,Sheet1!$A13,PLAN!$W:$W,Sheet1!$F$1) -> 0 | G13: =SUMIFS(PLAN!$K:$K,PLAN!$V:$V,Sheet1!$A13,PLAN!$W:$W,Sheet1!$G$1) -> 0 | H13: =SUMIFS(PLAN!$K:$K,PLAN!$V:$V,Sheet1!$A13,PLAN!$W:$W,Sheet1!$H$1) -> 0 | I13: =SUMIFS(PLAN!$K:$K,PLAN!$V:$V,Sheet1!$A13,PLAN!$W:$W,Sheet1!$I$1) -> 0 | J13: =SUMIFS(PLAN!$K:$K,PLAN!$V:$V,Sheet1!$A13,PLAN!$W:$W,Sheet1!$J$1) -> 0 | K13: =SUMIFS(PLAN!$K:$K,PLAN!$V:$V,Sheet1!$A13,PLAN!$W:$W,Sheet1!$K$1) -> 0 | L13: =SUMIFS(PLAN!$K:$K,PLAN!$V:$V,Sheet1!$A13,PLAN!$W:$W,Sheet1!$L$1) -> 0 | M13: =SUMIFS(PLAN!$K:$K,PLAN!$V:$V,Sheet1!$A13,PLAN!$W:$W,Sheet1!$M$1) -> 0 | N13: =SUMIFS(PLAN!$K:$K,PLAN!$V:$V,Sheet1!$A13,PLAN!$W:$W,Sheet1!$N$1) -> 0 | O13: =SUM(B13:N13) -> 0
A14: 46186 | B14: =SUMIFS(PLAN!$K:$K,PLAN!$V:$V,Sheet1!$A14,PLAN!$W:$W,Sheet1!$B$1) -> 0 | C14: =SUMIFS(PLAN!$K:$K,PLAN!$V:$V,Sheet1!$A14,PLAN!$W:$W,Sheet1!$C$1) -> 0 | D14: =SUMIFS(PLAN!$K:$K,PLAN!$V:$V,Sheet1!$A14,PLAN!$W:$W,Sheet1!$D$1) -> 0 | E14: =SUMIFS(PLAN!$K:$K,PLAN!$V:$V,Sheet1!$A14,PLAN!$W:$W,Sheet1!$E$1) -> 0 | F14: =SUMIFS(PLAN!$K:$K,PLAN!$V:$V,Sheet1!$A14,PLAN!$W:$W,Sheet1!$F$1) -> 0 | G14: =SUMIFS(PLAN!$K:$K,PLAN!$V:$V,Sheet1!$A14,PLAN!$W:$W,Sheet1!$G$1) -> 0 | H14: =SUMIFS(PLAN!$K:$K,PLAN!$V:$V,Sheet1!$A14,PLAN!$W:$W,Sheet1!$H$1) -> 0 | I14: =SUMIFS(PLAN!$K:$K,PLAN!$V:$V,Sheet1!$A14,PLAN!$W:$W,Sheet1!$I$1) -> 0 | J14: =SUMIFS(PLAN!$K:$K,PLAN!$V:$V,Sheet1!$A14,PLAN!$W:$W,Sheet1!$J$1) -> 0 | K14: =SUMIFS(PLAN!$K:$K,PLAN!$V:$V,Sheet1!$A14,PLAN!$W:$W,Sheet1!$K$1) -> 0 | L14: =SUMIFS(PLAN!$K:$K,PLAN!$V:$V,Sheet1!$A14,PLAN!$W:$W,Sheet1!$L$1) -> 0 | M14: =SUMIFS(PLAN!$K:$K,PLAN!$V:$V,Sheet1!$A14,PLAN!$W:$W,Sheet1!$M$1) -> 0 | N14: =SUMIFS(PLAN!$K:$K,PLAN!$V:$V,Sheet1!$A14,PLAN!$W:$W,Sheet1!$N$1) -> 0 | O14: =SUM(B14:N14) -> 0
A15: 46187 | B15: =SUMIFS(PLAN!$K:$K,PLAN!$V:$V,Sheet1!$A15,PLAN!$W:$W,Sheet1!$B$1) -> 0 | C15: =SUMIFS(PLAN!$K:$K,PLAN!$V:$V,Sheet1!$A15,PLAN!$W:$W,Sheet1!$C$1) -> 0 | D15: =SUMIFS(PLAN!$K:$K,PLAN!$V:$V,Sheet1!$A15,PLAN!$W:$W,Sheet1!$D$1) -> 0 | E15: =SUMIFS(PLAN!$K:$K,PLAN!$V:$V,Sheet1!$A15,PLAN!$W:$W,Sheet1!$E$1) -> 0 | F15: =SUMIFS(PLAN!$K:$K,PLAN!$V:$V,Sheet1!$A15,PLAN!$W:$W,Sheet1!$F$1) -> 0 | G15: =SUMIFS(PLAN!$K:$K,PLAN!$V:$V,Sheet1!$A15,PLAN!$W:$W,Sheet1!$G$1) -> 0 | H15: =SUMIFS(PLAN!$K:$K,PLAN!$V:$V,Sheet1!$A15,PLAN!$W:$W,Sheet1!$H$1) -> 0 | I15: =SUMIFS(PLAN!$K:$K,PLAN!$V:$V,Sheet1!$A15,PLAN!$W:$W,Sheet1!$I$1) -> 0 | J15: =SUMIFS(PLAN!$K:$K,PLAN!$V:$V,Sheet1!$A15,PLAN!$W:$W,Sheet1!$J$1) -> 0 | K15: =SUMIFS(PLAN!$K:$K,PLAN!$V:$V,Sheet1!$A15,PLAN!$W:$W,Sheet1!$K$1) -> 0 | L15: =SUMIFS(PLAN!$K:$K,PLAN!$V:$V,Sheet1!$A15,PLAN!$W:$W,Sheet1!$L$1) -> 0 | M15: =SUMIFS(PLAN!$K:$K,PLAN!$V:$V,Sheet1!$A15,PLAN!$W:$W,Sheet1!$M$1) -> 0 | N15: =SUMIFS(PLAN!$K:$K,PLAN!$V:$V,Sheet1!$A15,PLAN!$W:$W,Sheet1!$N$1) -> 0 | O15: =SUM(B15:N15) -> 0
A16: 46188 | B16: =SUMIFS(PLAN!$K:$K,PLAN!$V:$V,Sheet1!$A16,PLAN!$W:$W,Sheet1!$B$1) -> 0 | C16: =SUMIFS(PLAN!$K:$K,PLAN!$V:$V,Sheet1!$A16,PLAN!$W:$W,Sheet1!$C$1) -> 0 | D16: =SUMIFS(PLAN!$K:$K,PLAN!$V:$V,Sheet1!$A16,PLAN!$W:$W,Sheet1!$D$1) -> 0 | E16: =SUMIFS(PLAN!$K:$K,PLAN!$V:$V,Sheet1!$A16,PLAN!$W:$W,Sheet1!$E$1) -> 0 | F16: =SUMIFS(PLAN!$K:$K,PLAN!$V:$V,Sheet1!$A16,PLAN!$W:$W,Sheet1!$F$1) -> 0 | G16: =SUMIFS(PLAN!$K:$K,PLAN!$V:$V,Sheet1!$A16,PLAN!$W:$W,Sheet1!$G$1) -> 0 | H16: =SUMIFS(PLAN!$K:$K,PLAN!$V:$V,Sheet1!$A16,PLAN!$W:$W,Sheet1!$H$1) -> 0 | I16: =SUMIFS(PLAN!$K:$K,PLAN!$V:$V,Sheet1!$A16,PLAN!$W:$W,Sheet1!$I$1) -> 0 | J16: =SUMIFS(PLAN!$K:$K,PLAN!$V:$V,Sheet1!$A16,PLAN!$W:$W,Sheet1!$J$1) -> 0 | K16: =SUMIFS(PLAN!$K:$K,PLAN!$V:$V,Sheet1!$A16,PLAN!$W:$W,Sheet1!$K$1) -> 0 | L16: =SUMIFS(PLAN!$K:$K,PLAN!$V:$V,Sheet1!$A16,PLAN!$W:$W,Sheet1!$L$1) -> 0 | M16: =SUMIFS(PLAN!$K:$K,PLAN!$V:$V,Sheet1!$A16,PLAN!$W:$W,Sheet1!$M$1) -> 0 | N16: =SUMIFS(PLAN!$K:$K,PLAN!$V:$V,Sheet1!$A16,PLAN!$W:$W,Sheet1!$N$1) -> 0 | O16: =SUM(B16:N16) -> 0
... A117: 46289 | B117: =SUMIFS(PLAN!$K:$K,PLAN!$V:$V,Sheet1!$A117,PLAN!$W:$W,Sheet1!$B$1) -> 0 | C117: =SUMIFS(PLAN!$K:$K,PLAN!$V:$V,Sheet1!$A117,PLAN!$W:$W,Sheet1!$C$1) -> 0 | D117: =SUMIFS(PLAN!$K:$K,PLAN!$V:$V,Sheet1!$A117,PLAN!$W:$W,Sheet1!$D$1) -> 0 | E117: =SUMIFS(PLAN!$K:$K,PLAN!$V:$V,Sheet1!$A117,PLAN!$W:$W,Sheet1!$E$1) -> 0 | F117: =SUMIFS(PLAN!$K:$K,PLAN!$V:$V,Sheet1!$A117,PLAN!$W:$W,Sheet1!$F$1) -> 0 | G117: =SUMIFS(PLAN!$K:$K,PLAN!$V:$V,Sheet1!$A117,PLAN!$W:$W,Sheet1!$G$1) -> 0 | H117: =SUMIFS(PLAN!$K:$K,PLAN!$V:$V,Sheet1!$A117,PLAN!$W:$W,Sheet1!$H$1) -> 0 | I117: =SUMIFS(PLAN!$K:$K,PLAN!$V:$V,Sheet1!$A117,PLAN!$W:$W,Sheet1!$I$1) -> 0 | J117: =SUMIFS(PLAN!$K:$K,PLAN!$V:$V,Sheet1!$A117,PLAN!$W:$W,Sheet1!$J$1) -> 0 | K117: =SUMIFS(PLAN!$K:$K,PLAN!$V:$V,Sheet1!$A117,PLAN!$W:$W,Sheet1!$K$1) -> 0 | L117: =SUMIFS(PLAN!$K:$K,PLAN!$V:$V,Sheet1!$A117,PLAN!$W:$W,Sheet1!$L$1) -> 0 | M117: =SUMIFS(PLAN!$K:$K,PLAN!$V:$V,Sheet1!$A117,PLAN!$W:$W,Sheet1!$M$1) -> 0 | N117: =SUMIFS(PLAN!$K:$K,PLAN!$V:$V,Sheet1!$A117,PLAN!$W:$W,Sheet1!$N$1) -> 0 | O117: =SUM(B117:N117) -> 0
A118: 46290 | B118: =SUMIFS(PLAN!$K:$K,PLAN!$V:$V,Sheet1!$A118,PLAN!$W:$W,Sheet1!$B$1) -> 0 | C118: =SUMIFS(PLAN!$K:$K,PLAN!$V:$V,Sheet1!$A118,PLAN!$W:$W,Sheet1!$C$1) -> 0 | D118: =SUMIFS(PLAN!$K:$K,PLAN!$V:$V,Sheet1!$A118,PLAN!$W:$W,Sheet1!$D$1) -> 0 | E118: =SUMIFS(PLAN!$K:$K,PLAN!$V:$V,Sheet1!$A118,PLAN!$W:$W,Sheet1!$E$1) -> 0 | F118: =SUMIFS(PLAN!$K:$K,PLAN!$V:$V,Sheet1!$A118,PLAN!$W:$W,Sheet1!$F$1) -> 0 | G118: =SUMIFS(PLAN!$K:$K,PLAN!$V:$V,Sheet1!$A118,PLAN!$W:$W,Sheet1!$G$1) -> 0 | H118: =SUMIFS(PLAN!$K:$K,PLAN!$V:$V,Sheet1!$A118,PLAN!$W:$W,Sheet1!$H$1) -> 0 | I118: =SUMIFS(PLAN!$K:$K,PLAN!$V:$V,Sheet1!$A118,PLAN!$W:$W,Sheet1!$I$1) -> 0 | J118: =SUMIFS(PLAN!$K:$K,PLAN!$V:$V,Sheet1!$A118,PLAN!$W:$W,Sheet1!$J$1) -> 0 | K118: =SUMIFS(PLAN!$K:$K,PLAN!$V:$V,Sheet1!$A118,PLAN!$W:$W,Sheet1!$K$1) -> 0 | L118: =SUMIFS(PLAN!$K:$K,PLAN!$V:$V,Sheet1!$A118,PLAN!$W:$W,Sheet1!$L$1) -> 0 | M118: =SUMIFS(PLAN!$K:$K,PLAN!$V:$V,Sheet1!$A118,PLAN!$W:$W,Sheet1!$M$1) -> 0 | N118: =SUMIFS(PLAN!$K:$K,PLAN!$V:$V,Sheet1!$A118,PLAN!$W:$W,Sheet1!$N$1) -> 0 | O118: =SUM(B118:N118) -> 0 | Y118: 11134343 | Z118: VNM0 | AA118: MJ03
A119: 46291 | B119: =SUMIFS(PLAN!$K:$K,PLAN!$V:$V,Sheet1!$A119,PLAN!$W:$W,Sheet1!$B$1) -> 0 | C119: =SUMIFS(PLAN!$K:$K,PLAN!$V:$V,Sheet1!$A119,PLAN!$W:$W,Sheet1!$C$1) -> 0 | D119: =SUMIFS(PLAN!$K:$K,PLAN!$V:$V,Sheet1!$A119,PLAN!$W:$W,Sheet1!$D$1) -> 0 | E119: =SUMIFS(PLAN!$K:$K,PLAN!$V:$V,Sheet1!$A119,PLAN!$W:$W,Sheet1!$E$1) -> 0 | F119: =SUMIFS(PLAN!$K:$K,PLAN!$V:$V,Sheet1!$A119,PLAN!$W:$W,Sheet1!$F$1) -> 0 | G119: =SUMIFS(PLAN!$K:$K,PLAN!$V:$V,Sheet1!$A119,PLAN!$W:$W,Sheet1!$G$1) -> 0 | H119: =SUMIFS(PLAN!$K:$K,PLAN!$V:$V,Sheet1!$A119,PLAN!$W:$W,Sheet1!$H$1) -> 0 | I119: =SUMIFS(PLAN!$K:$K,PLAN!$V:$V,Sheet1!$A119,PLAN!$W:$W,Sheet1!$I$1) -> 0 | J119: =SUMIFS(PLAN!$K:$K,PLAN!$V:$V,Sheet1!$A119,PLAN!$W:$W,Sheet1!$J$1) -> 0 | K119: =SUMIFS(PLAN!$K:$K,PLAN!$V:$V,Sheet1!$A119,PLAN!$W:$W,Sheet1!$K$1) -> 0 | L119: =SUMIFS(PLAN!$K:$K,PLAN!$V:$V,Sheet1!$A119,PLAN!$W:$W,Sheet1!$L$1) -> 0 | M119: =SUMIFS(PLAN!$K:$K,PLAN!$V:$V,Sheet1!$A119,PLAN!$W:$W,Sheet1!$M$1) -> 0 | N119: =SUMIFS(PLAN!$K:$K,PLAN!$V:$V,Sheet1!$A119,PLAN!$W:$W,Sheet1!$N$1) -> 0 | O119: =SUM(B119:N119) -> 0 | Y119: 11134344 | Z119: VNM0 | AA119: MJ03
A120: 46292 | B120: =SUMIFS(PLAN!$K:$K,PLAN!$V:$V,Sheet1!$A120,PLAN!$W:$W,Sheet1!$B$1) -> 0 | C120: =SUMIFS(PLAN!$K:$K,PLAN!$V:$V,Sheet1!$A120,PLAN!$W:$W,Sheet1!$C$1) -> 0 | D120: =SUMIFS(PLAN!$K:$K,PLAN!$V:$V,Sheet1!$A120,PLAN!$W:$W,Sheet1!$D$1) -> 0 | E120: =SUMIFS(PLAN!$K:$K,PLAN!$V:$V,Sheet1!$A120,PLAN!$W:$W,Sheet1!$E$1) -> 0 | F120: =SUMIFS(PLAN!$K:$K,PLAN!$V:$V,Sheet1!$A120,PLAN!$W:$W,Sheet1!$F$1) -> 0 | G120: =SUMIFS(PLAN!$K:$K,PLAN!$V:$V,Sheet1!$A120,PLAN!$W:$W,Sheet1!$G$1) -> 0 | H120: =SUMIFS(PLAN!$K:$K,PLAN!$V:$V,Sheet1!$A120,PLAN!$W:$W,Sheet1!$H$1) -> 0 | I120: =SUMIFS(PLAN!$K:$K,PLAN!$V:$V,Sheet1!$A120,PLAN!$W:$W,Sheet1!$I$1) -> 0 | J120: =SUMIFS(PLAN!$K:$K,PLAN!$V:$V,Sheet1!$A120,PLAN!$W:$W,Sheet1!$J$1) -> 0 | K120: =SUMIFS(PLAN!$K:$K,PLAN!$V:$V,Sheet1!$A120,PLAN!$W:$W,Sheet1!$K$1) -> 0 | L120: =SUMIFS(PLAN!$K:$K,PLAN!$V:$V,Sheet1!$A120,PLAN!$W:$W,Sheet1!$L$1) -> 0 | M120: =SUMIFS(PLAN!$K:$K,PLAN!$V:$V,Sheet1!$A120,PLAN!$W:$W,Sheet1!$M$1) -> 0 | N120: =SUMIFS(PLAN!$K:$K,PLAN!$V:$V,Sheet1!$A120,PLAN!$W:$W,Sheet1!$N$1) -> 0 | O120: =SUM(B120:N120) -> 0 | Y120: 11134345 | Z120: VNM0 | AA120: MJ03
A121: 46293 | B121: =SUMIFS(PLAN!$K:$K,PLAN!$V:$V,Sheet1!$A121,PLAN!$W:$W,Sheet1!$B$1) -> 0 | C121: =SUMIFS(PLAN!$K:$K,PLAN!$V:$V,Sheet1!$A121,PLAN!$W:$W,Sheet1!$C$1) -> 0 | D121: =SUMIFS(PLAN!$K:$K,PLAN!$V:$V,Sheet1!$A121,PLAN!$W:$W,Sheet1!$D$1) -> 0 | E121: =SUMIFS(PLAN!$K:$K,PLAN!$V:$V,Sheet1!$A121,PLAN!$W:$W,Sheet1!$E$1) -> 0 | F121: =SUMIFS(PLAN!$K:$K,PLAN!$V:$V,Sheet1!$A121,PLAN!$W:$W,Sheet1!$F$1) -> 0 | G121: =SUMIFS(PLAN!$K:$K,PLAN!$V:$V,Sheet1!$A121,PLAN!$W:$W,Sheet1!$G$1) -> 0 | H121: =SUMIFS(PLAN!$K:$K,PLAN!$V:$V,Sheet1!$A121,PLAN!$W:$W,Sheet1!$H$1) -> 0 | I121: =SUMIFS(PLAN!$K:$K,PLAN!$V:$V,Sheet1!$A121,PLAN!$W:$W,Sheet1!$I$1) -> 0 | J121: =SUMIFS(PLAN!$K:$K,PLAN!$V:$V,Sheet1!$A121,PLAN!$W:$W,Sheet1!$J$1) -> 0 | K121: =SUMIFS(PLAN!$K:$K,PLAN!$V:$V,Sheet1!$A121,PLAN!$W:$W,Sheet1!$K$1) -> 0 | L121: =SUMIFS(PLAN!$K:$K,PLAN!$V:$V,Sheet1!$A121,PLAN!$W:$W,Sheet1!$L$1) -> 0 | M121: =SUMIFS(PLAN!$K:$K,PLAN!$V:$V,Sheet1!$A121,PLAN!$W:$W,Sheet1!$M$1) -> 0 | N121: =SUMIFS(PLAN!$K:$K,PLAN!$V:$V,Sheet1!$A121,PLAN!$W:$W,Sheet1!$N$1) -> 0 | O121: =SUM(B121:N121) -> 0 | Y121: 11134346 | Z121: VNM0 | AA121: MJ03
A122: 46294 | B122: =SUMIFS(PLAN!$K:$K,PLAN!$V:$V,Sheet1!$A122,PLAN!$W:$W,Sheet1!$B$1) -> 0 | C122: =SUMIFS(PLAN!$K:$K,PLAN!$V:$V,Sheet1!$A122,PLAN!$W:$W,Sheet1!$C$1) -> 0 | D122: =SUMIFS(PLAN!$K:$K,PLAN!$V:$V,Sheet1!$A122,PLAN!$W:$W,Sheet1!$D$1) -> 0 | E122: =SUMIFS(PLAN!$K:$K,PLAN!$V:$V,Sheet1!$A122,PLAN!$W:$W,Sheet1!$E$1) -> 0 | F122: =SUMIFS(PLAN!$K:$K,PLAN!$V:$V,Sheet1!$A122,PLAN!$W:$W,Sheet1!$F$1) -> 0 | G122: =SUMIFS(PLAN!$K:$K,PLAN!$V:$V,Sheet1!$A122,PLAN!$W:$W,Sheet1!$G$1) -> 0 | H122: =SUMIFS(PLAN!$K:$K,PLAN!$V:$V,Sheet1!$A122,PLAN!$W:$W,Sheet1!$H$1) -> 0 | I122: =SUMIFS(PLAN!$K:$K,PLAN!$V:$V,Sheet1!$A122,PLAN!$W:$W,Sheet1!$I$1) -> 0 | J122: =SUMIFS(PLAN!$K:$K,PLAN!$V:$V,Sheet1!$A122,PLAN!$W:$W,Sheet1!$J$1) -> 0 | K122: =SUMIFS(PLAN!$K:$K,PLAN!$V:$V,Sheet1!$A122,PLAN!$W:$W,Sheet1!$K$1) -> 0 | L122: =SUMIFS(PLAN!$K:$K,PLAN!$V:$V,Sheet1!$A122,PLAN!$W:$W,Sheet1!$L$1) -> 0 | M122: =SUMIFS(PLAN!$K:$K,PLAN!$V:$V,Sheet1!$A122,PLAN!$W:$W,Sheet1!$M$1) -> 0 | N122: =SUMIFS(PLAN!$K:$K,PLAN!$V:$V,Sheet1!$A122,PLAN!$W:$W,Sheet1!$N$1) -> 0 | O122: =SUM(B122:N122) -> 0 | Y122: 11134347 | Z122: VNM0 | AA122: MJ03
A123: 46295 | B123: =SUMIFS(PLAN!$K:$K,PLAN!$V:$V,Sheet1!$A123,PLAN!$W:$W,Sheet1!$B$1) -> 0 | C123: =SUMIFS(PLAN!$K:$K,PLAN!$V:$V,Sheet1!$A123,PLAN!$W:$W,Sheet1!$C$1) -> 0 | D123: =SUMIFS(PLAN!$K:$K,PLAN!$V:$V,Sheet1!$A123,PLAN!$W:$W,Sheet1!$D$1) -> 0 | E123: =SUMIFS(PLAN!$K:$K,PLAN!$V:$V,Sheet1!$A123,PLAN!$W:$W,Sheet1!$E$1) -> 0 | F123: =SUMIFS(PLAN!$K:$K,PLAN!$V:$V,Sheet1!$A123,PLAN!$W:$W,Sheet1!$F$1) -> 0 | G123: =SUMIFS(PLAN!$K:$K,PLAN!$V:$V,Sheet1!$A123,PLAN!$W:$W,Sheet1!$G$1) -> 0 | H123: =SUMIFS(PLAN!$K:$K,PLAN!$V:$V,Sheet1!$A123,PLAN!$W:$W,Sheet1!$H$1) -> 0 | I123: =SUMIFS(PLAN!$K:$K,PLAN!$V:$V,Sheet1!$A123,PLAN!$W:$W,Sheet1!$I$1) -> 0 | J123: =SUMIFS(PLAN!$K:$K,PLAN!$V:$V,Sheet1!$A123,PLAN!$W:$W,Sheet1!$J$1) -> 0 | K123: =SUMIFS(PLAN!$K:$K,PLAN!$V:$V,Sheet1!$A123,PLAN!$W:$W,Sheet1!$K$1) -> 0 | L123: =SUMIFS(PLAN!$K:$K,PLAN!$V:$V,Sheet1!$A123,PLAN!$W:$W,Sheet1!$L$1) -> 0 | M123: =SUMIFS(PLAN!$K:$K,PLAN!$V:$V,Sheet1!$A123,PLAN!$W:$W,Sheet1!$M$1) -> 0 | N123: =SUMIFS(PLAN!$K:$K,PLAN!$V:$V,Sheet1!$A123,PLAN!$W:$W,Sheet1!$N$1) -> 0 | O123: =SUM(B123:N123) -> 0 | Y123: 11134360 | Z123: VNM0 | AA123: MJ03
A124: 46296 | B124: =SUMIFS(PLAN!$K:$K,PLAN!$V:$V,Sheet1!$A124,PLAN!$W:$W,Sheet1!$B$1) -> 0 | C124: =SUMIFS(PLAN!$K:$K,PLAN!$V:$V,Sheet1!$A124,PLAN!$W:$W,Sheet1!$C$1) -> 0 | D124: =SUMIFS(PLAN!$K:$K,PLAN!$V:$V,Sheet1!$A124,PLAN!$W:$W,Sheet1!$D$1) -> 0 | E124: =SUMIFS(PLAN!$K:$K,PLAN!$V:$V,Sheet1!$A124,PLAN!$W:$W,Sheet1!$E$1) -> 0 | F124: =SUMIFS(PLAN!$K:$K,PLAN!$V:$V,Sheet1!$A124,PLAN!$W:$W,Sheet1!$F$1) -> 0 | G124: =SUMIFS(PLAN!$K:$K,PLAN!$V:$V,Sheet1!$A124,PLAN!$W:$W,Sheet1!$G$1) -> 0 | H124: =SUMIFS(PLAN!$K:$K,PLAN!$V:$V,Sheet1!$A124,PLAN!$W:$W,Sheet1!$H$1) -> 0 | I124: =SUMIFS(PLAN!$K:$K,PLAN!$V:$V,Sheet1!$A124,PLAN!$W:$W,Sheet1!$I$1) -> 0 | J124: =SUMIFS(PLAN!$K:$K,PLAN!$V:$V,Sheet1!$A124,PLAN!$W:$W,Sheet1!$J$1) -> 0 | K124: =SUMIFS(PLAN!$K:$K,PLAN!$V:$V,Sheet1!$A124,PLAN!$W:$W,Sheet1!$K$1) -> 0 | L124: =SUMIFS(PLAN!$K:$K,PLAN!$V:$V,Sheet1!$A124,PLAN!$W:$W,Sheet1!$L$1) -> 0 | M124: =SUMIFS(PLAN!$K:$K,PLAN!$V:$V,Sheet1!$A124,PLAN!$W:$W,Sheet1!$M$1) -> 0 | N124: =SUMIFS(PLAN!$K:$K,PLAN!$V:$V,Sheet1!$A124,PLAN!$W:$W,Sheet1!$N$1) -> 0 | O124: =SUM(B124:N124) -> 0 | Y124: 11134361 | Z124: VNM0 | AA124: MJ03
A125: 46297 | B125: =SUMIFS(PLAN!$K:$K,PLAN!$V:$V,Sheet1!$A125,PLAN!$W:$W,Sheet1!$B$1) -> 0 | C125: =SUMIFS(PLAN!$K:$K,PLAN!$V:$V,Sheet1!$A125,PLAN!$W:$W,Sheet1!$C$1) -> 0 | D125: =SUMIFS(PLAN!$K:$K,PLAN!$V:$V,Sheet1!$A125,PLAN!$W:$W,Sheet1!$D$1) -> 0 | E125: =SUMIFS(PLAN!$K:$K,PLAN!$V:$V,Sheet1!$A125,PLAN!$W:$W,Sheet1!$E$1) -> 0 | F125: =SUMIFS(PLAN!$K:$K,PLAN!$V:$V,Sheet1!$A125,PLAN!$W:$W,Sheet1!$F$1) -> 0 | G125: =SUMIFS(PLAN!$K:$K,PLAN!$V:$V,Sheet1!$A125,PLAN!$W:$W,Sheet1!$G$1) -> 0 | H125: =SUMIFS(PLAN!$K:$K,PLAN!$V:$V,Sheet1!$A125,PLAN!$W:$W,Sheet1!$H$1) -> 0 | I125: =SUMIFS(PLAN!$K:$K,PLAN!$V:$V,Sheet1!$A125,PLAN!$W:$W,Sheet1!$I$1) -> 0 | J125: =SUMIFS(PLAN!$K:$K,PLAN!$V:$V,Sheet1!$A125,PLAN!$W:$W,Sheet1!$J$1) -> 0 | K125: =SUMIFS(PLAN!$K:$K,PLAN!$V:$V,Sheet1!$A125,PLAN!$W:$W,Sheet1!$K$1) -> 0 | L125: =SUMIFS(PLAN!$K:$K,PLAN!$V:$V,Sheet1!$A125,PLAN!$W:$W,Sheet1!$L$1) -> 0 | M125: =SUMIFS(PLAN!$K:$K,PLAN!$V:$V,Sheet1!$A125,PLAN!$W:$W,Sheet1!$M$1) -> 0 | N125: =SUMIFS(PLAN!$K:$K,PLAN!$V:$V,Sheet1!$A125,PLAN!$W:$W,Sheet1!$N$1) -> 0 | O125: =SUM(B125:N125) -> 0 | Y125: 11134362 | Z125: VNM0 | AA125: MJ03
A126: 46298 | B126: =SUMIFS(PLAN!$K:$K,PLAN!$V:$V,Sheet1!$A126,PLAN!$W:$W,Sheet1!$B$1) -> 0 | C126: =SUMIFS(PLAN!$K:$K,PLAN!$V:$V,Sheet1!$A126,PLAN!$W:$W,Sheet1!$C$1) -> 0 | D126: =SUMIFS(PLAN!$K:$K,PLAN!$V:$V,Sheet1!$A126,PLAN!$W:$W,Sheet1!$D$1) -> 0 | E126: =SUMIFS(PLAN!$K:$K,PLAN!$V:$V,Sheet1!$A126,PLAN!$W:$W,Sheet1!$E$1) -> 0 | F126: =SUMIFS(PLAN!$K:$K,PLAN!$V:$V,Sheet1!$A126,PLAN!$W:$W,Sheet1!$F$1) -> 0 | G126: =SUMIFS(PLAN!$K:$K,PLAN!$V:$V,Sheet1!$A126,PLAN!$W:$W,Sheet1!$G$1) -> 0 | H126: =SUMIFS(PLAN!$K:$K,PLAN!$V:$V,Sheet1!$A126,PLAN!$W:$W,Sheet1!$H$1) -> 0 | I126: =SUMIFS(PLAN!$K:$K,PLAN!$V:$V,Sheet1!$A126,PLAN!$W:$W,Sheet1!$I$1) -> 0 | J126: =SUMIFS(PLAN!$K:$K,PLAN!$V:$V,Sheet1!$A126,PLAN!$W:$W,Sheet1!$J$1) -> 0 | K126: =SUMIFS(PLAN!$K:$K,PLAN!$V:$V,Sheet1!$A126,PLAN!$W:$W,Sheet1!$K$1) -> 0 | L126: =SUMIFS(PLAN!$K:$K,PLAN!$V:$V,Sheet1!$A126,PLAN!$W:$W,Sheet1!$L$1) -> 0 | M126: =SUMIFS(PLAN!$K:$K,PLAN!$V:$V,Sheet1!$A126,PLAN!$W:$W,Sheet1!$M$1) -> 0 | N126: =SUMIFS(PLAN!$K:$K,PLAN!$V:$V,Sheet1!$A126,PLAN!$W:$W,Sheet1!$N$1) -> 0 | O126: =SUM(B126:N126) -> 0 | Y126: 11134363 | Z126: VNM0 | AA126: MJ03
